sample_id,depth_mm,age_BP,d18O,d18O_prec,Mg_Ca,Mg_Ca_prec
459281,2.5,15320.1,0.71,0.08,5.31,NA
459282,3,15371.4,0.68,0.08,5.72,NA
459283,3.5,15423,1.55,0.08,5.91,NA
459284,4,15474.7,0.93,0.08,5.14,NA
459285,4.5,15526.7,2.27,0.08,3.79,NA
459286,5,15579,2.86,0.08,3.44,NA
459287,5.5,15631.4,2.36,0.08,1.89,NA
459288,6,15683.8,2.03,0.08,2.38,NA
459289,6.5,15735.8,1.51,0.08,2.26,NA
459290,7,15787.5,1.45,0.08,2.15,NA
459291,7.5,15838.8,1.71,0.08,1.67,NA
459292,8,15889.9,1.82,0.08,1.67,NA
459293,8.5,15941,1.31,0.08,1.95,NA
459294,9,15992.2,0.96,0.08,2.53,NA
459295,9.5,16043.3,0.99,0.08,2.11,NA
459296,10,16094.4,1.78,0.08,1.92,NA
459297,10.5,16145.2,2.11,0.08,1.77,NA
459298,11,16195.7,2.01,0.08,2.13,NA
459299,11.5,16246,1.94,0.08,1.71,NA
459300,12,16296.1,1.87,0.08,2.32,NA
459301,12.5,16346,2.2,0.08,2.02,NA
459302,13,16396,1.97,0.08,1.83,NA
459303,13.5,16446.2,1.55,0.08,1.75,NA
459304,14,16496.6,1.7,0.08,1.6,NA
459305,14.5,16547.3,1.22,0.08,1.8,NA
459306,15,16598.5,1.85,0.08,1.49,NA
459307,15.5,16650.1,0.79,0.08,1.71,NA
459308,16,16702.1,0.21,0.08,1.8,NA
459309,16.5,16754.3,0.5,0.08,1.52,NA
459310,17,16806.7,-0.34,0.08,1.7,NA
459311,17.5,16859.7,0.81,0.08,1.13,NA
459312,18,16914,1.23,0.08,1.31,NA
459313,18.5,16969.9,1.07,0.08,1.24,NA
459314,19,17027.5,0.87,0.08,1.03,NA
459315,19.5,17085.6,1.57,0.08,0.98,NA
459316,20,17142.1,1.62,0.08,1.07,NA
459317,20.5,17195.4,1.12,0.08,0.88,NA
459318,21,17244.1,0.49,0.08,1,NA
459319,21.5,17288.5,0.48,0.08,1.03,NA
459320,22,17329.8,-0.13,0.08,0.99,NA
459321,22.5,17368.7,-0.15,0.08,0.86,NA
459322,23,17406.1,-0.11,0.08,1.06,NA
459323,23.5,17442.5,-0.29,0.08,1.03,NA
459324,24,17478.4,-1.12,0.08,1,NA
459325,24.5,17514.3,-0.07,0.08,1,NA
459326,25,17550.2,0.33,0.08,1.03,NA
459327,25.5,17585.8,-0.59,0.08,0.99,NA
459328,26,17620.4,-1.17,0.08,0.98,NA
459329,26.5,17653.3,-0.57,0.08,1.06,NA
459330,27,17683.8,-0.59,0.08,0.99,NA
459331,27.5,17710.1,-0.47,0.08,1.18,NA
459332,28,17730.5,-0.17,0.08,1.1,NA
459333,28.5,17742.9,-0.23,0.08,1,NA
459334,29,17744.9,0.05,0.08,1.1,NA
459335,29.5,17745.6,-0.03,0.08,1.03,NA
459336,30,17746.2,-0.23,0.08,0.95,NA
459337,30.5,17746.9,-0.57,0.08,0.97,NA
459338,31,17747.5,-0.33,0.08,1.05,NA
459339,31.5,17757.5,-0.68,0.08,1.03,NA
459340,32,17771.1,-0.88,0.08,1.11,NA
459341,32.5,17786.8,-0.75,0.08,1.24,NA
459342,33,17803.6,-0.68,0.08,0.96,NA
459343,33.5,17821.1,-1.61,0.08,0.98,NA
459344,34,17839.4,-1.05,0.08,0.98,NA
459345,34.5,17858.3,-0.37,0.08,1.04,NA
459346,35,17877.8,-0.45,0.08,1.12,NA
459347,35.5,17897.8,-0.56,0.08,1.07,NA
459348,36,17917.8,-0.44,0.08,1.13,NA
459349,36.5,17937.7,-0.79,0.08,1.02,NA
459350,37,17957.3,-0.65,0.08,1.06,NA
459351,37.5,17976.6,-0.37,0.08,1,NA
459352,38,17995.9,-0.38,0.08,0.99,NA
459353,38.5,18015.4,-1.57,0.08,0.93,NA
459354,39,18035.3,-1.6,0.08,0.9,NA
459355,39.5,18055.4,-0.93,0.08,0.97,NA
459356,40,18075.6,-0.89,0.08,0.98,NA
459357,40.5,18095.9,-1.08,0.08,1,NA
459358,41,18116.1,-0.82,0.08,1,NA
459359,41.5,18136.3,-0.67,0.08,1,NA
459360,42,18156.5,-0.93,0.08,0.98,NA
459361,42.5,18176.9,-0.67,0.08,1.01,NA
459362,43,18197.3,-0.61,0.08,0.94,NA
459363,43.5,18217.9,-0.84,0.08,1.05,NA
459364,44,18238.3,-1.13,0.08,1.01,NA
459365,44.5,18258.5,-1.04,0.08,0.97,NA
459366,45,18278.4,-0.82,0.08,1.02,NA
459367,45.5,18298,-0.87,0.08,1.08,NA
459368,46,18317.4,-0.86,0.08,1.08,NA
459369,46.5,18336.8,-0.85,0.08,1.05,NA
459370,47,18356.2,-0.81,0.08,0.97,NA
459371,47.5,18375.7,-0.68,0.08,1.26,NA
459372,48,18395.3,-0.62,0.08,1.03,NA
459373,48.5,18414.9,-0.43,0.08,1.09,NA
459374,49,18434.7,-0.43,0.08,1.13,NA
459375,49.5,18454.4,-0.3,0.08,1.14,NA
459376,50,18473.9,-0.36,0.08,1,NA
459377,50.5,18493.3,-0.59,0.08,1.08,NA
459378,51,18512.3,-0.26,0.08,1.05,NA
459379,51.5,18531.3,-0.52,0.08,1,NA
459380,52,18550.3,-0.65,0.08,1,NA
459381,52.5,18569.7,-0.81,0.08,0.97,NA
459382,53,18589.7,-0.8,0.08,1.25,NA
459383,53.5,18610,-0.57,0.08,1.08,NA
459384,54,18630.6,-0.66,0.08,1.13,NA
459385,54.5,18651.2,-0.67,0.08,1.14,NA
459386,55,18671.9,0.41,0.08,1.12,NA
459387,55.5,18692.9,-0.42,0.08,1.1,NA
459388,56,18714.8,-0.21,0.08,1.51,NA
459389,56.5,18738,-0.42,0.08,1.33,NA
459390,57,18763,-0.61,0.08,1.24,NA
459391,57.5,18789.8,-0.51,0.08,1.27,NA
459392,58,18818.4,0.08,0.08,1.27,NA
459393,58.5,18848.7,0.43,0.08,1.25,NA
459394,59,18880.4,-0.01,0.08,1.18,NA
459395,59.5,18912.5,-0.18,0.08,1.28,NA
459396,60,18943.7,-0.18,0.08,1.11,NA
459397,60.5,18972.7,0.1,0.08,1.71,NA
459398,61,18998.4,-0.43,0.08,1.14,NA
459399,61.5,19021,-0.52,0.08,1.15,NA
459400,62,19040.8,-0.55,0.08,1.2,NA
459401,62.5,19058.4,0.05,0.08,1.09,NA
459402,63,19074,-0.71,0.08,1.14,NA
459403,63.5,19088.1,-0.81,0.08,1.07,NA
459404,64,19101.2,-0.88,0.08,1.15,NA
459405,64.5,19113.7,-0.65,0.08,1.08,NA
459406,65,19126,-0.52,0.08,1.12,NA
459407,65.5,19138.4,0.5,0.08,0.97,NA
459408,66,19150.8,-0.31,0.08,1.12,NA
459409,66.5,19163.5,-0.77,0.08,1.05,NA
459410,67,19176.5,-0.89,0.08,1.01,NA
459411,67.5,19189.5,-0.65,0.08,1.13,NA
459412,68,19202.4,-0.46,0.08,1.01,NA
459413,68.5,19214.7,-0.65,0.08,1.01,NA
459414,69,19226.3,-1.14,0.08,1.07,NA
459415,69.5,19236.9,-0.8,0.08,1.19,NA
459416,70,19246.3,-0.35,0.08,1.07,NA
459417,70.5,19254.3,-0.8,0.08,1.12,NA
459418,71,19260.8,-0.63,0.08,1.1,NA
459419,71.5,19266.1,-0.81,0.08,1.11,NA
459420,72,19270.6,-0.71,0.08,1.15,NA
459421,72.5,19274.5,-0.67,0.08,1.06,NA
459422,73,19278.3,-0.76,0.08,1.05,NA
459423,73.5,19282,-0.72,0.08,1.12,NA
459424,74,19285.6,-0.57,0.08,1.12,NA
459425,74.5,19289.3,-0.66,0.08,1.25,NA
459426,75,19293.1,-0.49,0.08,1.2,NA
459427,75.5,19296.9,-0.39,0.08,1.17,NA
459428,76,19300.9,-0.41,0.08,1.1,NA
459429,76.5,19304.9,-0.55,0.08,1.1,NA
459430,77,19309,-0.71,0.08,1.11,NA
459431,77.5,19312.9,-0.85,0.08,1.15,NA
459432,78,19316.6,-0.54,0.08,1.04,NA
459433,78.5,19319.8,-0.7,0.08,1.01,NA
459434,79,19322.5,-0.68,0.08,0.93,NA
459435,79.5,19324.5,-0.73,0.08,1.07,NA
459436,80,19326.1,-0.77,0.08,1.22,NA
459437,80.5,19327.1,-0.96,0.08,1.38,NA
459438,81,19327.8,-0.82,0.08,1.18,NA
459439,81.5,19328.2,-0.61,0.08,1.16,NA
459440,82,19328.7,-0.28,0.08,1.03,NA
459441,82.5,19329.3,0.01,0.08,1.05,NA
459442,83,19330.4,-0.79,0.08,1.12,NA
459443,83.5,19331.9,-1.09,0.08,1.07,NA
459444,84,19333.9,-1.1,0.08,1.04,NA
459445,85.5,19343.5,-0.73,0.08,0.96,NA
459446,86,19348.2,-0.9,0.08,1.09,NA
459447,86.5,19354,-0.83,0.08,1,NA
459448,87,19360.9,-1.32,0.08,1.04,NA
459449,87.5,19368.5,-0.76,0.08,1.15,NA
459450,88,19376.5,-0.8,0.08,0.99,NA
459451,88.5,19384.5,-0.47,0.08,1.02,NA
459452,89,19392.1,-0.34,0.08,1.08,NA
459453,89.5,19399.6,-0.57,0.08,1.15,NA
459454,90,19407.4,-0.45,0.08,1.19,NA
459455,90.5,19415.8,-0.73,0.08,1.08,NA
459456,91,19425.1,-0.56,0.08,1.11,NA
459457,91.5,19435.2,-0.51,0.08,1.15,NA
459458,92,19446,-0.38,0.08,1.14,NA
459459,92.5,19457.3,-0.42,0.08,1.17,NA
459460,93,19469,-0.36,0.08,0.99,NA
459461,93.5,19480.8,-0.58,0.08,1.18,NA
459462,94,19492.6,-0.51,0.08,1,NA
459463,94.5,19504.3,-0.77,0.08,0.95,NA
459464,95,19515.6,-0.32,0.08,1.14,NA
459465,95.5,19526.8,-0.35,0.08,1.21,NA
459466,96,19538.1,-0.49,0.08,1.13,NA
459467,96.5,19549.6,-0.25,0.08,1.21,NA
459468,97,19561.4,-0.28,0.08,1.24,NA
459469,97.5,19573.6,-0.29,0.08,1.29,NA
459470,98,19586.2,-0.35,0.08,1.21,NA
459471,98.5,19598.9,-0.11,0.08,1.32,NA
459472,99,19611.8,-0.34,0.08,1.33,NA
459473,99.5,19624.8,-0.23,0.08,1.15,NA
459474,100,19637.9,-0.17,0.08,1.11,NA
459475,100.5,19651.1,-0.04,0.08,1.11,NA
459476,101,19664.4,-0.42,0.08,1.15,NA
459477,101.5,19677.5,-0.57,0.08,1.18,NA
459478,102,19690.6,-0.69,0.08,1.37,NA
459479,102.5,19703.5,-0.55,0.08,1.24,NA
459480,103,19716.2,-0.66,0.08,1.24,NA
459481,103.5,19728.9,-0.53,0.08,1.35,NA
459482,104,19741.9,-0.47,0.08,1.18,NA
459483,104.5,19755.5,-0.34,0.08,1.25,NA
459484,105,19769.8,-0.06,0.08,1.44,NA
459485,105.5,19784.3,-0.62,0.08,1.23,NA
459486,106,19798.5,0.02,0.08,1.31,NA
459487,106.5,19811.7,-0.08,0.08,1.05,NA
459488,107,19823.9,-0.3,0.08,1.2,NA
459489,107.5,19836.7,-0.44,0.08,0.98,NA
459490,108,19852.2,-0.82,0.08,0.95,NA
459491,108.5,19872.6,-0.64,0.08,0.94,NA
459492,109,19899.7,-0.98,0.08,1.18,NA
459493,109.5,19933.6,-0.85,0.08,1.02,NA
459494,110,19974.4,-0.7,0.08,1.14,NA
459495,110.5,20021.9,-1.02,0.08,NA,NA
459496,111,20075.1,-0.54,0.08,1.47,NA
459497,111.5,20129.7,-0.61,0.08,1.26,NA
459498,112,20180.5,-0.24,0.08,1.01,NA
459499,112.5,20222.2,0.53,0.08,1,NA
459500,113,20251.3,0.09,0.08,1.04,NA
459501,113.5,20269.9,-0.47,0.08,1.04,NA
459502,114,20281.9,-0.71,0.08,0.98,NA
459503,114.5,20291.2,-0.78,0.08,0.96,NA
459504,115,20300.8,-0.83,0.08,0.94,NA
459505,115.5,20310.8,-0.79,0.08,1,NA
459506,116,20320.8,-0.94,0.08,1.04,NA
459507,116.5,20330.1,-0.72,0.08,1,NA
459508,117,20338.2,-0.78,0.08,0.96,NA
459509,117.5,20345.5,-0.78,0.08,0.97,NA
459510,118,20352.4,-0.92,0.08,1.03,NA
459511,118.5,20359.4,-1.01,0.08,1.12,NA
459512,119,20366.7,-1,0.08,1.04,NA
459513,119.5,20374.2,-0.99,0.08,1.02,NA
459514,120,20381.5,-1.02,0.08,1.08,NA
459515,120.5,20388.4,-0.77,0.08,0.98,NA
459516,121,20394.5,-0.93,0.08,1.06,NA
459517,121.5,20400,-0.85,0.08,0.96,NA
459518,122,20405.2,-1.03,0.08,1.03,NA
459519,122.5,20410.2,-0.91,0.08,0.99,NA
459520,123,20415.2,-0.74,0.08,1.07,NA
459521,123.5,20420.3,-0.78,0.08,0.96,NA
459522,124,20425.3,-0.87,0.08,1.14,NA
459523,124.5,20430.4,-0.65,0.08,1.11,NA
459524,125,20435.3,-0.58,0.08,1.25,NA
459525,125.5,20440.2,-0.72,0.08,1.18,NA
459526,126,20445.2,-0.66,0.08,1.07,NA
459527,126.5,20450.3,-0.53,0.08,1.16,NA
459528,127,20455.6,-0.17,0.08,1.22,NA
459529,127.5,20461,0.09,0.08,1.08,NA
459530,128,20466.3,-0.1,0.08,1.16,NA
459531,128.5,20471.5,-0.25,0.08,1.13,NA
459532,129,20476.5,-0.09,0.08,1.3,NA
459533,129.5,20481.2,-0.11,0.08,1.18,NA
459534,130,20485.9,-0.04,0.08,1.12,NA
459535,130.5,20490.6,-0.42,0.08,1.01,NA
459536,131,20495.4,-0.3,0.08,1.02,NA
459537,131.5,20500.3,0.04,0.08,1,NA
459538,132,20505.3,0.26,0.08,1.06,NA
459539,132.5,20510.3,-0.33,0.08,1.14,NA
459540,133,20515.2,-0.45,0.08,0.96,NA
459541,133.5,20520.1,0.08,0.08,1.06,NA
459542,134,20524.9,-0.07,0.08,1.12,NA
459543,134.5,20529.7,-0.38,0.08,1.07,NA
459544,135,20534.5,-0.75,0.08,0.93,NA
459545,135.5,20539.3,-0.68,0.08,0.99,NA
459546,136,20544.1,-0.88,0.08,1.01,NA
459547,136.5,20548.9,-1.45,0.08,0.92,NA
459548,137,20553.7,-1.52,0.08,0.92,NA
459549,137.5,20558.5,-1.28,0.08,0.98,NA
459550,138,20563.4,-1.24,0.08,0.91,NA
459551,138.5,20568.3,-1.28,0.08,0.97,NA
459552,139,20573.3,-1.47,0.08,0.88,NA
459553,139.5,20578.3,-1.35,0.08,0.9,NA
459554,140,20583.3,-1.44,0.08,0.96,NA
459555,140.5,20588.3,-1.33,0.08,0.91,NA
459556,141,20593.2,-1.04,0.08,1.01,NA
459557,141.5,20598,-1.21,0.08,0.91,NA
459558,142,20602.9,-1.55,0.08,0.92,NA
459559,142.5,20607.8,-1.52,0.08,1,NA
459560,143,20612.8,-1.31,0.08,0.87,NA
459561,143.5,20617.9,-1.34,0.08,0.98,NA
459562,144,20623,-1.34,0.08,0.87,NA
459563,144.5,20628.1,-1.23,0.08,0.86,NA
459564,145,20633.3,-1.25,0.08,0.86,NA
459565,145.5,20638.5,-1.43,0.08,0.86,NA
459566,146,20643.8,-1.37,0.08,0.85,NA
459567,146.5,20649.2,-1.29,0.08,0.85,NA
459568,147,20654.6,-1.06,0.08,0.85,NA
459569,147.5,20660.1,-0.86,0.08,0.85,NA
459570,148,20665.7,-1.14,0.08,0.85,NA
459571,148.5,20671.3,-1.58,0.08,0.85,NA
459572,149,20676.8,-1.31,0.08,0.85,NA
459573,151.5,20704.8,-0.66,0.08,0.83,NA
459574,152,20710.5,-0.74,0.08,0.84,NA
459575,152.5,20716.2,-1.23,0.08,1.07,NA
459576,153,20721.9,-0.85,0.08,0.89,NA
459577,153.5,20727.7,-0.77,0.08,0.84,NA
459578,154,20733.4,-0.95,0.08,0.84,NA
459579,154.5,20739,-1.21,0.08,0.89,NA
459580,155,20744.6,-1.23,0.08,0.86,NA
459581,155.5,20750.1,-1.03,0.08,0.85,NA
459582,156,20755.6,-0.85,0.08,0.82,NA
459583,156.5,20761.2,-0.94,0.08,0.84,NA
459584,157,20766.9,-0.8,0.08,0.9,NA
459585,157.5,20772.7,-0.82,0.08,0.84,NA
459586,158,20778.6,-1.1,0.08,0.89,NA
459587,158.5,20784.6,-1.01,0.08,0.91,NA
459588,159,20790.6,-1.13,0.08,0.81,NA
459589,159.5,20796.7,-0.94,0.08,0.83,NA
459590,160,20802.7,-0.88,0.08,0.93,NA
459591,160.5,20808.5,-0.91,0.08,0.85,NA
459592,161,20814.3,-0.72,0.08,0.88,NA
459593,161.5,20819.9,-0.48,0.08,0.83,NA
459594,162,20825.5,-0.71,0.08,0.79,NA
459595,162.5,20831.2,-0.74,0.08,0.83,NA
459596,163,20836.9,-0.77,0.08,0.86,NA
459597,163.5,20842.7,-0.77,0.08,0.86,NA
459598,164,20848.5,-0.91,0.08,0.8,NA
459599,164.5,20854.3,-1.08,0.08,0.86,NA
459600,165,20860,-0.93,0.08,1.01,NA
459601,165.5,20865.7,-0.65,0.08,0.98,NA
459602,166,20871.4,-0.62,0.08,0.87,NA
459603,166.5,20877.3,-1.03,0.08,0.88,NA
459604,167,20883.2,-0.84,0.08,0.83,NA
459605,167.5,20889.3,-0.97,0.08,0.87,NA
459606,168,20895.4,-0.74,0.08,0.95,NA
459607,168.5,20901.4,-0.96,0.08,0.91,NA
459608,169,20907.2,-1.04,0.08,0.89,NA
459609,169.5,20912.9,-0.84,0.08,0.88,NA
459610,170,20918.6,-0.91,0.08,0.81,NA
459611,170.5,20924.4,-1.13,0.08,0.82,NA
459612,171,20930.2,-1.08,0.08,0.84,NA
459613,171.5,20936.1,-1.06,0.08,0.83,NA
459614,172,20942.1,-1.02,0.08,1.03,NA
459615,172.5,20948,-0.81,0.08,0.79,NA
459616,173,20954,-0.56,0.08,1.24,NA
459617,173.5,20959.9,-0.81,0.08,1.24,NA
459618,174,20965.8,-1.1,0.08,0.84,NA
459619,174.5,20971.8,-1.12,0.08,0.78,NA
459620,175,20977.8,-1.12,0.08,0.78,NA
459621,175.5,20983.7,-0.95,0.08,0.76,NA
459622,176,20989.7,-1,0.08,0.82,NA
459623,176.5,20995.5,-0.82,0.08,0.87,NA
459624,177,21001.3,-1.02,0.08,0.84,NA
459625,177.5,21006.9,-0.81,0.08,0.79,NA
459626,178,21012.5,-0.68,0.08,0.88,NA
459627,178.5,21018.2,-0.86,0.08,0.81,NA
459628,179,21023.8,-0.74,0.08,0.8,NA
459629,179.5,21029.5,-0.8,0.08,0.76,NA
459630,180,21035.2,-1.13,0.08,0.75,NA
459631,180.5,21041,-1.25,0.08,0.82,NA
459632,181,21046.8,-1.06,0.08,0.74,NA
459633,181.5,21052.7,-0.93,0.08,0.79,NA
459634,182,21058.6,-1.05,0.08,0.91,NA
459635,182.5,21064.4,-1.02,0.08,0.78,NA
459636,183,21070.2,-0.88,0.08,0.88,NA
459637,183.5,21075.9,-0.9,0.08,0.94,NA
459638,184,21081.7,-0.95,0.08,0.82,NA
459639,184.5,21087.4,-1.06,0.08,0.9,NA
459640,185,21093.2,-1.02,0.08,0.89,NA
459641,185.5,21099,-1.06,0.08,0.83,NA
459642,186,21104.7,-1.19,0.08,0.85,NA
459643,186.5,21110.4,-1.37,0.08,0.79,NA
459644,187,21116,-1.16,0.08,0.85,NA
459645,187.5,21121.4,-1,0.08,0.85,NA
459646,188,21126.9,-1.24,0.08,0.96,NA
459647,188.5,21132.4,-0.79,0.08,0.9,NA
459648,189,21138,-0.54,0.08,0.87,NA
459649,189.5,21143.6,-0.83,0.08,0.82,NA
459650,190,21149.2,-0.64,0.08,0.75,NA
459651,190.5,21154.9,-1.02,0.08,0.93,NA
459652,191,21160.5,-0.93,0.08,1.02,NA
459653,191.5,21166.2,-0.65,0.08,0.85,NA
459654,192,21171.8,-0.48,0.08,0.92,NA
459655,192.5,21177.6,-1.14,0.08,0.93,NA
459656,193,21183.5,-1.22,0.08,1.02,NA
459657,193.5,21189.4,-1.39,0.08,0.95,NA
459658,194,21195.4,-1.28,0.08,0.84,NA
459659,194.5,21201.3,-1.34,0.08,0.88,NA
459660,195,21207.2,-0.81,0.08,0.84,NA
459661,195.5,21213,-1.25,0.08,0.9,NA
459662,196,21218.7,-1.05,0.08,0.86,NA
459663,196.5,21224.2,-1.09,0.08,0.88,NA
459664,197,21229.6,-1.18,0.08,0.8,NA
459665,197.5,21234.7,-1,0.08,0.93,NA
459666,198,21239.6,-0.99,0.08,0.85,NA
459667,198.5,21244.2,-0.93,0.08,0.91,NA
459668,199,21248.4,-0.95,0.08,0.88,NA
459669,199.5,21252.6,-1.07,0.08,0.99,NA
459670,200,21256.9,-0.89,0.08,0.87,NA
459671,200.5,21261.6,-0.84,0.08,0.8,NA
459672,201,21266.8,-0.42,0.08,0.92,NA
459673,201.5,21272.4,-0.8,0.08,0.8,NA
459674,202,21278.2,-0.59,0.08,0.83,NA
459675,202.5,21284.2,-0.8,0.08,0.83,NA
459676,203.5,21296.2,-0.91,0.08,0.85,NA
459677,204.5,21307.9,-0.9,0.08,0.85,NA
459678,205.5,21319.3,-1.07,0.08,0.83,NA
459679,206.5,21330.3,-0.82,0.08,0.92,NA
459680,207.5,21340.9,-0.45,0.08,0.9,NA
459681,208.5,21351.4,-0.66,0.08,0.92,NA
459682,209.5,21362.7,-0.87,0.08,0.87,NA
459683,210.5,21374.7,-1.2,0.08,0.83,NA
459684,211.5,21387.3,-1.2,0.08,0.81,NA
459685,212.5,21400.3,-1.01,0.08,0.76,NA
459686,213.5,21413.7,-1.14,0.08,1.06,NA
459687,214.5,21427.1,-0.85,0.08,0.88,NA
459688,215.5,21440.4,-0.91,0.08,0.95,NA
459689,216.5,21454,-0.71,0.08,0.89,NA
459690,217.5,21468.2,-1.08,0.08,0.96,NA
459691,218.5,21482.9,-1.11,0.08,0.85,NA
459692,219.5,21497.8,-1.03,0.08,0.97,NA
459693,220.5,21510.4,-0.62,0.08,0.87,NA
459694,221.5,21523.8,-0.7,0.08,0.93,NA
459695,222.5,21537,-0.41,0.08,0.93,NA
459696,223.5,21550,-0.64,0.08,0.91,NA
459697,224.5,21562.9,-0.82,0.08,1.05,NA
459698,225.5,21575.9,-0.63,0.08,0.88,NA
459699,226.5,21588.9,-0.99,0.08,0.87,NA
459700,227.5,21601.9,-1.06,0.08,1.12,NA
459701,228.5,21614.9,-0.72,0.08,0.87,NA
459702,229.5,21628,-1.38,0.08,0.84,NA
459703,230.5,21641.4,-1.21,0.08,0.82,NA
459704,231.5,21655,-1.18,0.08,0.91,NA
459705,232.5,21668.5,-1.08,0.08,0.86,NA
459706,233.5,21682,-0.97,0.08,0.84,NA
459707,234.5,21695.4,-0.74,0.08,0.84,NA
459708,235.5,21708.8,-0.84,0.08,0.91,NA
459709,236.5,21722.4,-0.44,0.08,0.88,NA
459710,237.5,21735.9,-0.38,0.08,0.8,NA
459711,238.5,21749.2,-1.22,0.08,0.82,NA
459712,239.5,21762.9,-1.05,0.08,0.91,NA
459713,240.5,21776.7,-0.71,0.08,0.88,NA
459714,241.5,21790.6,-0.93,0.08,1.02,NA
459715,242.5,21804.4,-0.77,0.08,0.93,NA
459716,243.5,21818,-0.88,0.08,0.98,NA
459717,244.5,21831.5,-0.45,0.08,0.96,NA
459718,245.5,21845.2,-0.66,0.08,0.85,NA
459719,246.5,21859.1,-0.83,0.08,0.78,NA
459720,247.5,21873,-1.33,0.08,0.88,NA
459721,248.5,21886.7,-1.06,0.08,0.83,NA
459722,249.5,21900.3,-0.9,0.08,0.83,NA
459723,250.5,21913.8,-0.59,0.08,0.84,NA
459724,251.5,21927.1,-1.2,0.08,0.81,NA
459725,252.5,21940.5,-0.93,0.08,0.87,NA
459726,253.5,21954.1,-0.89,0.08,0.8,NA
459727,254.5,21968.1,-0.99,0.08,0.82,NA
459728,255.5,21982,-1.1,0.08,0.85,NA
459729,256.5,21995.8,-1.13,0.08,0.76,NA
459730,257.5,22009.9,-1.24,0.08,0.83,NA
459731,258.5,22024.3,-1.19,0.08,0.83,NA
459732,259.5,22039.1,-0.98,0.08,NA,NA
459733,260.5,22054.2,0.38,0.08,0.98,NA
459734,261,22061.8,0.21,0.08,0.76,NA
459735,261.5,22069.4,-0.13,0.08,0.82,NA
459736,262.5,22084.5,-1.55,0.08,0.8,NA
459737,263.5,22099.5,-1.36,0.08,0.84,NA
459738,264.5,22114.4,-1.48,0.08,0.7,NA
459739,265.5,22129,-1.61,0.08,0.87,NA
459740,266.5,22143.3,-0.86,0.08,0.86,NA
459741,267.5,22157.5,-1.08,0.08,0.77,NA
459742,268.5,22171.8,-1.1,0.08,0.72,NA
459743,269.5,22186.4,-1.43,0.08,0.77,NA
459744,270.5,22201.2,-1.26,0.08,0.9,NA
459745,271.5,22215.7,-1.02,0.08,0.84,NA
459746,272.5,22229.8,-1.04,0.08,0.85,NA
459747,273.5,22244,-1.09,0.08,0.95,NA
459748,274.5,22258.2,-0.77,0.08,0.86,NA
459749,275.5,22272.4,-0.62,0.08,0.77,NA
459750,276.5,22286.4,-1.2,0.08,0.87,NA
459751,277.5,22300.4,-1.35,0.08,0.74,NA
459752,278.5,22314.3,-1.79,0.08,0.76,NA
459753,279.5,22328.2,-1.46,0.08,0.84,NA
459754,280.5,22341.9,-1.08,0.08,1,NA
459755,281.5,22355.6,-0.83,0.08,0.78,NA
459756,282.5,22369.5,-0.82,0.08,0.92,NA
459757,283.5,22383.5,-0.81,0.08,0.79,NA
459758,284.5,22397.6,-1.37,0.08,0.8,NA
459759,285.5,22411.6,-1.22,0.08,0.84,NA
459760,286.5,22425.5,-1.3,0.08,0.88,NA
459761,287.5,22439.4,-1.25,0.08,0.81,NA
459762,288.5,22453.4,-1.07,0.08,0.78,NA
459763,289.5,22467.6,-1.13,0.08,0.85,NA
459764,290.5,22481.9,-1.34,0.08,0.78,NA
459765,291.5,22495.9,-1.37,0.08,0.82,NA
459766,292.5,22509.8,-0.96,0.08,0.87,NA
459767,293.5,22523.7,-1.22,0.08,0.8,NA
459768,294.5,22537.9,-1.1,0.08,0.8,NA
459769,295.5,22552,-1.55,0.08,0.88,NA
459770,296.5,22566.2,-1.48,0.08,0.86,NA
459771,297.5,22580.3,-1.23,0.08,0.9,NA
459772,298.5,22594.3,-1.08,0.08,0.83,NA
459773,299.5,22608.4,-1.13,0.08,0.87,NA
459774,300.5,22622.5,-1.28,0.08,0.93,NA
459775,301.5,22636.8,-1.13,0.08,0.88,NA
459776,302.5,22651.2,-1.26,0.08,0.89,NA
459777,303.5,22665.6,-1.36,0.08,0.91,NA
459778,304.5,22679.9,-1.38,0.08,0.88,NA
459779,305.5,22694.2,-1.29,0.08,0.99,NA
459780,306.5,22708.6,-1.55,0.08,0.76,NA
459781,307.5,22723,-1.38,0.08,0.9,NA
459782,308.5,22737.5,-1.49,0.08,0.84,NA
459783,309.5,22752,-1.41,0.08,0.88,NA
459784,310.5,22766.6,-1.57,0.08,0.89,NA
459785,311.5,22781.2,-1.44,0.08,0.96,NA
459786,312.5,22795.9,-1.31,0.08,1.02,NA
459787,313.5,22810.4,-1.27,0.08,1.07,NA
459788,314.5,22824.7,-1.26,0.08,1.01,NA
459789,315.5,22839.1,-1.05,0.08,NA,NA
459790,316.5,22853.6,-0.18,0.08,1.04,NA
459791,317.5,22868.1,-1.3,0.08,1,NA
459792,318.5,22883.6,-0.66,0.08,1.03,NA
459793,319.5,22901.8,-0.8,0.08,0.96,NA
459794,320.5,22922.8,-1.09,0.08,1.08,NA
459795,321.5,22945.2,-1.01,0.08,1.12,NA
459796,322.5,22966.3,-0.82,0.08,1.09,NA
459797,323.5,22983.1,-0.86,0.08,0.96,NA
459798,324.5,22997.9,-1.31,0.08,0.94,NA
459799,325.5,23017.4,-1.38,0.08,0.84,NA
459800,326.5,23041.9,-1.46,0.08,0.87,NA
459801,327.5,23064.5,-1.17,0.08,0.82,NA
459802,328.5,23084.7,-1.05,0.08,0.9,NA
459803,329.5,23108,-1.24,0.08,0.89,NA
459804,330.5,23133.8,-0.73,0.08,0.89,NA
459805,331.5,23155.7,-0.82,0.08,0.83,NA
459806,332.5,23172.3,-0.72,0.08,0.84,NA
459807,333.5,23187.6,-0.76,0.08,0.95,NA
459808,334.5,23203.5,-1,0.08,0.89,NA
459809,335.5,23219.3,-0.89,0.08,0.83,NA
459810,336.5,23234.6,-1.04,0.08,0.91,NA
459811,337.5,23249.2,-1.11,0.08,0.88,NA
459812,338.5,23263.3,-1.11,0.08,0.92,NA
459813,339.5,23277,-1.13,0.08,0.86,NA
459814,340.5,23290.4,-1.17,0.08,0.81,NA
459815,341.5,23303.6,-1.26,0.08,0.82,NA
459816,342.5,23316.3,-1.51,0.08,0.88,NA
459817,343.5,23328.5,-1.35,0.08,0.86,NA
459818,344.5,23340.2,-1.47,0.08,0.78,NA
459819,345.5,23351.6,-1.42,0.08,0.83,NA
459820,346.5,23362.6,-1.41,0.08,0.87,NA
459821,347.5,23373.2,-1.26,0.08,0.81,NA
459822,348.5,23383.5,-1.49,0.08,0.82,NA
459823,349.5,23394,-1.34,0.08,0.87,NA
459824,350.5,23404.8,-1.54,0.08,0.88,NA
459825,351.5,23415.5,-1.55,0.08,0.83,NA
459826,352.5,23426.1,-0.81,0.08,0.84,NA
459827,353.5,23436.5,-1.2,0.08,0.86,NA
459828,354.5,23446.9,-1.15,0.08,0.8,NA
459829,355.5,23457.4,-0.99,0.08,0.92,NA
459830,356.5,23467.5,-1,0.08,0.85,NA
459831,357.5,23476.4,-1.12,0.08,0.91,NA
459832,358.5,23484.1,-1.41,0.08,0.83,NA
459833,360.5,23498.8,-1.25,0.08,0.81,NA
459834,361.5,23505.6,-1.04,0.08,0.9,NA
459835,362.5,23511.4,-0.97,0.08,0.78,NA
459836,363.5,23515.7,-1.13,0.08,0.76,NA
459837,364.5,23518.7,-1.24,0.08,0.77,NA
459838,365.5,23521.4,-1.32,0.08,0.82,NA
459839,366.5,23524.4,-1.17,0.08,0.81,NA
459840,367.5,23528.2,-1.22,0.08,0.81,NA
459841,368.5,23532.9,-1.32,0.08,0.7,NA
459842,369.5,23538,-1.43,0.08,0.81,NA
459843,370.5,23543.3,-1.11,0.08,0.81,NA
459844,371.5,23548.8,-1.11,0.08,0.84,NA
459845,372.5,23554.8,-1.04,0.08,0.82,NA
459846,373.5,23561.1,-1.28,0.08,0.8,NA
459847,374.5,23567.8,-1.01,0.08,0.85,NA
459848,375.5,23574.5,-1.11,0.08,0.84,NA
459849,376.5,23581.2,-0.86,0.08,0.93,NA
459850,377.5,23587.9,-0.8,0.08,0.92,NA
459851,378.5,23594.5,-1.05,0.08,0.84,NA
459852,379.5,23601.1,-0.97,0.08,0.87,NA
459853,380.5,23607.6,-1.17,0.08,0.85,NA
459854,381.5,23614.2,-1.02,0.08,0.91,NA
459855,382.5,23620.9,-0.73,0.08,1.01,NA
459856,383.5,23627.7,-0.8,0.08,0.9,NA
459857,384.5,23634.5,-0.91,0.08,0.92,NA
459858,385.5,23641,-0.85,0.08,0.89,NA
459859,386.5,23647.4,-0.92,0.08,0.89,NA
459860,387.5,23654,-0.91,0.08,0.87,NA
459861,388.5,23660.8,-1.46,0.08,0.84,NA
459862,389.5,23667.5,-1.26,0.08,0.83,NA
459863,390.5,23674,-1.26,0.08,0.88,NA
459864,391.5,23680.4,-1.25,0.08,0.85,NA
459865,392.5,23687,-1.19,0.08,0.82,NA
459866,393.5,23693.5,-1.27,0.08,0.85,NA
459867,394.5,23700,-1.02,0.08,0.9,NA
459868,395.5,23706.5,-1.35,0.08,0.87,NA
459869,396.5,23712.9,-1.1,0.08,0.84,NA
459870,397.5,23719.4,-1.14,0.08,0.89,NA
459871,398.5,23726,-0.97,0.08,0.99,NA
459872,399.5,23732.7,-0.97,0.08,0.88,NA
459873,400.5,23739.4,-1.22,0.08,0.94,NA
459874,401.5,23746,-1.27,0.08,0.84,NA
459875,402.5,23752.5,-1.23,0.08,0.85,NA
459876,403.5,23759,-1.19,0.08,0.9,NA
459877,404.5,23765.5,-1.15,0.08,0.95,NA
459878,405.5,23772,-1.22,0.08,0.86,NA
459879,406.5,23778.4,-1.28,0.08,0.84,NA
459880,407.5,23784.7,-1.22,0.08,0.95,NA
459881,408.5,23791,-1.33,0.08,0.96,NA
459882,409.5,23797.3,-0.94,0.08,0.88,NA
459883,410.5,23803.7,-1.39,0.08,0.96,NA
459884,411.5,23810.1,-1.27,0.08,0.94,NA
459885,412.5,23816.3,-0.98,0.08,0.93,NA
459886,413.5,23822.6,-1.19,0.08,0.93,NA
459887,414.5,23829,-1.19,0.08,0.89,NA
459888,415.5,23835.7,-1.27,0.08,0.95,NA
459889,416.5,23842.5,-1.09,0.08,0.86,NA
459890,417.5,23849.2,-0.82,0.08,0.83,NA
459891,418.5,23855.8,-1.1,0.08,0.92,NA
459892,419.5,23862,-0.94,0.08,0.9,NA
459893,420.5,23868.1,-0.78,0.08,0.96,NA
459894,421.5,23874.3,-0.59,0.08,1.08,NA
459895,422.5,23881,-0.34,0.08,0.98,NA
459896,423.5,23887.6,-0.36,0.08,0.98,NA
459897,424.5,23894,-0.6,0.08,1.12,NA
459898,425.5,23900.4,-0.61,0.08,1.01,NA
459899,426.5,23906.7,-0.65,0.08,1.01,NA
459900,427.5,23913,-0.63,0.08,1.04,NA
459901,428.5,23919.4,-0.51,0.08,1.04,NA
459902,429.5,23925.8,-0.59,0.08,1.01,NA
459903,430.5,23932.1,-0.5,0.08,1,NA
459904,431.5,23938.4,-0.52,0.08,1.08,NA
459905,432.5,23944.6,-0.81,0.08,0.99,NA
459906,433.5,23950.7,-0.42,0.08,1.02,NA
459907,434.5,23956.6,-0.65,0.08,1.01,NA
459908,435.5,23962.7,-0.58,0.08,0.95,NA
459909,436.5,23968.8,-0.31,0.08,0.99,NA
459910,437.5,23975,-0.41,0.08,0.98,NA
459911,438.5,23981,-0.38,0.08,1.01,NA
459912,439.5,23986.9,-0.72,0.08,1,NA
459913,440.5,23992.7,-0.58,0.08,0.93,NA
459914,441.5,23998.4,-0.43,0.08,1,NA
459915,442.5,24004,0.02,0.08,1.02,NA
459916,443.5,24009.6,-0.23,0.08,1.04,NA
459917,444.5,24015.2,-0.49,0.08,0.93,NA
459918,445.5,24020.9,-0.59,0.08,1.02,NA
459919,446.5,24026.5,-0.78,0.08,0.97,NA
459920,447.5,24031.8,-0.74,0.08,0.86,NA
459921,448.5,24037,-0.33,0.08,0.92,NA
459922,449.5,24042.4,-0.72,0.08,1.06,NA
459923,450.5,24048.3,-0.47,0.08,0.93,NA
459924,451.5,24054.1,-0.65,0.08,0.81,NA
459925,452.5,24059.9,-0.53,0.08,0.93,NA
459926,453.5,24065.5,-0.64,0.08,0.96,NA
459927,454.5,24071.1,-0.34,0.08,0.9,NA
459928,455.5,24076.6,-0.35,0.08,0.93,NA
459929,456.5,24082.1,-0.46,0.08,1.05,NA
459930,457.5,24087.7,-0.27,0.08,1.04,NA
459931,458.5,24093.5,-0.45,0.08,1,NA
459932,459.5,24099.4,-0.32,0.08,0.87,NA
459933,460.5,24105.3,-0.33,0.08,0.88,NA
459934,461.5,24111.4,0.08,0.08,0.89,NA
459935,462.5,24117.6,-0.04,0.08,1.01,NA
459936,463.5,24123.8,0.04,0.08,1.02,NA
459937,464.5,24129.9,-0.23,0.08,0.93,NA
459938,465.5,24136.1,-0.52,0.08,1.05,NA
459939,466.5,24142.4,-0.3,0.08,0.85,NA
459940,467.5,24148.6,-0.2,0.08,0.86,NA
459941,468.5,24154.6,-0.24,0.08,0.85,NA
459942,469.5,24161,-0.51,0.08,0.84,NA
459943,470.5,24167.6,-0.24,0.08,0.88,NA
459944,471.5,24174.2,-0.66,0.08,0.93,NA
459945,472.5,24180.7,0.08,0.08,0.83,NA
459946,473.5,24187,0.27,0.08,1.24,NA
459947,474.5,24193.4,0.43,0.08,0.97,NA
459948,475.5,24199.9,0.12,0.08,0.94,NA
459949,476.5,24206.4,0.48,0.08,0.95,NA
459950,477.5,24212.9,0.31,0.08,0.95,NA
459951,478.5,24219.6,-0.01,0.08,1.02,NA
459952,479.5,24226.4,0.74,0.08,0.9,NA
459953,480.5,24233,0.3,0.08,1.08,NA
459954,481.5,24239.4,0.64,0.08,0.94,NA
459955,482.5,24245.6,0.26,0.08,0.92,NA
459956,483.5,24251.8,0.77,0.08,0.95,NA
459957,484.5,24258.3,0.25,0.08,1.08,NA
459958,485.5,24265,0.65,0.08,1.02,NA
459959,486.5,24272,-0.47,0.08,1.01,NA
459960,487.5,24279.1,-0.76,0.08,0.86,NA
459961,488.5,24286.2,-0.89,0.08,0.85,NA
459962,489.5,24293.9,-0.93,0.08,0.87,NA
459963,490.5,24301.9,-1.17,0.08,0.86,NA
459964,491.5,24309.5,-1.23,0.08,1.04,NA
459965,492.5,24317.2,-1.13,0.08,0.81,NA
459966,493.5,24326.3,-1.09,0.08,0.88,NA
459967,494.5,24336.8,-1.08,0.08,0.8,NA
459968,495.5,24346.5,-1.14,0.08,0.85,NA
459969,496.5,24355.1,-1.18,0.08,0.87,NA
459970,497.5,24363.4,-1.29,0.08,0.84,NA
459971,498.5,24372.2,-1.11,0.08,0.91,NA
459972,499.5,24382,-1.18,0.08,0.89,NA
459973,500.5,24392.4,-1.29,0.08,0.8,NA
459974,501.5,24402.7,-1.26,0.08,0.9,NA
459975,502.5,24412.4,-1.11,0.08,0.88,NA
459976,503.5,24421.7,-1.43,0.08,0.84,NA
459977,504.5,24431.1,-1.16,0.08,0.93,NA
459978,505.5,24440.6,-1.1,0.08,0.86,NA
459979,506.5,24450.1,-1.36,0.08,0.87,NA
459980,507.5,24459.4,-1.3,0.08,0.88,NA
459981,508.5,24468.5,-1.46,0.08,0.82,NA
459982,509.5,24477.8,-1.52,0.08,1.15,NA
459983,510.5,24487.6,-1.17,0.08,0.96,NA
459984,511.5,24497.4,-1.19,0.08,0.87,NA
459985,512.5,24507.4,-1.12,0.08,0.92,NA
459986,513.5,24517.9,-1.15,0.08,1.09,NA
459987,514.5,24528.7,-1.18,0.08,0.97,NA
459988,515.5,24539.6,-1.46,0.08,0.86,NA
459989,516.5,24550.3,-0.91,0.08,0.84,NA
459990,517.5,24561.1,-1.16,0.08,0.91,NA
459991,518.5,24571.8,-1.24,0.08,0.87,NA
459992,519.5,24582.1,-1.15,0.08,0.79,NA
459993,520.5,24591.9,-1,0.08,0.95,NA
459994,521.5,24602,-1.39,0.08,0.89,NA
459995,522.5,24612.2,-1.34,0.08,0.92,NA
459996,523.5,24621.7,-1.45,0.08,0.91,NA
459997,524.5,24630.4,-1.75,0.08,0.85,NA
459998,525.5,24639,-1.29,0.08,0.92,NA
459999,526.5,24647.9,-1.42,0.08,0.94,NA
460000,527.5,24657.2,-1.65,0.08,0.81,NA
460001,528.5,24666.7,-1.63,0.08,0.82,NA
460002,529.5,24676,-1.66,0.08,0.82,NA
460003,530.5,24685.1,-1.38,0.08,0.83,NA
460004,531.5,24694.2,-1.65,0.08,0.82,NA
460005,532.5,24703.6,-0.94,0.08,0.85,NA
460006,533.5,24713.8,-1.2,0.08,0.8,NA
460007,534.5,24724.7,-1.04,0.08,0.85,NA
460008,535.5,24735.3,-1.01,0.08,0.82,NA
460009,536.5,24745.7,-1.12,0.08,0.84,NA
460010,537.5,24756.5,-1.09,0.08,0.84,NA
460011,538.5,24767.8,-0.94,0.08,0.89,NA
460012,539.5,24779.2,-0.91,0.08,0.87,NA
460013,540.5,24790.5,-1.11,0.08,0.83,NA
460014,541.5,24801.5,-1.22,0.08,0.89,NA
460015,542.5,24812.3,-1.32,0.08,0.85,NA
460016,543.5,24822.9,-1.32,0.08,0.92,NA
460017,544.5,24834.2,-1.16,0.08,0.84,NA
460018,545.5,24847.6,-1.13,0.08,0.86,NA
460019,546.5,24862.3,-0.92,0.08,NA,NA
460020,547.5,24875.5,-0.74,0.08,NA,NA
460021,548.5,24892.6,-0.8,0.08,NA,NA
460022,550,24930.3,-1.11,0.08,0.9,NA
460023,551,24971.4,-0.92,0.08,0.91,NA
460024,552,25020.5,-1.12,0.08,0.9,NA
460025,553,25061.4,-1.09,0.08,0.91,NA
460026,554,25090.9,-1.13,0.08,0.95,NA
460027,555,25110.2,-0.97,0.08,0.87,NA
460028,556,25125,-0.76,0.08,0.88,NA
460029,557,25140.6,-0.86,0.08,0.94,NA
460030,558,25157.4,-0.98,0.08,0.87,NA
460031,559,25174.5,-1.11,0.08,0.94,NA
460032,560,25191.4,-1.25,0.08,0.98,NA
460033,561,25208,-0.75,0.08,0.96,NA
460034,562,25224.5,-0.51,0.08,0.94,NA
460035,563,25241.6,-0.97,0.08,0.98,NA
460036,564,25259.1,-0.99,0.08,0.99,NA
460037,565,25276.7,-1.16,0.08,0.99,NA
460038,566,25294.1,-0.71,0.08,0.99,NA
460039,567,25311.3,-0.59,0.08,1.04,NA
460040,568,25328.7,-0.83,0.08,1.07,NA
460041,569,25346.4,-0.38,0.08,1.12,NA
460042,570,25364.3,-0.28,0.08,0.98,NA
460043,571,25382.2,-0.38,0.08,0.91,NA
460044,572,25400.2,-0.57,0.08,0.92,NA
460045,573,25418.6,-0.58,0.08,0.95,NA
460046,574,25437.2,-0.83,0.08,0.92,NA
460047,575,25455.4,-0.61,0.08,0.99,NA
460048,576,25473.5,-0.78,0.08,0.94,NA
460049,577,25491.8,-0.63,0.08,0.88,NA
460050,578,25510,-0.76,0.08,0.83,NA
460051,579,25528,0.01,0.08,0.89,NA
460052,580,25545.7,-0.91,0.08,0.87,NA
460053,581,25563.1,-0.85,0.08,0.84,NA
460054,582,25580.8,-1.02,0.08,0.84,NA
460055,583,25599.4,-0.6,0.08,0.89,NA
460056,584,25618.1,-1.36,0.08,0.86,NA
460057,585,25636.3,-1.01,0.08,0.84,NA
460058,586,25654,-1.01,0.08,0.84,NA
460059,587,25671.5,-1.11,0.08,0.85,NA
460060,588,25689.1,-0.85,0.08,0.79,NA
460061,589,25707.2,-0.7,0.08,0.88,NA
460062,590,25725.3,-1.1,0.08,0.86,NA
460063,591,25743.2,-1.3,0.08,0.96,NA
460064,592,25761.4,-1.12,0.08,0.87,NA
460065,593,25780.3,-0.05,0.08,0.94,NA
460066,594,25799.2,-0.64,0.08,0.89,NA
460067,595,25817.2,0.01,0.08,0.9,NA
460068,596,25835.3,-0.54,0.08,0.87,NA
460069,597,25854.5,-1.27,0.08,1.21,NA
460070,598,25874.1,-0.85,0.08,1.02,NA
460071,598.5,25883.8,-1.34,0.08,1.06,NA
460072,599,25893.5,-0.39,0.08,0.98,NA
460073,599.5,25903.3,-0.72,0.08,1,NA
460074,600,25913.5,-0.13,0.08,1.03,NA
460075,601,25934.5,-0.08,0.08,1.17,NA
460076,602,25952.4,-1.02,0.08,1.08,NA
460077,603,25966.6,0.07,0.08,1.03,NA
460078,604,25994.3,-0.49,0.08,1.28,NA
460079,605,26047.6,-0.49,0.08,1.02,NA
460080,606,26100.2,-0.78,0.08,1.16,NA
460081,607,26125.9,-0.6,0.08,1.03,NA
460082,608,26138.3,-0.14,0.08,0.89,NA
460083,609,26155.6,-0.92,0.08,0.9,NA
460084,610,26176.8,-0.46,0.08,0.91,NA
460085,611,26197.1,-1.01,0.08,0.96,NA
460086,612,26215.5,-1.04,0.08,0.91,NA
460087,613,26232.6,-0.83,0.08,0.89,NA
460088,614,26249.2,-0.89,0.08,0.9,NA
460089,615,26266.3,-0.44,0.08,0.87,NA
460090,616,26284.4,-1.82,0.08,0.81,NA
460091,617,26303.4,-1.42,0.08,0.88,NA
460092,618,26322.9,-0.69,0.08,0.91,NA
460093,619,26342.3,-0.47,0.08,0.84,NA
460094,620,26361.7,-0.4,0.08,0.86,NA
460095,621,26381.4,-0.7,0.08,1.08,NA
460096,622,26401.5,-1.68,0.08,0.83,NA
460097,623,26421.6,-1.62,0.08,0.88,NA
460098,624,26441.1,-0.31,0.08,0.86,NA
460099,625,26459.8,-0.32,0.08,0.91,NA
460100,626,26478.7,-0.65,0.08,0.85,NA
460101,627,26498.9,-1.19,0.08,0.89,NA
460102,628,26519.3,0.2,0.08,0.82,NA
460103,629,26538.9,-0.44,0.08,1.04,NA
460104,630,26558.5,0.16,0.08,0.96,NA
460105,631,26578.8,-0.33,0.08,0.93,NA
460106,632,26598.8,-1.28,0.08,0.91,NA
460107,633,26617.8,-0.58,0.08,0.88,NA
460108,634,26636.5,-0.81,0.08,0.89,NA
460109,635,26656.1,-0.62,0.08,1.1,NA
460110,636,26676,-0.71,0.08,1.03,NA
460111,637,26695.7,-0.56,0.08,1.02,NA
460112,638,26715.2,-0.63,0.08,1.07,NA
460113,639,26734.8,-0.67,0.08,0.93,NA
460114,640,26754.4,-0.18,0.08,1,NA
460115,641,26773.8,-1.04,0.08,0.88,NA
460116,642,26793.2,-0.7,0.08,0.9,NA
460117,643,26812.8,-0.53,0.08,0.93,NA
460118,644,26832.4,-0.66,0.08,0.82,NA
460119,645,26851.9,-0.86,0.08,0.88,NA
460120,646,26871.9,-0.11,0.08,1.45,NA
460121,647,26893.2,-0.64,0.08,1.34,NA
460122,648,26917.4,-0.34,0.08,0.99,NA
460123,648.5,26931,-0.84,0.08,1.05,NA
460124,649,26945.7,0.37,0.08,0.93,NA
460125,649.5,26961.1,-0.11,0.08,0.92,NA
460126,650,26977.2,-0.11,0.08,1.45,NA
460127,651,27010.5,-0.24,0.08,1.04,NA
460128,652,27043.3,-1.05,0.08,0.92,NA
460129,652.5,27058.9,-1.38,0.08,0.95,NA
460130,653,27074.2,0.09,0.08,0.96,NA
460131,653.5,27089.7,-1.19,0.08,0.85,NA
460132,654,27105.9,-0.67,0.08,0.93,NA
460133,655,27141.7,-1.1,0.08,0.86,NA
460134,656,27183,-0.12,0.08,0.95,NA
460135,657,27238.7,-0.87,0.08,0.88,NA
460136,658,27351,-1,0.08,0.81,NA
460137,659,27539.1,-1.25,0.08,0.89,NA
460138,660,27697.4,-0.85,0.08,0.85,NA
460139,661,27714.4,-1.05,0.08,0.9,NA
460140,662,27715.7,-1.07,0.08,0.91,NA
460141,663,27716.9,-0.97,0.08,0.9,NA
460142,664,27718.2,-1.18,0.08,0.99,NA
460143,665,27719.7,-0.98,0.08,0.92,NA
460144,666,27720.3,-0.7,0.08,0.91,NA
460145,667,27721,-0.76,0.08,0.97,NA
460146,668,27722.6,-0.73,0.08,1.64,NA
460147,669,27723.3,-1.45,0.08,1.15,NA
460148,670,27723.6,-1.31,0.08,1,NA
460149,671,27724.3,-0.91,0.08,1.41,NA
460150,671.5,27724.8,-1.21,0.08,1.3,NA
460151,672,27725.2,-0.31,0.08,0.99,NA
460152,672.5,27725.7,-1.21,0.08,1.08,NA
460153,673,27726.1,-0.76,0.08,1.06,NA
460154,674,27727.2,-0.3,0.08,0.9,NA
460155,674.5,27728,-0.71,0.08,0.93,NA
460156,675,27729,0,0.08,0.87,NA
460157,675.5,27730,-1.32,0.08,0.89,NA
460158,676,27730.9,-0.62,0.08,0.82,NA
460159,677,27732.6,-0.79,0.08,0.87,NA
460160,678,27734.9,-0.88,0.08,0.77,NA
460161,679,27736.9,-0.75,0.08,0.8,NA
460162,680,27738.8,-1.04,0.08,0.81,NA
460163,681,27740.2,-1.05,0.08,0.87,NA
460164,682,27741.4,-1.61,0.08,NA,NA
460165,683,27743.1,-1.08,0.08,0.93,NA
460166,684,27744.8,-0.77,0.08,0.86,NA
460167,685,27746.3,-0.65,0.08,0.77,NA
460168,686,27747.9,-0.84,0.08,0.81,NA
460169,687,27749.8,-0.94,0.08,NA,NA
460170,688,27752.1,-0.59,0.08,0.84,NA
460171,689,27754.5,-0.47,0.08,0.82,NA
460172,690,27756.5,-0.8,0.08,0.86,NA
460173,691,27757.9,-0.69,0.08,0.85,NA
460174,692,27759.2,-0.68,0.08,0.88,NA
460175,693,27760.8,-1.24,0.08,0.79,NA
460176,694,27762.2,-1.69,0.08,0.83,NA
460177,695,27763,-1.31,0.08,0.86,NA
460178,696,27763.6,-1.16,0.08,NA,NA
460179,697,27764.5,-1.27,0.08,NA,NA
460180,698,27765.9,-1.26,0.08,1.02,NA
460181,699,27767.6,-0.16,0.08,0.95,NA
460182,700,27769.3,-1.24,0.08,0.99,NA
460183,701,27770.7,-0.47,0.08,0.93,NA
460184,702,27771.7,-0.64,0.08,0.86,NA
460185,703,27772.1,-0.68,0.08,NA,NA
460186,704,27772.1,-0.81,0.08,NA,NA
460187,705,27772.1,-0.61,0.08,1.03,NA
460188,706,27772.1,-0.81,0.08,1.02,NA
460189,707,27772.1,-0.47,0.08,0.86,NA
460190,708,27772.1,-0.49,0.08,NA,NA
460191,709,27772.1,-0.6,0.08,1.13,NA
460192,710,27772.1,-0.85,0.08,0.92,NA
460193,711,27772.1,-0.63,0.08,1.04,NA
460194,712,27772.2,-1.04,0.08,1.09,NA
460195,713,27772.2,-0.65,0.08,0.93,NA
460196,714,27772.2,-0.49,0.08,0.97,NA
460197,715,27772.2,-0.67,0.08,0.98,NA
460198,716,27772.2,-0.47,0.08,0.96,NA
460199,717,27772.2,-0.38,0.08,0.92,NA
460200,718,27772.2,-0.86,0.08,0.94,NA
460201,719,27772.2,-0.53,0.08,0.85,NA
460202,720,27772.2,-0.49,0.08,0.84,NA
460203,721,27773.1,-0.24,0.08,0.92,NA
460204,722,27774.8,-0.99,0.08,0.8,NA
460205,723,27777.2,-0.86,0.08,0.88,NA
460206,724,27780.3,-0.86,0.08,0.99,NA
460207,725,27784.1,-1,0.08,0.93,NA
460208,726,27788.3,-0.79,0.08,0.92,NA
460209,727,27793,-0.5,0.08,0.89,NA
460210,728,27798.7,-0.36,0.08,0.92,NA
460211,729,27806.1,-0.67,0.08,1.02,NA
460212,730,27818.3,-0.73,0.08,0.91,NA
460213,731,27834.2,-0.31,0.08,0.98,NA
460214,732,27851.4,0.02,0.08,1.29,NA
460215,733,27871.7,-0.44,0.08,0.96,NA
460216,734,27894.8,-0.04,0.08,1,NA
460217,735,27920,-0.54,0.08,1.05,NA
460218,736,27947.4,-0.22,0.08,1.01,NA
460219,737,27977.1,-0.47,0.08,1.01,NA
460220,738,28009.9,-0.33,0.08,1.1,NA
460221,739,28045.5,-0.03,0.08,0.95,NA
460222,740,28078.4,0,0.08,0.91,NA
460223,741,28103.9,0.04,0.08,1,NA
460224,742,28125.2,-0.43,0.08,0.88,NA
460225,743,28146.2,-0.39,0.08,0.96,NA
460226,744,28166.4,-0.31,0.08,0.87,NA
460227,745,28184.8,-0.05,0.08,1.29,NA
460228,746,28203.3,-0.43,0.08,0.92,NA
460229,747,28223.5,-0.33,0.08,0.94,NA
460230,748,28243.5,0.53,0.08,0.92,NA
460231,749,28261.6,-0.34,0.08,1,NA
460232,750,28279.1,-0.09,0.08,0.95,NA
460233,751,28297.8,-0.11,0.08,0.95,NA
460234,752,28317.8,-0.47,0.08,0.88,NA
460235,753,28338.8,-0.57,0.08,0.89,NA
460236,754,28361.3,-0.56,0.08,0.93,NA
460237,755,28385.7,-0.02,0.08,0.91,NA
460238,756,28411.7,0.32,0.08,0.92,NA
460239,757,28438.9,-0.31,0.08,1.02,NA
460240,758,28467.5,0,0.08,1.02,NA
460241,759,28497.7,-0.12,0.08,1.04,NA
460242,760,28526.9,0.36,0.08,0.94,NA
460243,761,28553.1,0.14,0.08,0.96,NA
460244,762,28578.5,0.01,0.08,0.95,NA
460245,763,28605.6,0.32,0.08,1.01,NA
460246,764,28633,0.33,0.08,1.13,NA
460247,765,28658.8,0.38,0.08,0.98,NA
460248,766,28683.1,0.22,0.08,0.95,NA
460249,767,28706.4,0.3,0.08,1.02,NA
460250,768,28728.8,0.41,0.08,1.12,NA
460251,769,28750.6,-0.03,0.08,1.02,NA
460252,770,28771,0.27,0.08,1.04,NA
460253,771,28789.7,0.03,0.08,1.21,NA
460254,772,28806.4,0.35,0.08,0.95,NA
460255,773,28821.1,0.46,0.08,1.11,NA
460256,774,28834.8,0.36,0.08,1.2,NA
460257,775,28848.3,0.02,0.08,1.31,NA
460258,776,28861.8,0.13,0.08,1.41,NA
460259,777,28875.4,0.16,0.08,1.35,NA
460260,778,28888.2,0.17,0.08,1.13,NA
460261,779,28899.4,-0.01,0.08,1.16,NA
460262,780,28910.2,-0.07,0.08,1.56,NA
460263,781,28921.7,0.3,0.08,1.32,NA
460264,782,28933.3,0.11,0.08,1.1,NA
460265,783,28944.4,0.16,0.08,1.45,NA
460266,784,28955.1,-0.35,0.08,1.09,NA
460267,785,28966,-0.41,0.08,1.21,NA
460268,786,28977.2,0.1,0.08,1.35,NA
460269,787,28988.8,0.25,0.08,1.22,NA
460270,788,29000,0.3,0.08,1.4,NA
460271,789,29010.4,0.01,0.08,1.29,NA
460272,790,29020.6,-0.18,0.08,1.44,NA
460273,791,29031.3,0.16,0.08,1.55,NA
460274,792,29042.3,-0.12,0.08,1.17,NA
460275,793,29053.2,-0.06,0.08,1.23,NA
460276,794,29065.4,0.1,0.08,1.23,NA
460277,795,29079.7,0.27,0.08,1.22,NA
460278,796,29093.9,0.23,0.08,1.22,NA
460279,797,29105.9,0.07,0.08,1.13,NA
460280,798,29116.3,-0.08,0.08,NA,NA
460281,799,29126,-0.24,0.08,NA,NA
460282,800,29135.6,-0.01,0.08,NA,NA
460283,801,29145,-0.37,0.08,NA,NA
460284,802,29153.3,0.4,0.08,NA,NA
460285,805,29172.3,-0.43,0.08,NA,NA
460286,806,29179.6,-0.77,0.08,NA,NA
460287,807,29186.1,-0.53,0.08,NA,NA
460288,808,29191.4,-0.29,0.08,NA,NA
460289,809,29195.7,-0.23,0.08,NA,NA
460290,810,29199.4,0.05,0.08,1,NA
460291,811,29203,-0.42,0.08,1.04,NA
460292,812,29207.1,-0.2,0.08,1.03,NA
460293,813,29211.9,0.45,0.08,1.21,NA
460294,814,29217.2,0.12,0.08,1.07,NA
460295,815,29222.8,-0.05,0.08,1.24,NA
460296,816,29228.8,-0.01,0.08,0.93,NA
460297,817,29235,-0.26,0.08,0.96,NA
460298,818,29241.4,-0.3,0.08,1.04,NA
460299,819,29247.8,-0.74,0.08,0.92,NA
460300,820,29254.3,-0.01,0.08,0.93,NA
460301,821,29260.9,-0.19,0.08,0.97,NA
460302,822,29267.3,-0.5,0.08,0.9,NA
460303,823,29273.2,-0.08,0.08,0.89,NA
460304,824,29278.6,-0.45,0.08,1.07,NA
460305,825,29283.5,0.53,0.08,1.03,NA
460306,826,29288.1,0.59,0.08,1.04,NA
460307,827,29292.5,0.73,0.08,1.07,NA
460308,828,29297.2,0.09,0.08,1.18,NA
460309,829,29302.4,-0.65,0.08,1.11,NA
460310,830,29308.1,0.47,0.08,1.12,NA
460311,831,29313.8,0.28,0.08,1.23,NA
460312,832,29319.5,-0.68,0.08,1.19,NA
460313,833,29325.2,-0.34,0.08,0.96,NA
460314,834,29331,0.68,0.08,0.91,NA
460315,835,29337.2,0.24,0.08,1.04,NA
460316,836,29343.3,0.63,0.08,1.02,NA
460317,837,29349.2,0.32,0.08,0.98,NA
460318,838,29355.1,-0.34,0.08,0.94,NA
460319,839,29361.2,0.22,0.08,0.97,NA
460320,840,29367.3,0.54,0.08,1.09,NA
460321,841,29373.2,-0.04,0.08,1.09,NA
460322,842,29379.1,-0.48,0.08,1,NA
460323,843,29385.1,0.71,0.08,1.02,NA
460324,844,29391.1,0.5,0.08,0.99,NA
460325,845,29397.1,0.11,0.08,1,NA
460326,846,29403.2,0.91,0.08,0.97,NA
460327,847,29409.4,0.65,0.08,0.97,NA
460328,848,29415.6,0.84,0.08,1.24,NA
460329,849,29421.6,0.93,0.08,0.94,NA
460330,850,29427.5,0.4,0.08,0.9,NA
460331,851,29433.5,0.22,0.08,1.02,NA
460332,852,29439.6,0.67,0.08,1.05,NA
460333,853,29445.8,-0.62,0.08,1.09,NA
460334,854,29451.9,-0.76,0.08,1.05,NA
460335,855,29458,0.1,0.08,1.06,NA
460336,856,29464.1,0.98,0.08,1.06,NA
460337,857,29470.3,-0.09,0.08,0.94,NA
460338,858,29476.6,-0.02,0.08,0.97,NA
460339,859,29482.8,-0.13,0.08,0.9,NA
460340,860,29489.1,0.2,0.08,0.91,NA
460341,861,29495.3,0.15,0.08,0.9,NA
460342,862,29501.5,-0.29,0.08,0.85,NA
460343,863,29507.7,0.54,0.08,0.94,NA
460344,864,29513.9,0.69,0.08,0.96,NA
460345,865,29520.1,-0.18,0.08,0.99,NA
460346,866,29526.3,0.44,0.08,0.94,NA
460347,867,29532.4,-0.15,0.08,0.91,NA
460348,868,29538.4,0.17,0.08,1.03,NA
460349,869,29544.6,0.35,0.08,1,NA
460350,870,29550.8,0.02,0.08,0.9,NA
460351,871,29557.1,0.42,0.08,0.96,NA
460352,872,29563.4,0.01,0.08,0.92,NA
460353,873,29569.6,-0.35,0.08,0.85,NA
460354,874,29575.7,0.43,0.08,0.98,NA
460355,875,29581.7,-0.1,0.08,1.01,NA
460356,876,29587.5,-0.14,0.08,0.98,NA
460357,877,29593.2,0.28,0.08,1.03,NA
460358,878,29598.9,0.34,0.08,0.99,NA
460359,879,29604.9,0.61,0.08,1,NA
460360,880,29610.9,0.37,0.08,0.93,NA
460361,881,29616.7,-0.46,0.08,0.94,NA
460362,882,29622.3,-0.31,0.08,0.85,NA
460363,883,29628.2,0.41,0.08,0.97,NA
460364,884,29634.1,0.59,0.08,1.03,NA
460365,885,29640.1,0.57,0.08,0.93,NA
460366,886,29646.2,0.41,0.08,0.92,NA
460367,887,29652.5,0.32,0.08,0.92,NA
460368,888,29658.9,0.87,0.08,0.88,NA
460369,889,29665.1,0.8,0.08,1,NA
460370,890,29671.2,-0.7,0.08,1,NA
460371,891,29677.5,0.05,0.08,1.06,NA
460372,892,29683.9,0.16,0.08,0.96,NA
460373,893,29690.4,-0.59,0.08,0.9,NA
460374,894,29696.9,0,0.08,1.16,NA
460375,895,29703.4,0,0.08,0.96,NA
460376,896,29710,-0.14,0.08,0.92,NA
460377,897,29716.4,-0.22,0.08,1.12,NA
460378,898,29722.7,-0.68,0.08,0.88,NA
460379,899,29728.8,-0.23,0.08,0.94,NA
460380,900,29735,-0.07,0.08,0.99,NA
460381,901,29741.4,0.15,0.08,0.83,NA
460382,902,29747.8,-0.11,0.08,0.87,NA
460383,903,29753.9,0.15,0.08,0.87,NA
460384,904,29759.9,0.14,0.08,0.87,NA
460385,905,29766,1.05,0.08,0.96,NA
460386,906,29772.2,0.42,0.08,0.95,NA
460387,907,29778.6,0.9,0.08,1.11,NA
460388,908,29785.2,-0.5,0.08,0.92,NA
460389,909,29791.8,0.02,0.08,0.95,NA
460390,910,29798.6,0.39,0.08,0.87,NA
460391,911,29805.5,0.29,0.08,0.86,NA
460392,912,29812.5,0.79,0.08,0.89,NA
460393,913,29819.2,-0.1,0.08,0.85,NA
460394,914,29825.7,-0.19,0.08,0.92,NA
460395,915,29832.2,-0.26,0.08,0.93,NA
460396,916,29838.7,-0.31,0.08,1.02,NA
460397,917,29845,1.57,0.08,0.98,NA
460398,918,29851.4,1.46,0.08,NA,NA
460399,919,29858.3,1.26,0.08,NA,NA
460400,920,29865.5,0.13,0.08,1.08,NA
460401,921,29872.6,0.16,0.08,0.98,NA
460402,922,29879.5,0.25,0.08,0.94,NA
460403,923,29886.1,0.36,0.08,0.94,NA
460404,924,29892.7,-0.01,0.08,0.92,NA
460405,925,29899.7,0.07,0.08,0.96,NA
460406,926,29907.1,-0.13,0.08,0.85,NA
460407,927,29914.6,-0.49,0.08,0.9,NA
460408,928,29922.2,-0.18,0.08,0.91,NA
460409,929,29929.8,-0.03,0.08,0.91,NA
460410,930,29937.5,0.14,0.08,0.9,NA
460411,931,29945.1,0.27,0.08,0.9,NA
460412,932,29952.5,-0.14,0.08,0.84,NA
460413,933,29959.8,-0.75,0.08,0.84,NA
460414,934,29967.2,-0.34,0.08,0.83,NA
460415,935,29974.8,-0.36,0.08,0.8,NA
460416,936,29982.7,0.26,0.08,0.86,NA
460417,937,29990.5,0.11,0.08,0.91,NA
460418,938,29998.2,0.87,0.08,1.12,NA
460419,939,30005.7,0.53,0.08,0.93,NA
460420,940,30013,0.31,0.08,0.91,NA
460421,941,30020.4,1.26,0.08,1.06,NA
460422,942,30027.9,1.72,0.08,0.86,NA
460423,943,30035.9,1.68,0.08,0.91,NA
460424,944,30044.1,0.38,0.08,0.87,NA
460425,945,30051.9,0.38,0.08,0.95,NA
460426,946,30059.6,0.48,0.08,0.81,NA
460427,947,30067,0.99,0.08,0.87,NA
460428,948,30074.5,1.29,0.08,0.96,NA
460429,949,30082.2,1.02,0.08,0.9,NA
460430,950,30090,0.86,0.08,0.84,NA
460431,951,30097.7,1.53,0.08,0.82,NA
460432,952,30105.4,1.01,0.08,0.83,NA
460433,953,30113.5,1.17,0.08,0.79,NA
460434,954,30121.8,1.13,0.08,0.84,NA
460435,955,30130.4,0.58,0.08,0.8,NA
460436,956,30139.3,0.61,0.08,0.79,NA
460437,956.5,30144,0.07,0.08,0.84,NA
460438,957,30148.7,0.06,0.08,0.84,NA
460439,957.5,30153.6,0.21,0.08,0.82,NA
460440,958,30158.5,-1.45,0.08,0.86,NA
460441,959,30168.7,0.59,0.08,0.79,NA
460442,960,30179.3,0.12,0.08,0.78,NA
460443,961,30190.6,0.45,0.08,0.84,NA
460444,962,30201.8,0.54,0.08,0.82,NA
460445,963,30212.5,0.42,0.08,0.79,NA
460446,964,30222.7,0.23,0.08,0.85,NA
460447,965,30232.3,0.57,0.08,0.87,NA
460448,966,30241.3,-0.13,0.08,0.84,NA
460449,967,30249.6,0.11,0.08,0.89,NA
460450,968,30257.4,0.57,0.08,0.86,NA
460451,969,30265.3,0.58,0.08,0.79,NA
460452,970,30273.1,0.59,0.08,0.88,NA
460453,971,30280.7,0.48,0.08,0.81,NA
460454,972,30287.9,0.19,0.08,0.8,NA
460455,973,30294.7,0.34,0.08,0.86,NA
460456,974,30301,0.52,0.08,0.92,NA
460457,975,30306.9,0.61,0.08,0.84,NA
460458,976,30312.5,0.17,0.08,0.79,NA
460459,977,30317.8,-0.24,0.08,0.82,NA
460460,978,30323,-0.42,0.08,0.77,NA
460461,979,30328.2,-0.17,0.08,0.76,NA
460462,980,30333.1,-0.05,0.08,0.85,NA
460463,981,30337.8,-0.19,0.08,0.82,NA
460464,982,30342.3,-0.34,0.08,0.81,NA
460465,983,30346.7,0.46,0.08,0.93,NA
460466,984,30351.5,-0.21,0.08,0.97,NA
460467,985,30356.8,-0.66,0.08,0.85,NA
460468,986,30361.9,-0.2,0.08,0.91,NA
460469,987,30366.1,-0.64,0.08,0.88,NA
460470,988,30370.2,-0.7,0.08,0.83,NA
460471,991,30382.9,-0.39,0.08,0.84,NA
460472,992,30385.9,-0.43,0.08,0.9,NA
460473,993,30389.1,-0.61,0.08,1.11,NA
460474,994,30393.2,-1.08,0.08,0.89,NA
460475,995,30398.5,-0.35,0.08,0.84,NA
460476,996,30404.4,-0.32,0.08,0.85,NA
460477,997,30410.4,-0.54,0.08,0.86,NA
460478,998,30417.3,0.09,0.08,0.78,NA
460479,999,30426.3,-0.39,0.08,0.89,NA
460480,1000,30437.1,-0.8,0.08,0.98,NA
460481,1001,30449.4,-0.7,0.08,0.79,NA
460482,1002,30462.4,-0.79,0.08,0.85,NA
460483,1003,30475.8,-0.57,0.08,0.86,NA
460484,1004,30490.3,-0.9,0.08,0.87,NA
460485,1005,30506.4,-0.9,0.08,0.83,NA
460486,1006,30522.6,-0.33,0.08,0.85,NA
460487,1007,30537.3,-0.88,0.08,0.89,NA
460488,1008,30551.3,-0.47,0.08,0.93,NA
460489,1009,30565.6,-0.28,0.08,0.92,NA
460490,1010,30579.8,-0.49,0.08,0.89,NA
460491,1011,30593.6,-0.57,0.08,0.82,NA
460492,1012,30608.1,0.32,0.08,0.95,NA
460493,1013,30624,-0.54,0.08,1.01,NA
460494,1014,30639.4,-0.49,0.08,0.98,NA
460495,1015,30653.2,0.02,0.08,0.84,NA
460496,1016,30669.8,0,0.08,0.94,NA
460497,1017,30692.4,-0.31,0.08,1.07,NA
460498,1018,30714.7,-0.46,0.08,1.22,NA
460499,1019,30736,-0.47,0.08,1.11,NA
460500,1020,30790.2,-0.75,0.08,0.95,NA
460501,1021,30903.3,-0.56,0.08,1,NA
460502,1022,31035.4,-0.05,0.08,1.01,NA
460503,1023,31141.9,-0.24,0.08,0.92,NA
460504,1024,31225.4,-0.33,0.08,0.93,NA
460505,1025,31298.3,-0.34,0.08,1.31,NA
460506,1026,31364.5,0.33,0.08,0.94,NA
460507,1027,31425.7,-0.83,0.08,1.11,NA
460508,1028,31482.3,-1.02,0.08,0.99,NA
460509,1029,31534.5,-1.03,0.08,1,NA
460510,1030,31584.8,-1.18,0.08,0.87,NA
460511,1031,31634.8,-1.22,0.08,0.85,NA
460512,1032,31682.4,-1.11,0.08,0.8,NA
460513,1033,31725.2,-0.8,0.08,0.84,NA
460514,1034,31765.7,-0.82,0.08,0.83,NA
460515,1035,31807,-0.82,0.08,0.85,NA
460516,1036,31849,-0.33,0.08,0.86,NA
460517,1037,31891.2,-0.42,0.08,0.81,NA
460518,1038,31933.5,-0.27,0.08,0.85,NA
460519,1039,31975.6,-0.66,0.08,0.93,NA
460520,1040,32017,-0.59,0.08,0.99,NA
460521,1041,32057.6,-0.44,0.08,1.07,NA
460522,1042,32098,-0.35,0.08,1.06,NA
460523,1043,32139,-0.65,0.08,0.91,NA
460524,1044,32180,-0.81,0.08,1.06,NA
460525,1045,32220.4,-0.75,0.08,1.07,NA
460526,1046,32260.1,-1.05,0.08,1,NA
460527,1047,32299.2,-1.12,0.08,0.97,NA
460528,1048,32338.7,-0.39,0.08,1.01,NA
460529,1049,32379.1,-0.53,0.08,1.01,NA
460530,1050,32419,0.18,0.08,1.09,NA
460531,1051,32457.8,0.26,0.08,1.27,NA
460532,1052,32497.6,0.26,0.08,1.06,NA
460533,1053,32541.1,-0.39,0.08,1.24,NA
460534,1054,32588.3,-0.55,0.08,1.26,NA
460535,1055,32638.8,0.06,0.08,1.09,NA
460536,1056,32692.9,-0.24,0.08,0.85,NA
460537,1057,32750.8,-0.06,0.08,0.85,NA
460538,1058,32812,-0.08,0.08,0.88,NA
460539,1059,32874.7,-0.26,0.08,1.17,NA
460540,1060,32933.6,-0.8,0.08,1.27,NA
460541,1061,32984.4,-0.41,0.08,1.16,NA
460542,1062,33029.3,-0.43,0.08,1.32,NA
460543,1063,33071.6,-0.49,0.08,1.01,NA
460544,1064,33112.5,-0.49,0.08,1.27,NA
460545,1065,33152,-0.89,0.08,1.06,NA
460546,1066,33189,-0.71,0.08,0.98,NA
460547,1067,33222.7,-1.2,0.08,0.92,NA
460548,1068,33253.7,-1.1,0.08,0.93,NA
460549,1069,33283.3,-1.29,0.08,0.95,NA
460550,1070,33312.7,-1.12,0.08,0.87,NA
460551,1071,33342.4,-1.22,0.08,0.81,NA
460552,1072,33369.5,-1.56,0.08,0.92,NA
460553,1073,33391.2,-1.38,0.08,0.86,NA
460554,1074,33409.8,-1.2,0.08,1.05,NA
460555,1075,33428,-1.42,0.08,1.02,NA
460556,1076,33446.6,-1.41,0.08,1.07,NA
460557,1077,33465.5,-1.18,0.08,1.06,NA
460558,1078,33485,-1.27,0.08,1,NA
460559,1079,33504.9,-1.37,0.08,1.1,NA
460560,1080,33525.2,-1.38,0.08,0.89,NA
460561,1081,33545.7,-1.52,0.08,0.97,NA
460562,1082,33564.4,-1.46,0.08,0.99,NA
460563,1083,33580.2,-1.56,0.08,1.05,NA
460564,1084,33595.2,-1.54,0.08,1.54,NA
460565,1085,33611,-0.72,0.08,1.38,NA
460566,1086,33619,0.1,0.08,1.1,NA
460567,1087,33624.3,-0.51,0.08,1.02,NA
460568,1088,33628.9,-0.13,0.08,1.27,NA
460569,1089,33633.7,-0.8,0.08,1.04,NA
460570,1090,33637.8,-0.16,0.08,1.05,NA
460571,1091,33640.3,-1.07,0.08,1,NA
460572,1092,33641.3,-0.55,0.08,0.97,NA
460573,1093,33641.3,-0.7,0.08,0.98,NA
460574,1094,33641.3,-0.4,0.08,0.97,NA
460575,1095,33641.3,-0.34,0.08,1.21,NA
460576,1096,33641.3,-0.5,0.08,1.42,NA
460577,1097,33641.3,0.2,0.08,1.06,NA
460578,1098,33641.3,-0.28,0.08,1.1,NA
460579,1099,33641.3,-0.57,0.08,1.08,NA
460580,1100,33641.4,-0.05,0.08,1.15,NA
460581,1101,33641.4,0.01,0.08,0.94,NA
460582,1101.5,33641.4,0.23,0.08,1.08,NA
460583,1102,33641.5,-0.22,0.08,1.21,NA
460584,1102.5,33641.7,-0.43,0.08,1.26,NA
460585,1103,33641.8,-0.27,0.08,1.23,NA
460586,1104,33642.5,0.25,0.08,1.55,NA
460587,1105,33643.7,-0.02,0.08,1.1,NA
460588,1106,33645.1,-0.43,0.08,1.11,NA
460589,1107,33646.5,-0.39,0.08,1.22,NA
460590,1108,33647.6,-0.02,0.08,0.98,NA
460591,1109,33648.6,-0.66,0.08,0.92,NA
460592,1110,33649.9,-0.59,0.08,0.93,NA
460593,1111,33651.5,-0.14,0.08,1.07,NA
460594,1112,33653.2,-0.11,0.08,1.21,NA
460595,1113,33654.8,-0.43,0.08,0.91,NA
460596,1114,33656.3,-0.75,0.08,0.97,NA
460597,1115,33658.1,-0.42,0.08,0.95,NA
460598,1116,33660,-0.45,0.08,1.07,NA
460599,1117,33661.9,-0.18,0.08,1.1,NA
460600,1118,33663.4,-0.43,0.08,1.05,NA
460601,1119,33664.2,-0.52,0.08,1.06,NA
460602,1120,33664.8,-0.22,0.08,1.03,NA
460603,1121,33665.9,-0.48,0.08,1.11,NA
460604,1122,33667.3,-0.35,0.08,1.06,NA
460605,1123,33668.6,-0.22,0.08,1.09,NA
460606,1124,33670,0.24,0.08,1.1,NA
460607,1125,33672.7,-0.45,0.08,1.22,NA
460608,1126,33674.7,-0.66,0.08,1.08,NA
460609,1127,33675.5,-0.29,0.08,1.09,NA
460610,1128,33676,-0.24,0.08,0.99,NA
460611,1129,33677.4,-0.37,0.08,0.97,NA
460612,1130,33679.3,-0.27,0.08,0.88,NA
460613,1131,33681.3,-0.48,0.08,0.85,NA
460614,1132,33683.3,-0.37,0.08,1.04,NA
460615,1133,33685.3,-0.56,0.08,0.93,NA
460616,1134,33687.2,-0.48,0.08,1.07,NA
460617,1135,33688.7,-0.66,0.08,1.01,NA
460618,1136,33689.1,-0.47,0.08,1.02,NA
460619,1137,33689.1,-0.25,0.08,0.99,NA
460620,1138,33689.1,-0.93,0.08,0.91,NA
460621,1139,33689.2,-1.01,0.08,0.89,NA
460622,1140,33690,-0.59,0.08,1.01,NA
460623,1141,33692.1,-0.75,0.08,0.99,NA
460624,1142,33693.9,-0.69,0.08,0.98,NA
460625,1143,33694.3,-0.7,0.08,1.02,NA
460626,1144,33694.8,-0.78,0.08,0.98,NA
460627,1145,33696.9,-0.94,0.08,1.02,NA
460628,1146,33699.8,-0.75,0.08,0.91,NA
460629,1147,33702.1,-0.67,0.08,1.06,NA
460630,1148,33703.6,-0.57,0.08,0.91,NA
460631,1149,33704.1,-0.57,0.08,0.94,NA
460632,1150,33704.8,-0.6,0.08,1.03,NA
460633,1151,33706.8,-0.9,0.08,1.03,NA
460634,1152,33709.1,-0.87,0.08,0.97,NA
460635,1153,33710.5,-0.91,0.08,0.93,NA
460636,1154,33711.6,-0.65,0.08,0.84,NA
460637,1155,33713.1,-0.38,0.08,0.84,NA
460638,1156,33715,-0.47,0.08,0.93,NA
460639,1157,33716.9,-0.53,0.08,0.97,NA
460640,1158,33719.1,-0.75,0.08,0.97,NA
460641,1159,33721.5,-0.76,0.08,1.16,NA
460642,1160,33724.1,-0.78,0.08,0.9,NA
460643,1161,33726.5,-1.68,0.08,0.86,NA
460644,1162,33728.7,-1.12,0.08,0.83,NA
460645,1163,33730.7,-1.2,0.08,0.9,NA
460646,1164,33732.8,-0.82,0.08,0.89,NA
460647,1165,33735.3,-0.79,0.08,1.02,NA
460648,1166,33738.1,-0.78,0.08,0.95,NA
460649,1167,33741,-0.62,0.08,1.11,NA
460650,1168,33743.7,-0.57,0.08,1.05,NA
460651,1169,33745.9,-0.59,0.08,1.03,NA
460652,1170,33748.1,-1.18,0.08,0.96,NA
460653,1171,33750.7,-0.61,0.08,1.02,NA
460654,1172,33753.5,-0.64,0.08,1.01,NA
460655,1173,33756.1,-0.87,0.08,0.86,NA
460656,1174,33758.7,-0.85,0.08,0.91,NA
460657,1175,33761.4,-0.9,0.08,0.9,NA
460658,1176,33764.5,-0.87,0.08,0.94,NA
460659,1177,33768.4,-0.78,0.08,0.95,NA
460660,1178,33772.4,-0.63,0.08,1.13,NA
460661,1179,33776,-0.63,0.08,1.07,NA
460662,1180,33779.5,-0.5,0.08,1.08,NA
460663,1181,33783.3,-0.71,0.08,1.18,NA
460664,1182,33787.2,-0.71,0.08,1.02,NA
460665,1183,33791,-0.76,0.08,1.25,NA
460666,1184,33794.9,-0.62,0.08,1.05,NA
460667,1185,33799.2,-0.07,0.08,1.33,NA
460668,1186,33803.4,0.2,0.08,1.25,NA
460669,1187,33807.2,-0.42,0.08,1.11,NA
460670,1188,33810.9,-0.04,0.08,0.93,NA
460671,1189,33814.9,0.25,0.08,0.94,NA
460672,1190,33819,0.2,0.08,1.11,NA
460673,1191,33823,-0.01,0.08,1.04,NA
460674,1192,33826.8,0.05,0.08,0.94,NA
460675,1193,33830.1,0.13,0.08,0.92,NA
460676,1194,33831.6,-0.02,0.08,1.02,NA
460677,1195,33832.6,-0.23,0.08,0.99,NA
460678,1196,33832.6,-0.25,0.08,0.85,NA
460679,1197,33832.6,-0.19,0.08,0.99,NA
460680,1198,33832.6,0.43,0.08,1.12,NA
460681,1199,33832.6,0.07,0.08,0.88,NA
460682,1200,33833.3,0.09,0.08,1.03,NA
460683,1201,33833.7,0.41,0.08,0.92,NA
460684,1202,33834.5,0.32,0.08,0.99,NA
460685,1203,33837.2,-0.12,0.08,0.92,NA
460686,1204,33841.8,0.04,0.08,1,NA
460687,1205,33846.3,0.37,0.08,0.99,NA
460688,1206,33849.5,0.53,0.08,1.12,NA
460689,1207,33851,0.17,0.08,0.92,NA
460690,1208,33852.9,0.38,0.08,0.9,NA
460691,1209,33857.2,-0.4,0.08,0.84,NA
460692,1210,33862.8,-0.11,0.08,1.01,NA
460693,1211,33868.5,-0.44,0.08,0.9,NA
460694,1212,33873.9,-0.2,0.08,1.05,NA
460695,1213,33879.2,-0.04,0.08,0.81,NA
460696,1214,33885.2,-0.1,0.08,0.97,NA
460697,1215,33892.7,-0.42,0.08,0.84,NA
460698,1216,33900.6,-0.34,0.08,0.92,NA
460699,1217,33908.3,-0.17,0.08,0.9,NA
460700,1218,33916.6,-0.4,0.08,1.07,NA
460701,1219,33926.2,-0.44,0.08,0.84,NA
460702,1220,33935.7,-0.54,0.08,0.85,NA
460703,1221,33943.7,-0.39,0.08,0.8,NA
460704,1222,33951,-0.51,0.08,0.91,NA
460705,1223,33958.5,-0.48,0.08,0.84,NA
460706,1224,33966.3,-0.58,0.08,0.77,NA
460707,1225,33974.5,-0.52,0.08,0.71,NA
460708,1226,33982.8,-0.66,0.08,0.78,NA
460709,1227,33991.1,-0.79,0.08,0.72,NA
460710,1228,33999.3,-0.4,0.08,0.82,NA
460711,1229,34007.5,-0.23,0.08,0.9,NA
460712,1230,34015.4,0.05,0.08,0.88,NA
460713,1231,34023.1,0.19,0.08,0.96,NA
460714,1232,34030.7,-0.25,0.08,0.94,NA
460715,1233,34038.4,-0.35,0.08,0.87,NA
460716,1234,34046.4,-0.15,0.08,0.83,NA
460717,1235,34054.7,0.15,0.08,0.86,NA
460718,1236,34062.9,-0.1,0.08,0.85,NA
460719,1237,34070.7,0.08,0.08,0.86,NA
460720,1238,34078.8,-0.2,0.08,0.81,NA
460721,1239,34087.6,-0.24,0.08,0.94,NA
460722,1240,34096.8,-0.06,0.08,0.84,NA
460723,1241,34105.8,-0.17,0.08,0.79,NA
460724,1242,34114.5,-0.12,0.08,0.85,NA
460725,1243,34122.9,-0.26,0.08,0.9,NA
460726,1244,34131.5,-0.16,0.08,0.89,NA
460727,1245,34140.8,-0.4,0.08,0.89,NA
460728,1246,34150.3,0.03,0.08,0.85,NA
460729,1247,34159.6,0.12,0.08,0.83,NA
460730,1248,34169,-0.25,0.08,0.83,NA
460731,1249,34178.8,-0.15,0.08,0.83,NA
460732,1250,34188.9,-0.58,0.08,0.82,NA
460733,1251,34199.2,-0.63,0.08,0.86,NA
460734,1252,34209.8,-0.6,0.08,0.76,NA
460735,1253,34220.8,-0.51,0.08,0.76,NA
460736,1254,34231.9,-0.78,0.08,0.72,NA
460737,1255,34242.7,-0.71,0.08,0.75,NA
460738,1256,34253.4,-0.64,0.08,0.79,NA
460739,1257,34264.7,-0.49,0.08,0.74,NA
460740,1258,34276.8,-0.36,0.08,0.92,NA
460741,1259,34289.8,-0.25,0.08,0.79,NA
460742,1260,34302.2,-0.3,0.08,0.88,NA
460743,1261,34313,0.1,0.08,0.88,NA
460744,1262,34323.3,-0.08,0.08,0.86,NA
460745,1263,34334.4,-0.16,0.08,0.81,NA
460746,1264,34345.6,-0.37,0.08,0.82,NA
460747,1265,34355.9,-0.08,0.08,0.82,NA
460748,1266,34365.6,-0.23,0.08,0.84,NA
460749,1267,34375.2,-0.24,0.08,0.83,NA
460750,1268,34384.2,-0.04,0.08,0.9,NA
460751,1269,34392.3,-0.32,0.08,0.88,NA
460752,1270,34400.1,-0.76,0.08,0.78,NA
460753,1271,34408.6,-0.87,0.08,0.89,NA
460754,1272,34417.7,-0.5,0.08,0.75,NA
460755,1273,34426.9,-0.63,0.08,0.85,NA
460756,1274,34435.5,-0.86,0.08,0.86,NA
460757,1275,34443.2,-0.9,0.08,0.8,NA
460758,1276,34450.7,-1.1,0.08,0.85,NA
460759,1277,34458.9,-1.04,0.08,0.86,NA
460760,1278,34467.4,-1.16,0.08,0.77,NA
460761,1279,34475.5,-1.36,0.08,0.79,NA
460762,1280,34483.5,-0.79,0.08,0.77,NA
460763,1281,34491.3,-1.24,0.08,0.79,NA
460764,1282,34498.9,-1.32,0.08,0.93,NA
460765,1283,34506.4,-0.86,0.08,0.82,NA
460766,1284,34513.8,-1.16,0.08,0.87,NA
460767,1285,34521.2,-0.43,0.08,0.74,NA
460768,1286,34529,-0.57,0.08,1.17,NA
460769,1287,34537.4,-0.17,0.08,0.75,NA
460770,1288,34545.3,-1.67,0.08,0.83,NA
460771,1289,34551.8,-0.15,0.08,0.97,NA
460772,1290,34557.9,-0.82,0.08,1.23,NA
460773,1291,34564.5,-0.62,0.08,0.91,NA
460774,1292,34571.5,-1.24,0.08,0.99,NA
460775,1293,34578.4,-1.11,0.08,0.84,NA
460776,1294,34585,-1.44,0.08,0.86,NA
460777,1295,34591.6,-0.5,0.08,0.8,NA
460778,1296,34598,-1.01,0.08,0.81,NA
460779,1297,34604.4,-0.98,0.08,0.97,NA
460780,1298,34610.8,-1.1,0.08,0.91,NA
460781,1299,34617,-1.09,0.08,1.04,NA
460782,1300,34623.1,-1.25,0.08,0.81,NA
460783,1301,34628.9,-1.01,0.08,0.78,NA
460784,1302,34634.9,-1.21,0.08,0.84,NA
460785,1303,34641.6,-1.27,0.08,0.89,NA
460786,1304,34648.4,-0.75,0.08,0.9,NA
460787,1305,34654.4,-1.3,0.08,0.81,NA
460788,1306,34660.1,-1.46,0.08,0.88,NA
460789,1307,34665.9,-1.59,0.08,0.9,NA
460790,1308,34672,-1.24,0.08,0.88,NA
460791,1309,34678.4,-1.3,0.08,0.85,NA
460792,1310,34685.2,-1.45,0.08,0.88,NA
460793,1311,34692.5,-1.46,0.08,0.82,NA
460794,1312,34700,-1.37,0.08,0.79,NA
460795,1313,34707.8,-1.03,0.08,0.86,NA
460796,1314,34715.7,-0.94,0.08,1,NA
460797,1315,34723.6,-1.02,0.08,0.96,NA
460798,1316,34731.2,-1.15,0.08,0.95,NA
460799,1317,34738.5,-0.81,0.08,0.93,NA
460800,1318,34745.8,-1.26,0.08,0.93,NA
460801,1319,34753.3,-1.3,0.08,0.89,NA
460802,1320,34761,-1.06,0.08,0.9,NA
460803,1321,34768.6,-0.53,0.08,0.95,NA
460804,1322,34776.2,-1.09,0.08,0.89,NA
460805,1323,34784,-1.38,0.08,1,NA
460806,1324,34791.8,-0.94,0.08,1.06,NA
460807,1325,34799.4,-1.07,0.08,1.06,NA
460808,1326,34807,-0.98,0.08,0.89,NA
460809,1327,34814.6,-1.38,0.08,0.96,NA
460810,1328,34822.1,-1.11,0.08,0.83,NA
460811,1329,34829.6,-0.95,0.08,0.97,NA
460812,1330,34837.2,-0.57,0.08,0.91,NA
460813,1331,34844.8,-0.41,0.08,1.22,NA
460814,1332,34852.6,-0.74,0.08,1.12,NA
460815,1333,34860.6,-0.55,0.08,1.06,NA
460816,1334,34868.4,-0.47,0.08,1.06,NA
460817,1335,34875.8,-0.65,0.08,1.1,NA
460818,1336,34883.2,-0.66,0.08,1.13,NA
460819,1337,34891.1,-0.82,0.08,1.06,NA
460820,1338,34898.9,-1.3,0.08,0.99,NA
460821,1339,34906.2,-1.06,0.08,0.95,NA
460822,1340,34913.4,-0.89,0.08,1.04,NA
460823,1341,34920.9,-0.94,0.08,1.24,NA
460824,1342,34928.6,-0.83,0.08,0.99,NA
460825,1343,34936.2,-1.03,0.08,1.05,NA
460826,1344,34943.5,-0.79,0.08,1.07,NA
460827,1345,34950.6,-1.05,0.08,0.98,NA
460828,1346,34957.6,-1.07,0.08,1.25,NA
460829,1347,34964.7,-1.28,0.08,1.22,NA
460830,1348,34972.1,-1.24,0.08,1.18,NA
460831,1349,34980,-1.26,0.08,1.13,NA
460832,1350,34987.9,-1.05,0.08,1.3,NA
460833,1351,34995.2,-1.15,0.08,1.16,NA
460834,1352,35002.5,-1.01,0.08,1.12,NA
460835,1353,35010.2,-0.86,0.08,1.13,NA
460836,1354,35017.9,-0.88,0.08,0.99,NA
460837,1355,35025.1,-1.03,0.08,1,NA
460838,1356,35031.7,-1.18,0.08,1.09,NA
460839,1357,35037.9,-1.54,0.08,1.02,NA
460840,1358,35044.4,-1.46,0.08,0.98,NA
460841,1359,35051.7,-1.29,0.08,1.02,NA
460842,1360,35058.5,-1.79,0.08,1.1,NA
460843,1361,35063.6,-1.8,0.08,1.06,NA
460844,1362,35068.7,-1.54,0.08,1.04,NA
460845,1363,35075.7,-1.43,0.08,1.01,NA
460846,1364,35082.9,-1.07,0.08,0.99,NA
460847,1365,35088.8,-0.9,0.08,0.91,NA
460848,1366,35094.6,-1.21,0.08,0.88,NA
460849,1367,35102,-1.24,0.08,0.79,NA
460850,1368,35109.7,-1.33,0.08,0.8,NA
460851,1369,35116.3,-1.54,0.08,0.77,NA
460852,1370,35122.5,-1.55,0.08,0.75,NA
460853,1371,35129,-1.63,0.08,1.03,NA
460854,1372,35135.4,-1.41,0.08,0.91,NA
460855,1373,35140.9,-1.5,0.08,0.9,NA
460856,1374,35146.2,-2.42,0.08,0.8,NA
460857,1375,35151.8,-1.71,0.08,0.94,NA
460858,1376,35158,-1.38,0.08,0.82,NA
460859,1377,35164.8,-1.83,0.08,0.83,NA
460860,1378,35171.8,-0.85,0.08,0.88,NA
460861,1379,35178.8,-1.66,0.08,0.86,NA
460862,1380,35186.1,-1.1,0.08,0.84,NA
460863,1381,35194,-1.45,0.08,0.98,NA
460864,1382,35202.1,-1.58,0.08,0.96,NA
460865,1383,35209.7,-1.47,0.08,0.81,NA
460866,1384,35217,-0.18,0.08,0.81,NA
460867,1385,35224.1,-0.61,0.08,0.81,NA
460868,1386,35231,-1,0.08,0.85,NA
460869,1387,35237.9,-1.27,0.08,0.85,NA
460870,1388,35244.9,-1.46,0.08,0.8,NA
460871,1389,35252.1,-1.42,0.08,0.89,NA
460872,1390,35259.4,-1.57,0.08,0.83,NA
460873,1391,35266.5,-1.37,0.08,0.87,NA
460874,1392,35273.5,-1.61,0.08,0.87,NA
460875,1393,35280.7,-1.46,0.08,1.18,NA
460876,1394,35288,-1.47,0.08,0.87,NA
460877,1395,35295.5,-1.24,0.08,0.99,NA
460878,1396,35302.7,-1.49,0.08,0.79,NA
460879,1397,35309.4,-1.57,0.08,0.88,NA
460880,1398,35316.2,-1.5,0.08,0.91,NA
460881,1399,35323.7,-1.73,0.08,0.82,NA
460882,1400,35331.5,-1.5,0.08,0.83,NA
460883,1401,35338.7,-1.36,0.08,1.42,NA
460884,1402,35345.8,-1.55,0.08,1.3,NA
460885,1403,35353,-1.73,0.08,1.01,NA
460886,1404,35360.3,-2.14,0.08,0.89,NA
460887,1405,35367.5,-1.44,0.08,0.86,NA
460888,1406,35374.4,-1.72,0.08,0.82,NA
460889,1407,35381.2,-1.85,0.08,0.79,NA
460890,1408,35388,-1.81,0.08,0.89,NA
460891,1409,35395.1,-2.01,0.08,0.85,NA
460892,1410,35402.4,-1.84,0.08,0.94,NA
460893,1411,35410,-1.6,0.08,0.88,NA
460894,1412,35417.4,-1.52,0.08,0.93,NA
460895,1413,35424,-1.65,0.08,0.92,NA
460896,1414,35430.3,-2.01,0.08,0.95,NA
460897,1415,35437,-2.04,0.08,1,NA
460898,1416,35444.2,-1.72,0.08,1.04,NA
460899,1417,35451.8,-1.78,0.08,0.73,NA
460900,1418,35459.2,-1.73,0.08,0.79,NA
460901,1419,35466,-1.72,0.08,0.67,NA
460902,1420,35472.9,-1.69,0.08,0.72,NA
460903,1421,35480.2,-1.49,0.08,0.72,NA
460904,1422,35487.7,-0.95,0.08,0.77,NA
460905,1423,35495,-1.42,0.08,0.64,NA
460906,1424,35502.6,-1.15,0.08,0.69,NA
460907,1425,35510.6,-1.29,0.08,0.7,NA
460908,1426,35518.7,-1.52,0.08,0.7,NA
460909,1427,35526.4,-1.33,0.08,0.79,NA
460910,1428,35533.7,-1.29,0.08,0.74,NA
460911,1429,35540.7,-1.28,0.08,0.68,NA
460912,1430,35548,-1.33,0.08,0.71,NA
460913,1431,35555.9,-1.08,0.08,0.81,NA
460914,1432,35563.7,-1.4,0.08,0.71,NA
460915,1433,35570.9,-1.06,0.08,0.69,NA
460916,1434,35577.8,-0.38,0.08,0.76,NA
460917,1435,35584.7,-1.12,0.08,0.77,NA
460918,1436,35591.9,-1.18,0.08,0.79,NA
460919,1437,35599.5,-0.88,0.08,0.73,NA
460920,1438,35606.9,-0.87,0.08,1.01,NA
460921,1439,35613.8,-0.7,0.08,0.77,NA
460922,1440,35620.6,-0.08,0.08,0.74,NA
460923,1441,35627.8,0.06,0.08,0.83,NA
460924,1442,35634.9,0.23,0.08,0.75,NA
460925,1443,35641.3,0.09,0.08,0.78,NA
460926,1444,35647.8,0.03,0.08,0.8,NA
460927,1445,35655.1,-0.51,0.08,0.8,NA
460928,1446,35662.8,0.06,0.08,0.73,NA
460929,1447,35670.5,0.73,0.08,0.77,NA
460930,1448,35678,1.09,0.08,0.83,NA
460932,1450,41658,-0.17,0.08,0.72,NA
460933,1451,41663.6,-0.08,0.08,0.77,NA
460934,1452,41669.3,-0.48,0.08,0.7,NA
460935,1453,41675.1,0.39,0.08,1.42,NA
460936,1454,41680.9,-0.08,0.08,1.66,NA
460937,1455,41686.5,-0.4,0.08,0.84,NA
460938,1456,41692,-0.54,0.08,1.04,NA
460939,1457,41697.1,-0.55,0.08,1.67,NA
460940,1458,41701.9,-0.22,0.08,1.11,NA
460941,1459,41706.7,-0.49,0.08,0.98,NA
460942,1460,41711.8,-0.55,0.08,1,NA
460943,1461,41717.1,0.27,0.08,1.85,NA
460944,1462,41722.3,-0.5,0.08,1.15,NA
460945,1463,41728.2,-0.49,0.08,1.11,NA
460946,1464,41735.5,-0.35,0.08,1.23,NA
460947,1465,41743.2,-0.22,0.08,1.12,NA
460948,1466,41750.6,-0.29,0.08,1.16,NA
460949,1467,41758.2,-0.31,0.08,1.14,NA
460950,1468,41766.4,-0.26,0.08,1,NA
460951,1469,41774.9,-0.63,0.08,1.13,NA
460952,1470,41783,-0.13,0.08,1.01,NA
460953,1471,41790.3,-0.12,0.08,0.9,NA
460954,1472,41796.2,-0.31,0.08,1.03,NA
460955,1473,41801.9,-0.15,0.08,1.16,NA
460956,1474,41808.6,-0.22,0.08,1,NA
460957,1475,41815.6,-0.36,0.08,0.98,NA
460958,1476,41822.2,0,0.08,0.95,NA
460959,1477,41828.1,-0.2,0.08,0.94,NA
460960,1478,41833.6,-0.3,0.08,0.91,NA
460961,1479,41839,-0.61,0.08,0.86,NA
460962,1480,41844.8,-1.01,0.08,0.84,NA
460963,1481,41851.6,-0.8,0.08,0.83,NA
460964,1482,41859.5,-0.86,0.08,0.84,NA
460965,1483,41867.2,-0.82,0.08,0.89,NA
460966,1484,41873.1,-0.64,0.08,0.81,NA
460967,1485,41877.5,-0.53,0.08,0.91,NA
460968,1486,41881.2,-0.55,0.08,0.86,NA
460969,1487,41885.2,-0.57,0.08,0.88,NA
460970,1488,41888.8,-0.45,0.08,0.84,NA
460971,1489,41890.7,-0.64,0.08,0.82,NA
460972,1490,41891.4,-0.72,0.08,0.87,NA
460973,1491,41892,-0.75,0.08,0.96,NA
460974,1492,41893.2,-0.73,0.08,0.78,NA
460975,1493,41894.1,-0.72,0.08,0.86,NA
460976,1494,41894.1,-0.49,0.08,0.8,NA
460977,1495,41894.2,-0.87,0.08,0.86,NA
460978,1496,41894.2,-0.72,0.08,0.82,NA
460979,1497,41894.3,-1.14,0.08,0.82,NA
460980,1498,41894.3,-0.99,0.08,0.79,NA
460981,1499,41894.4,-1.1,0.08,0.8,NA
460982,1500,41894.5,-1,0.08,0.83,NA
460983,1501,41894.6,-0.96,0.08,0.81,NA
460984,1502,41894.7,-0.68,0.08,0.86,NA
460985,1503,41895,-0.91,0.08,0.81,NA
460986,1504,41895.2,-0.46,0.08,0.91,NA
460987,1505,41896.5,-0.89,0.08,0.79,NA
460988,1506,41899.9,-1.19,0.08,0.93,NA
460989,1507,41910.5,-0.62,0.08,0.96,NA
460990,1508,41923.8,-0.99,0.08,0.8,NA
460991,1509,41937.4,-1.1,0.08,0.89,NA
460992,1510,41950,-0.95,0.08,0.8,NA
460993,1511,41963.3,-1.18,0.08,0.91,NA
460994,1512,41979.5,-0.89,0.08,0.93,NA
460995,1513,41998.7,-0.75,0.08,0.97,NA
460996,1514,42020.9,-0.91,0.08,0.86,NA
460997,1515,42046.4,-0.78,0.08,0.94,NA
460998,1516,42075.5,-0.93,0.08,0.93,NA
460999,1517,42107.1,-1.02,0.08,0.9,NA
461000,1518,42140.4,-0.34,0.08,0.9,NA
461001,1519,42177.3,-0.86,0.08,0.96,NA
461002,1520,42219.4,-0.63,0.08,0.9,NA
461003,1521,42263.4,-0.89,0.08,0.94,NA
461004,1522,42305.8,-0.84,0.08,0.9,NA
461005,1523,42346.9,-0.91,0.08,0.87,NA
461006,1524,42386.8,-0.84,0.08,0.82,NA
461007,1525,42422.9,-0.93,0.08,0.84,NA
461008,1526,42452.5,-0.98,0.08,0.75,NA
461009,1527,42476.1,-1.45,0.08,0.86,NA
461010,1528,42495.2,-1.04,0.08,0.83,NA
461011,1529,42512.1,-1.33,0.08,1,NA
461012,1530,42529,-0.9,0.08,0.84,NA
461013,1531,42546,-1.62,0.08,0.89,NA
461014,1532,42563,-1.35,0.08,0.85,NA
461015,1533,42580.3,-1.32,0.08,0.87,NA
461016,1534,42598.3,-1.12,0.08,1,NA
461017,1535,42617.4,-0.78,0.08,0.93,NA
461018,1536,42637.4,-1.29,0.08,0.89,NA
461019,1537,42656.7,-0.85,0.08,0.97,NA
461020,1538,42674.1,-1.64,0.08,0.92,NA
461021,1539,42691.7,-1.44,0.08,1.57,NA
461022,1540,42711.3,-1.71,0.08,1.03,NA
461023,1541,42732.1,-0.99,0.08,0.84,NA
461024,1542,42753.2,-1.13,0.08,0.9,NA
461025,1543,42774.9,-1.41,0.08,0.92,NA
461026,1544,42797.3,-1.17,0.08,0.94,NA
461027,1545,42820.2,-1.07,0.08,0.87,NA
461028,1546,42842.9,-1.49,0.08,1.09,NA
461029,1547,42864.9,-1.84,0.08,0.86,NA
461030,1548,42885.9,-1.45,0.08,0.83,NA
461031,1549,42905.8,-1.6,0.08,0.82,NA
461032,1550,42924.6,-1.79,0.08,0.91,NA
461033,1551,42941.7,-1.69,0.08,0.82,NA
461034,1552,42956.9,-1.65,0.08,0.87,NA
461035,1553,42971.3,-1.63,0.08,0.87,NA
461036,1554,42985.9,-1.59,0.08,0.98,NA
461037,1555,42999.8,-1.53,0.08,0.9,NA
461038,1556,43012.1,-1.13,0.08,1.03,NA
461039,1557,43023.8,-1.43,0.08,0.89,NA
461040,1558,43035.8,-1.26,0.08,0.89,NA
461041,1559,43047.3,-1.32,0.08,1,NA
461042,1560,43057.6,-1.35,0.08,0.86,NA
461043,1561,43067,-1.3,0.08,0.94,NA
461044,1562,43076,-1.06,0.08,0.93,NA
461045,1563,43083.5,-1.05,0.08,1.1,NA
461046,1564,43089.1,-1.33,0.08,0.96,NA
461047,1565,43094.9,-1.5,0.08,0.94,NA
461048,1566,43102.9,-1.45,0.08,1.02,NA
461049,1567,43110.6,-1.33,0.08,0.93,NA
461050,1568,43115.6,-1.05,0.08,0.96,NA
461051,1569,43120.4,-1.35,0.08,0.93,NA
461052,1570,43127.4,-1.17,0.08,0.91,NA
461053,1571,43134.6,-1.32,0.08,0.95,NA
461054,1572,43139.7,-1.2,0.08,0.97,NA
461055,1573,43142.8,-1.19,0.08,1,NA
461056,1574,43144.9,-0.95,0.08,1.05,NA
461057,1575,43147.6,-1.09,0.08,1.03,NA
461058,1576,43152,-1.17,0.08,1.02,NA
461059,1577,43156.9,-1.49,0.08,1,NA
461060,1578,43160.9,-1.06,0.08,1.03,NA
461061,1579,43164.8,-1.07,0.08,0.99,NA
461062,1580,43169.4,-0.74,0.08,1.16,NA
461063,1581,43174.5,-0.66,0.08,1.13,NA
461064,1582,43179.5,-0.68,0.08,1.18,NA
461065,1583,43184.8,-1.13,0.08,1.15,NA
461066,1584,43191,-0.56,0.08,1.3,NA
461067,1585,43197.4,-1.07,0.08,1.32,NA
461068,1586,43203.7,-0.62,0.08,1.24,NA
461069,1587,43210,-0.76,0.08,1.02,NA
461070,1588,43216.4,-0.76,0.08,1.03,NA
461071,1589,43222.8,-1.13,0.08,0.95,NA
461072,1590,43229.1,-1.38,0.08,1.01,NA
461073,1591,43235.6,-1.36,0.08,1,NA
461074,1592,43242.2,-1.42,0.08,0.95,NA
461075,1593,43248.8,-1.67,0.08,0.98,NA
461076,1594,43254.8,-1.55,0.08,1.12,NA
461077,1595,43260.6,-1.31,0.08,0.91,NA
461078,1596,43266.2,-1.51,0.08,0.9,NA
461079,1597,43271.6,-1.57,0.08,0.94,NA
461080,1598,43276.9,-1.48,0.08,0.98,NA
461081,1599,43281.8,-1.33,0.08,0.92,NA
461082,1600,43286.4,-0.88,0.08,1.31,NA
461083,1601,43291,-0.56,0.08,1.3,NA
461084,1602,43296,-0.76,0.08,1.22,NA
461085,1603,43301.5,-1.37,0.08,1.17,NA
461086,1604,43307.5,-1.1,0.08,1.13,NA
461087,1605,43313.7,-0.49,0.08,1.28,NA
461088,1606,43319.7,-0.78,0.08,1.17,NA
461089,1607,43325.7,-0.94,0.08,1.23,NA
461090,1608,43332,-1.26,0.08,1.07,NA
461091,1609,43338.3,-1.22,0.08,1.12,NA
461092,1610,43344.2,-1.22,0.08,1.08,NA
461093,1611,43349.6,-1.3,0.08,0.95,NA
461094,1612,43354.5,-1.26,0.08,0.99,NA
461095,1613,43359.7,-1.18,0.08,1.09,NA
461096,1614,43365.4,-0.98,0.08,1.06,NA
461097,1615,43371.5,-1.06,0.08,1.08,NA
461098,1616,43377.4,-1,0.08,0.99,NA
461099,1617,43383.2,-1.03,0.08,0.97,NA
461100,1618,43389,-0.75,0.08,1.02,NA
461101,1619,43401.3,-0.71,0.08,1.03,NA
461102,1621,43408.2,-0.5,0.08,1.05,NA
461103,1622,43415.5,-1.76,0.08,0,NA
461104,1623,43422.9,-1.06,0.08,0.93,NA
461105,1624,43430,-1.18,0.08,0.9,NA
461106,1625,43436.8,-0.82,0.08,0.88,NA
461107,1626,43443.7,-0.7,0.08,0.91,NA
461108,1627,43451,-0.66,0.08,0.96,NA
461109,1628,43467,-1.07,0.08,0.92,NA
461110,1630,43475,-1.35,0.08,0.79,NA
461111,1631,43483.3,-1.25,0.08,0.83,NA
461112,1632,43492.1,-1.04,0.08,0.87,NA
461113,1633,43501,-0.94,0.08,0.87,NA
461114,1634,43509.6,-0.86,0.08,1.01,NA
461115,1635,43518.4,-0.27,0.08,0.93,NA
461116,1636,43527.8,0.01,0.08,0.91,NA
461117,1637,43537.3,-0.79,0.08,0.9,NA
461118,1638,43546.6,-0.71,0.08,1.05,NA
461119,1639,43556,-0.61,0.08,0.94,NA
461120,1640,43566,-0.03,0.08,1.12,NA
461121,1641,43576.2,-0.18,0.08,1.22,NA
461122,1642,43585.9,-0.36,0.08,1.1,NA
461123,1643,43595.5,-0.18,0.08,1.26,NA
461124,1644,43605.1,-0.17,0.08,1.08,NA
461125,1645,43614.9,-0.05,0.08,1.19,NA
461126,1646,43624.6,0.09,0.08,1.24,NA
461127,1647,43634.4,-0.37,0.08,1.13,NA
461128,1648,43644.3,-0.5,0.08,1.05,NA
461129,1649,43654.4,-0.68,0.08,1.1,NA
461130,1650,43664.9,-0.28,0.08,1.06,NA
461131,1651,43675.1,-0.27,0.08,1.21,NA
461132,1652,43715.9,-0.81,0.08,0.99,NA
461133,1656,43726.8,-0.59,0.08,0.96,NA
461134,1657,43738,0.04,0.08,1.07,NA
461135,1658,43749.7,-0.24,0.08,1.22,NA
461136,1659,43761.3,-0.42,0.08,1.07,NA
461137,1660,43772.5,-0.53,0.08,1.09,NA
461138,1661,43778,-0.51,0.08,1.11,NA
461139,1661.5,43783.5,-0.54,0.08,1.2,NA
461140,1662,43789,0.08,0.08,1.08,NA
461141,1662.5,43794.5,-0.78,0.08,0.94,NA
461142,1663,43805.4,-0.65,0.08,1.06,NA
461143,1664,43816.1,-0.86,0.08,0.93,NA
461144,1665,43828.2,-1.05,0.08,1.11,NA
461145,1666,43842.9,-1.11,0.08,0.98,NA
461146,1667,43857.6,-0.86,0.08,1.14,NA
461147,1668,43869.8,-0.81,0.08,1.12,NA
461148,1669,43880.7,-1.11,0.08,1.12,NA
461149,1670,43891.8,-1,0.08,0.91,NA
461150,1671,43903.3,-1,0.08,0.95,NA
461151,1672,43915,-1.18,0.08,0.89,NA
461152,1673,43927.1,-1,0.08,0.91,NA
461153,1674,43939.6,-0.83,0.08,0.96,NA
461154,1675,43951.8,-0.87,0.08,0.91,NA
461155,1676,43963.5,-0.49,0.08,0.88,NA
461156,1677,43975.8,-0.49,0.08,0.73,NA
461157,1678,43989.8,-0.13,0.08,0.86,NA
461158,1679,44004.5,-0.75,0.08,0.91,NA
461159,1680,44018.4,-0.4,0.08,0.9,NA
461160,1681,44031.3,-0.38,0.08,0.92,NA
461161,1682,44043.3,-0.74,0.08,0.97,NA
461162,1683,44055.7,-0.77,0.08,0.96,NA
461163,1684,44069.4,-0.51,0.08,1.2,NA
461164,1685,44083.4,-0.63,0.08,0.92,NA
461165,1686,44096.7,-0.74,0.08,0.99,NA
461166,1687,44109.4,-0.92,0.08,1.08,NA
461167,1688,44122,-0.88,0.08,1.14,NA
461168,1689,44134.5,-1.04,0.08,1.18,NA
461169,1690,44147,-1.11,0.08,1.18,NA
461170,1691,44159.6,-1.16,0.08,1.15,NA
461171,1692,44172.4,-0.95,0.08,1.11,NA
461172,1693,44185.1,-0.93,0.08,1.11,NA
461173,1694,44197.4,-1.01,0.08,0.96,NA
461174,1695,44209.8,-0.76,0.08,0.93,NA
461175,1696,44222.4,-0.96,0.08,0.94,NA
461176,1697,44235,-1.01,0.08,0.93,NA
461177,1698,44247.4,-1.07,0.08,0.94,NA
461178,1699,44259.8,-0.95,0.08,0.94,NA
461179,1700,44272.6,-1.56,0.08,0.92,NA
461180,1701,44285.8,-0.83,0.08,0.98,NA
461181,1702,44299.2,-1.18,0.08,1.03,NA
461182,1703,44312.3,-0.87,0.08,1.15,NA
461183,1704,44325,-0.88,0.08,0.98,NA
461184,1705,44337.8,-0.68,0.08,1.1,NA
461185,1706,44351.3,-1.27,0.08,1.01,NA
461186,1707,44364.7,-1.28,0.08,0.93,NA
461187,1708,44377.5,-1.24,0.08,0.89,NA
461188,1709,44390.1,-1.16,0.08,0.92,NA
461189,1710,44402.9,-0.93,0.08,0.98,NA
461190,1711,44416.2,-0.79,0.08,0.9,NA
461191,1712,44429.8,-0.99,0.08,0.91,NA
461192,1713,44443.7,-0.75,0.08,0.92,NA
461193,1714,44457.7,-0.59,0.08,1.01,NA
461194,1715,44471.8,-0.67,0.08,1.04,NA
461195,1716,44486,-1.08,0.08,0.93,NA
461196,1717,44500.5,-0.93,0.08,0.89,NA
461197,1718,44515,-0.81,0.08,0.96,NA
461198,1719,44529.5,-1.1,0.08,1,NA
461199,1720,44543.8,-0.95,0.08,0.93,NA
461200,1721,44558.3,-1.54,0.08,0.87,NA
461201,1722,44573.1,-1.14,0.08,0.83,NA
461202,1723,44587.7,-1.12,0.08,0.9,NA
461203,1724,44601.4,-1.09,0.08,0.93,NA
461204,1725,44614.6,-0.63,0.08,1.04,NA
461205,1726,44627.5,-0.7,0.08,1.04,NA
461206,1727,44640.5,-0.76,0.08,0.92,NA
461207,1728,44653.6,-0.76,0.08,0.87,NA
461208,1729,44666.8,-0.64,0.08,0.81,NA
461209,1730,44680.2,-0.57,0.08,0.84,NA
461210,1731,44693.4,-1.05,0.08,0.96,NA
461211,1732,44706.2,-1.02,0.08,1.01,NA
461212,1733,44718.5,-1.05,0.08,1.06,NA
461213,1734,44730.6,-0.69,0.08,0.97,NA
461214,1735,44742.8,-0.46,0.08,0.93,NA
461215,1736,44755.5,-1.05,0.08,1.34,NA
461216,1737,44768.4,-0.93,0.08,1.02,NA
461217,1738,44781.2,-0.63,0.08,1.1,NA
461218,1739,44793.9,-0.84,0.08,1,NA
461219,1740,44806.7,-1.09,0.08,1.1,NA
461220,1741,44819.7,-1.05,0.08,1.04,NA
461221,1742,44833.1,-0.88,0.08,1.05,NA
461222,1743,44846.6,-1.16,0.08,0.99,NA
461223,1744,44860.2,-1.12,0.08,1.01,NA
461224,1745,44873.7,-1.03,0.08,1.16,NA
461225,1746,44887.1,-0.53,0.08,1.32,NA
461226,1747,44901.1,-0.57,0.08,1.09,NA
461227,1748,44916,-1.16,0.08,1.06,NA
461228,1749,44931.6,-1.2,0.08,0.95,NA
461229,1750,44947.2,-0.86,0.08,0.97,NA
461230,1751,44962.8,-0.88,0.08,0.97,NA
461231,1752,44978.7,-0.56,0.08,1.15,NA
461232,1753,44994.7,-0.77,0.08,1.26,NA
461233,1754,45010.8,-1.27,0.08,1.1,NA
461234,1755,45026.9,-1.08,0.08,1.18,NA
461235,1756,45042.7,-1.19,0.08,1.13,NA
461236,1757,45059.2,-1.35,0.08,1.33,NA
461237,1758,45076.4,-0.3,0.08,1.16,NA
461238,1759,45092.2,-0.37,0.08,1.11,NA
461239,1760,45105.7,-0.29,0.08,1.16,NA
461240,1761,45125.8,0.18,0.08,1.88,NA
461241,1762,45159,0.15,0.08,1.66,NA
461242,1763,45191.3,1.05,0.08,1.14,NA
461243,1764,45209.2,1.27,0.08,1.27,NA
461244,1765,45220.7,-0.11,0.08,1.45,NA
461245,1766,45235.9,0.07,0.08,1.09,NA
461246,1767,45253.3,0.03,0.08,1.25,NA
461247,1768,45269.4,-0.1,0.08,1.32,NA
461248,1769,45285.1,-0.14,0.08,0.94,NA
461249,1770,45302.4,0.35,0.08,0.91,NA
461250,1771,45323.2,-0.46,0.08,0.83,NA
461251,1772,45348,0,0.08,0.94,NA
461252,1773,45369.8,-0.8,0.08,0.95,NA
461253,1774,45382,-0.77,0.08,1,NA
461254,1775,45388.3,-0.65,0.08,1.09,NA
461255,1776,45393.8,-0.43,0.08,0.99,NA
461256,1777,45400.2,-0.52,0.08,1.01,NA
461257,1778,45408.1,-0.72,0.08,0.92,NA
461258,1779,45417.8,-0.01,0.08,0.94,NA
461259,1780,45429.1,-0.55,0.08,0.95,NA
461260,1781,45441.8,-0.5,0.08,0.9,NA
461261,1782,45455.4,-0.86,0.08,0.85,NA
461262,1783,45469.5,-1.19,0.08,1.03,NA
461263,1784,45483.4,-1.25,0.08,0.87,NA
461264,1785,45496.9,-1.23,0.08,0.91,NA
461265,1786,45509.9,-1.26,0.08,0.88,NA
461266,1787,45522.9,-0.39,0.08,1,NA
461267,1788,45536.6,-0.4,0.08,1.09,NA
461268,1789,45550.4,-1.36,0.08,1.07,NA
461269,1790,45563.7,-0.87,0.08,0.98,NA
461270,1791,45576.8,-0.36,0.08,0.93,NA
461271,1792,45589.8,-0.85,0.08,0.98,NA
461272,1793,45602.9,-0.65,0.08,0.99,NA
461273,1794,45616.2,-1.1,0.08,0.96,NA
461274,1795,45629.8,-0.88,0.08,0.94,NA
461275,1796,45643.5,-1,0.08,1,NA
461276,1797,45657,0.3,0.08,1.14,NA
461277,1798,45669.9,0.17,0.08,1.05,NA
461278,1799,45682.7,-0.79,0.08,0.98,NA
461279,1800,45695.8,-1.32,0.08,0.88,NA
461280,1801,45721.7,-1.16,0.08,1.14,NA
461281,1803,45734.5,-1.14,0.08,0.85,NA
461282,1804,45747.7,-1.27,0.08,0.78,NA
461283,1805,45761,-1.38,0.08,0.81,NA
461284,1806,45788,-1.36,0.08,0.8,NA
461285,1808,45801.8,-0.68,0.08,0.96,NA
461286,1809,45815.6,-0.52,0.08,0.9,NA
461287,1810,45829.2,-1.07,0.08,0.99,NA
461288,1811,45842.6,-1.08,0.08,0.9,NA
461289,1812,45855.8,-0.74,0.08,1.03,NA
461290,1813,45869.3,-0.69,0.08,1.02,NA
461291,1814,45883.1,-0.73,0.08,0.93,NA
461292,1815,45897.1,-1.22,0.08,0.84,NA
461293,1816,45911,-1,0.08,0.87,NA
461294,1817,45924.8,-0.89,0.08,0.89,NA
461295,1818,45938.5,-0.91,0.08,0.87,NA
461296,1819,45951.9,-0.69,0.08,0.83,NA
461297,1820,45964.9,-0.73,0.08,0.86,NA
461298,1821,45978.3,-0.57,0.08,0.81,NA
461299,1822,45992.6,-0.55,0.08,0.89,NA
461300,1823,46006.9,-0.71,0.08,0.89,NA
461301,1824,46019.8,-0.54,0.08,0.87,NA
461302,1825,46032.2,-0.8,0.08,0.87,NA
461303,1826,46045.2,-0.87,0.08,0.87,NA
461304,1827,46058.8,-0.84,0.08,0.86,NA
461305,1828,46072.7,-0.89,0.08,0.86,NA
461306,1829,46086.9,-1.06,0.08,0.89,NA
461307,1830,46101.4,-1.63,0.08,0.82,NA
461308,1831,46115.1,-1.62,0.08,0.93,NA
461309,1832,46127.6,-1.06,0.08,0.97,NA
461310,1833,46140.3,-0.79,0.08,0.87,NA
461311,1834,46154.7,-0.86,0.08,0.9,NA
461312,1835,46169.3,-0.83,0.08,0.84,NA
461313,1836,46182.8,-1.23,0.08,0.87,NA
461314,1837,46196.1,-1.07,0.08,0.9,NA
461315,1838,46210.4,-1,0.08,0.79,NA
461316,1839,46224.6,-0.8,0.08,0.76,NA
461317,1840,46238,-0.63,0.08,0.79,NA
461318,1841,46252.1,-1.06,0.08,0.85,NA
461319,1842,46268.2,-0.92,0.08,0.93,NA
461320,1843,46284,-0.84,0.08,1,NA
461321,1844,46297.3,-1.36,0.08,0.92,NA
461322,1845,46309.4,-1.46,0.08,0.88,NA
461323,1846,46321.8,-1.16,0.08,0.94,NA
461324,1847,46334.5,-1.1,0.08,0.84,NA
461325,1848,46346.8,-0.9,0.08,0.83,NA
461326,1849,46359.5,-1.47,0.08,0.82,NA
461327,1850,46372.7,-1.56,0.08,0.86,NA
461328,1851,46385.6,-1.27,0.08,0.99,NA
461329,1852,46397.5,-1.18,0.08,0.85,NA
461330,1853,46398,-1.09,0.08,0.81,NA
460931,1449,NA,NA,NA,NA,NA
