sample_id,age_BP,d18O_measurement,d13C_measurement,Mg_Ca_measurement,Sr_Ca_measurement,U_Ca_measurement,P_Ca_measurement,Ba_Ca_measurement,year_CE
360132,1077.66635,-9.04,,,,,,,872.33365
360131,1076.692872,-8.66,,,,,,,873.3071279999999
360130,1075.771558,-8.69,,,,,,,874.2284420000001
360129,1074.79251,-8.78,,,,,,,875.20749
360128,1073.854786,-8.76,,,,,,,876.1452139999999
360127,1073.010499,-8.92,,,,,,,876.989501
360126,1072.163535,-9.02,,,,,,,877.8364650000001
360125,1071.317429,-9.06,,,,,,,878.682571
360124,1070.47968,-8.9,,,,,,,879.5203200000001
360123,1069.646595,-9.19,,,,,,,880.3534050000001
360122,1068.796992,-9.24,,,,,,,881.203008
360121,1067.917766,-9.08,,,,,,,882.082234
360120,1067.080014,-8.95,,,,,,,882.9199860000001
360119,1066.072787,-9.17,,,,,,,883.9272129999999
360118,1065.155953,-8.97,,,,,,,884.844047
360117,1064.222632,-9.21,,,,,,,885.777368
360116,1063.285592,-9.12,,,,,,,886.714408
360115,1062.403648,-9.2,,,,,,,887.596352
360114,1061.501626,-9.24,,,,,,,888.498374
360113,1060.579115,-9.01,,,,,,,889.420885
360112,1059.849381,-8.86,,,,,,,890.150619
360111,1058.894624,-8.72,,,,,,,891.105376
360110,1058.031912,-8.65,,,,,,,891.9680880000001
360109,1057.059166,-8.72,,,,,,,892.940834
360108,1056.164375,-8.46,,,,,,,893.8356249999999
360107,1055.168366,-8.69,,,,,,,894.8316339999999
360106,1054.194045,-8.62,,,,,,,895.805955
360105,1053.159383,-8.61,,,,,,,896.8406170000001
360104,1052.120278,-8.61,,,,,,,897.8797219999999
360103,1051.263122,-8.55,,,,,,,898.7368779999999
360102,1050.399394,-8.97,,,,,,,899.600606
360101,1049.356428,-8.98,,,,,,,900.643572
360100,1048.545077,-8.88,,,,,,,901.454923
360099,1047.621011,-9.07,,,,,,,902.378989
360098,1046.696944,-9.1,,,,,,,903.303056
360097,1045.772878,-9.21,,,,,,,904.227122
360096,1044.7793,-8.43,,,,,,,905.2207000000001
360095,1043.876216,-8.63,,,,,,,906.1237839999999
360094,1043.00902,-8.65,,,,,,,906.99098
360093,1042.138703,-8.36,,,,,,,907.8612969999999
360092,1041.248231,-8.38,,,,,,,908.751769
360091,1040.40119,-8.27,,,,,,,909.59881
360090,1039.508283,-8.43,,,,,,,910.4917170000001
360089,1038.60703,-8.34,,,,,,,911.3929700000001
360088,1037.705944,-8.47,,,,,,,912.294056
360087,1036.917928,-8.99,,,,,,,913.0820719999999
360086,1036.057406,-9.11,,,,,,,913.9425940000001
360085,1035.151225,-9.26,,,,,,,914.8487749999999
360084,1034.188335,-9.24,,,,,,,915.811665
360083,1033.254751,-9.14,,,,,,,916.7452490000001
360082,1032.238356,-9.18,,,,,,,917.7616439999999
360081,1031.352199,-9.07,,,,,,,918.6478010000001
360080,1030.62869,-9.07,,,,,,,919.37131
360079,1029.674435,-9.12,,,,,,,920.3255650000001
360078,1028.822664,-9.1,,,,,,,921.177336
360077,1028.100567,-8.92,,,,,,,921.899433
360076,1027.202069,-8.7,,,,,,,922.7979310000001
360075,1026.359386,-8.7,,,,,,,923.6406139999999
360074,1025.505525,-8.77,,,,,,,924.494475
360073,1024.602384,-8.68,,,,,,,925.397616
360072,1023.654206,-8.63,,,,,,,926.345794
360071,1022.708013,-8.56,,,,,,,927.291987
360070,1021.592428,-8.74,,,,,,,928.407572
360069,1020.63104,-9.08,,,,,,,929.36896
360068,1019.85863,-9.3,,,,,,,930.14137
360067,1018.975074,-9.26,,,,,,,931.024926
360066,1018.097024,-9.25,,,,,,,931.902976
360065,1017.100571,-9.27,,,,,,,932.899429
360064,1016.090881,-9.23,,,,,,,933.909119
360063,1015.184432,-9.17,,,,,,,934.815568
360062,1014.278171,-9.1,,,,,,,935.721829
360061,1013.362866,-9.2,,,,,,,936.637134
360060,1012.398477,-9.15,,,,,,,937.601523
360059,1011.448897,-9.3,,,,,,,938.551103
360058,1010.586148,-9.37,,,,,,,939.413852
360057,1009.635924,-9.27,,,,,,,940.364076
360056,1008.828136,-9.38,,,,,,,941.171864
360055,1007.952727,-9.23,,,,,,,942.047273
360054,1007.130894,-9.5,,,,,,,942.869106
360053,1006.29335,-9.39,,,,,,,943.70665
360052,1005.412299,-9.5,,,,,,,944.587701
360051,1003.631121,-9.49,,,,,,,946.368879
360050,1002.729818,-9.27,,,,,,,947.270182
360049,1001.774601,-9.2,,,,,,,948.225399
360048,1000.802177,-9.05,,,,,,,949.197823
360047,999.9248349,-9.11,,,,,,,950.0751651
360046,999.027978,-9.03,,,,,,,950.972022
360045,998.1859371,-8.98,,,,,,,951.8140629
360044,997.1967823,-8.87,,,,,,,952.8032177
360043,996.1909337,-9.13,,,,,,,953.8090663
360042,995.3720663,-8.86,,,,,,,954.6279337
360041,994.4859948,-9.13,,,,,,,955.5140052
360040,993.576841,-8.76,,,,,,,956.423159
360039,992.4772888,-8.89,,,,,,,957.5227112
360038,991.6385178,-8.61,,,,,,,958.3614822
360037,990.6830046,-8.73,,,,,,,959.3169954
360036,989.6151293,-8.57,,,,,,,960.3848707
360035,988.5299733,-8.56,,,,,,,961.4700267
360034,987.6105367,-8.55,,,,,,,962.3894633
360033,986.6574954,-8.86,,,,,,,963.3425046
360032,985.767815,-8.77,,,,,,,964.232185
360031,984.8657274,-8.94,,,,,,,965.1342726
360030,983.932974,-8.79,,,,,,,966.067026
360029,983.0354439,-9.04,,,,,,,966.9645561
360028,981.4651875,-8.91,,,,,,,968.5348125
360027,980.5609904,-8.87,,,,,,,969.4390096
360026,978.6772598,-8.89,,,,,,,971.3227402
360025,977.953051,-8.78,,,,,,,972.046949
360024,976.9252953,-8.86,,,,,,,973.0747047
360023,975.9617182,-8.84,,,,,,,974.0382818
360022,974.9581079,-8.95,,,,,,,975.0418921
360021,973.9659279,-8.95,,,,,,,976.0340721
360020,972.9364154,-9.05,,,,,,,977.0635846
360019,971.9854048,-9.16,,,,,,,978.0145952
360018,970.9739659,-9.35,,,,,,,979.0260341
360017,970.0596483,-9.39,,,,,,,979.9403517
360016,969.2400365,-9.19,,,,,,,980.7599635
360015,968.3638248,-9.14,,,,,,,981.6361752
360014,967.4709483,-9.03,,,,,,,982.5290517
360013,966.7446752,-8.79,,,,,,,983.2553248
360012,965.896327,-8.97,,,,,,,984.103673
360011,964.9581272,-8.59,,,,,,,985.0418728
360010,964.0480654,-8.81,,,,,,,985.9519346
360009,963.2472699,-8.57,,,,,,,986.7527301
360008,962.3171958,-8.58,,,,,,,987.6828042
360007,961.3463233,-8.49,,,,,,,988.6536767
360006,960.5529213,-8.5,,,,,,,989.4470787
360005,959.5921634,-8.43,,,,,,,990.4078366
360004,958.8802513,-8.41,,,,,,,991.1197487
360003,957.9714797,-8.29,,,,,,,992.0285203
360002,957.0456121,-8.29,,,,,,,992.9543879
360001,956.3177786,-8.33,,,,,,,993.6822214
360000,955.3611425,-8.28,,,,,,,994.6388575
359999,954.6450688,-8.39,,,,,,,995.3549312
359998,953.7098462,-8.28,,,,,,,996.2901538
359997,952.7508924,-8.68,,,,,,,997.2491076
359996,951.802974,-8.65,,,,,,,998.197026
359995,950.9459495,-8.67,,,,,,,999.0540505
359994,949.92987,-8.89,,,,,,,1000.07013
359993,949.2565257,-8.92,,,,,,,1000.7434743
359992,948.4232693,-8.71,,,,,,,1001.5767307
359991,947.297452,-8.89,,,,,,,1002.702548
359990,946.6021121,-9.07,,,,,,,1003.3978879
359989,945.7461683,-8.92,,,,,,,1004.2538317
359988,944.9142143,-9.01,,,,,,,1005.0857857
359987,944.1155481,-8.89,,,,,,,1005.8844519
359986,943.3054722,-8.88,,,,,,,1006.6945278
359985,942.5482597,-8.85,,,,,,,1007.4517403
359984,941.8284654,-8.59,,,,,,,1008.1715346
359983,941.0606015,-8.58,,,,,,,1008.9393985
359982,940.27767,-8.57,,,,,,,1009.72233
359981,939.4578141,-8.79,,,,,,,1010.5421859
359980,938.6093722,-8.53,,,,,,,1011.3906278
359979,937.7359388,-8.55,,,,,,,1012.2640612
359978,936.7453425,-8.47,,,,,,,1013.2546575
359977,935.8574002,-8.54,,,,,,,1014.1425998
359976,934.9278093,-8.54,,,,,,,1015.0721907
359975,934.2304443,-8.7,,,,,,,1015.7695557
359974,933.432986,-8.68,,,,,,,1016.567014
359973,932.6685884,-8.81,,,,,,,1017.3314116
359972,931.7615129,-9.02,,,,,,,1018.2384871
359971,930.8417045,-9.05,,,,,,,1019.1582955
359970,930.084539,-9.23,,,,,,,1019.915461
359969,929.1569185,-9.37,,,,,,,1020.8430815
359968,928.4046634,-9.25,,,,,,,1021.5953366
359967,927.6317431,-9.07,,,,,,,1022.3682569
359966,926.7702087,-9.27,,,,,,,1023.2297913
359965,926.1669555,-9.17,,,,,,,1023.8330445
359964,925.2570396,-9.21,,,,,,,1024.7429604
359963,924.3346016,-8.97,,,,,,,1025.6653984
359962,923.2938608,-8.83,,,,,,,1026.7061392
359961,922.34444,-8.75,,,,,,,1027.6555600000002
359960,921.5538054,-8.5,,,,,,,1028.4461946000001
359959,920.7081649,-8.42,,,,,,,1029.2918350999998
359958,919.7210493,-8.46,,,,,,,1030.2789507
359957,918.8906981,-8.36,,,,,,,1031.1093019
359956,917.9113462,-8.46,,,,,,,1032.0886538
359955,916.8959675,-8.55,,,,,,,1033.1040325
359954,915.9267448,-8.6,,,,,,,1034.0732552
359953,915.201513,-8.74,,,,,,,1034.798487
359952,914.3418684,-8.68,,,,,,,1035.6581316000002
359951,913.3274359,-8.75,,,,,,,1036.6725641
359950,912.2922907,-8.79,,,,,,,1037.7077093
359949,911.2744466,-8.78,,,,,,,1038.7255534
359948,910.2569019,-8.73,,,,,,,1039.7430981
359947,909.3820301,-8.83,,,,,,,1040.6179699
359946,908.420993,-9.21,,,,,,,1041.579007
359945,907.4164338,-9.22,,,,,,,1042.5835662
359944,906.5301738,-9.07,,,,,,,1043.4698262000002
359943,905.5231931,-9.07,,,,,,,1044.4768069000002
359942,904.650458,-9.04,,,,,,,1045.349542
359941,903.5854008,-8.88,,,,,,,1046.4145991999999
359940,902.7479065,-8.88,,,,,,,1047.2520935
359939,902.0311168,-8.96,,,,,,,1047.9688832000002
359938,901.2005817,-8.88,,,,,,,1048.7994183
359937,900.4132393,-8.88,,,,,,,1049.5867607
359936,899.4423781,-8.87,,,,,,,1050.5576219
359935,898.3922435,-8.96,,,,,,,1051.6077565
359934,897.5229476,-9.16,,,,,,,1052.4770524
359933,896.6284281,-9.07,,,,,,,1053.3715719000002
359932,895.7159809,-8.96,,,,,,,1054.2840191
359931,894.6845237,-8.78,,,,,,,1055.3154763
359930,893.818924,-8.9,,,,,,,1056.1810759999998
359929,892.8632992,-8.91,,,,,,,1057.1367008
359928,891.943545,-8.98,,,,,,,1058.056455
359927,891.1046449,-8.95,,,,,,,1058.8953551
359926,890.2189348,-9.04,,,,,,,1059.7810651999998
359925,889.304116,-8.94,,,,,,,1060.695884
359924,888.4258722,-9.11,,,,,,,1061.5741278
359923,887.8686936,-9.1,,,,,,,1062.1313064
359922,886.9107382,-9.36,,,,,,,1063.0892618
359921,885.8493724,-9.21,,,,,,,1064.1506276
359920,884.9373223,-9.28,,,,,,,1065.0626777
359919,884.0774651,-9.04,,,,,,,1065.9225348999998
359918,883.1864347,-9.18,,,,,,,1066.8135653
359917,882.3314755,-9.1,,,,,,,1067.6685244999999
359916,881.4593587,-9.18,,,,,,,1068.5406413
359915,880.5434542,-9.06,,,,,,,1069.4565458
359914,879.8676032,-9.0,,,,,,,1070.1323968000002
359913,879.0721943,-9.05,,,,,,,1070.9278057000001
359912,878.1523143,-9.19,,,,,,,1071.8476857
359911,877.2438758,-9.28,,,,,,,1072.7561242000002
359910,876.394319,-9.3,,,,,,,1073.605681
359909,875.4511588,-9.43,,,,,,,1074.5488412
359908,874.6828096,-9.29,,,,,,,1075.3171904
359907,873.7577072,-9.36,,,,,,,1076.2422928
359906,872.8724903,-9.38,,,,,,,1077.1275097
359905,871.9954995,-9.26,,,,,,,1078.0045005
359904,871.0962554,-9.16,,,,,,,1078.9037446
359903,870.09533,-9.03,,,,,,,1079.90467
359902,869.1087612,-9.22,,,,,,,1080.8912387999999
359901,868.3866599,-9.23,,,,,,,1081.6133401
359900,867.5519368,-9.18,,,,,,,1082.4480632
359899,866.7364691,-9.22,,,,,,,1083.2635309
359898,865.7622051,-9.4,,,,,,,1084.2377949000002
359897,864.9527761,-9.38,,,,,,,1085.0472239
359896,864.136853,-9.32,,,,,,,1085.863147
359895,863.1777585,-9.18,,,,,,,1086.8222415
359894,862.2150095,-9.34,,,,,,,1087.7849905
359893,861.1705894,-9.18,,,,,,,1088.8294105999998
359892,860.2453499,-9.39,,,,,,,1089.7546501000002
359891,859.3216102,-9.41,,,,,,,1090.6783897999999
359890,858.3810005,-9.59,,,,,,,1091.6189995
359889,857.3220878,-9.74,,,,,,,1092.6779122
359888,856.3704932,-9.57,,,,,,,1093.6295068
359887,855.3068202,-9.39,,,,,,,1094.6931798
359886,854.4591718,-9.38,,,,,,,1095.5408281999999
359885,853.5834027,-9.1,,,,,,,1096.4165973
359884,852.8375029,-8.77,,,,,,,1097.1624971
359883,851.7406373,-8.98,,,,,,,1098.2593627
359882,850.7000908,-8.64,,,,,,,1099.2999092
359881,849.8951975,-8.8,,,,,,,1100.1048025
359880,848.9813769,-8.76,,,,,,,1101.0186231
359879,848.0900072,-8.66,,,,,,,1101.9099928
359878,847.0585799,-8.67,,,,,,,1102.9414201
359877,846.2053892,-8.82,,,,,,,1103.7946108
359876,845.2969744,-8.89,,,,,,,1104.7030256
359875,844.5195819,-8.98,,,,,,,1105.4804181
359874,843.6913801,-9.19,,,,,,,1106.3086199
359873,842.8029466,-9.14,,,,,,,1107.1970534
359872,841.9125638,-9.1,,,,,,,1108.0874362
359871,840.9936027,-9.26,,,,,,,1109.0063973000001
359870,840.0265335,-9.47,,,,,,,1109.9734665
359869,839.270827,-9.55,,,,,,,1110.729173
359868,838.3284156,-9.48,,,,,,,1111.6715844
359867,837.383244,-9.73,,,,,,,1112.616756
359866,836.5270654,-9.68,,,,,,,1113.4729346
359865,835.597596,-9.84,,,,,,,1114.402404
359864,834.7927416,-9.37,,,,,,,1115.2072584
359863,833.759209,-9.27,,,,,,,1116.240791
359862,832.7612622,-8.88,,,,,,,1117.2387377999999
359861,831.9491465,-8.83,,,,,,,1118.0508535
359860,830.4829296,-8.85,,,,,,,1119.5170704
359859,828.8771962,-8.91,,,,,,,1121.1228038
359858,827.17142,-9.04,,,,,,,1122.8285799999999
359857,825.4828488,-8.97,,,,,,,1124.5171512
359856,824.0591143,-8.82,,,,,,,1125.9408856999999
359855,822.809764,-9.0,,,,,,,1127.190236
359854,821.2467942,-8.9,,,,,,,1128.7532058000002
359853,819.9152716,-8.83,,,,,,,1130.0847284000001
359852,818.2658189,-8.64,,,,,,,1131.7341811000001
359851,816.577738,-9.15,,,,,,,1133.422262
359850,815.0580725,-9.1,,,,,,,1134.9419275
359849,813.1790691,-9.12,,,,,,,1136.8209309
359848,811.7089019,-9.46,,,,,,,1138.2910981
359847,809.9028552,-9.51,,,,,,,1140.0971448
359846,807.6847942,-9.51,,,,,,,1142.3152058
359845,805.9798158,-9.56,,,,,,,1144.0201842000001
359844,804.3030361,-9.55,,,,,,,1145.6969639
359843,802.4752359,-9.68,,,,,,,1147.5247641
359842,800.5698356,-9.64,,,,,,,1149.4301644
359841,798.8621955,-9.75,,,,,,,1151.1378045000001
359840,797.1276811,-9.47,,,,,,,1152.8723189
359839,795.5508175,-9.53,,,,,,,1154.4491825
359838,794.2597632,-9.53,,,,,,,1155.7402368
359837,792.7104194,-9.5,,,,,,,1157.2895806000001
359836,791.1619879,-9.47,,,,,,,1158.8380121
359835,789.8627751,-9.45,,,,,,,1160.1372249
359834,788.3312697,-9.39,,,,,,,1161.6687302999999
359833,786.917856,-9.31,,,,,,,1163.082144
359832,785.4318194,-9.37,,,,,,,1164.5681806
359831,783.9624404,-9.35,,,,,,,1166.0375596
359830,783.1726188,-9.27,,,,,,,1166.8273812
359829,782.1788185,-9.3,,,,,,,1167.8211815
359828,780.9483531,-9.1,,,,,,,1169.0516469
359827,779.8240567,-9.19,,,,,,,1170.1759433
359826,778.649344,-9.28,,,,,,,1171.350656
359825,777.9438099,-9.24,,,,,,,1172.0561901
359824,777.0276993,-9.31,,,,,,,1172.9723007
359823,775.9793788,-9.35,,,,,,,1174.0206212
359822,775.2886762,-9.09,,,,,,,1174.7113238
359821,774.3735066,-8.97,,,,,,,1175.6264934
359820,773.1550985,-8.73,,,,,,,1176.8449015
359819,772.3323862,-8.63,,,,,,,1177.6676138
359818,771.4610362,-8.64,,,,,,,1178.5389638000001
359817,770.5344767,-8.74,,,,,,,1179.4655232999999
359816,769.5667121,-8.49,,,,,,,1180.4332878999999
359815,768.8669393,-8.72,,,,,,,1181.1330607
359814,768.1077381,-8.74,,,,,,,1181.8922619
359813,767.253836,-8.69,,,,,,,1182.7461640000001
359812,766.0846297,-8.93,,,,,,,1183.9153703
359811,765.0177381,-8.98,,,,,,,1184.9822619000001
359810,763.9184494,-9.24,,,,,,,1186.0815506
359809,762.8715656,-9.12,,,,,,,1187.1284344
359808,761.8975008,-9.28,,,,,,,1188.1024992
359807,760.9464015,-9.06,,,,,,,1189.0535985000001
359806,760.1735883,-9.11,,,,,,,1189.8264116999999
359805,759.3323151,-8.94,,,,,,,1190.6676849
359804,758.4214217,-9.03,,,,,,,1191.5785783000001
359803,757.1601921,-8.82,,,,,,,1192.8398078999999
359802,756.3799199,-8.96,,,,,,,1193.6200801
359801,755.3012989,-8.97,,,,,,,1194.6987011
359800,754.4699818,-9.08,,,,,,,1195.5300182
359799,753.6204267,-9.17,,,,,,,1196.3795733
359798,752.8574672,-9.64,,,,,,,1197.1425328
359797,751.7004115,-9.64,,,,,,,1198.2995885
359796,750.8844685,-9.71,,,,,,,1199.1155315
359795,749.9258607,-9.58,,,,,,,1200.0741392999998
359794,748.9984566,-9.37,,,,,,,1201.0015434
359793,748.1831,-9.35,,,,,,,1201.8169
359792,747.2749642,-9.28,,,,,,,1202.7250358000001
359791,746.5468647,-8.97,,,,,,,1203.4531353
359790,745.4185865,-8.9,,,,,,,1204.5814135
359789,744.3906335,-8.89,,,,,,,1205.6093664999999
359788,743.3347392,-8.72,,,,,,,1206.6652608
359787,742.5341836,-8.58,,,,,,,1207.4658164
359786,741.5677473,-8.75,,,,,,,1208.4322527
359785,740.8576361,-8.37,,,,,,,1209.1423639
359784,740.4737551,-8.14,,,,,,,1209.5262449000002
359783,739.4783998,-8.19,,,,,,,1210.5216002
359782,738.3748552,-8.28,,,,,,,1211.6251448
359781,737.6925766,-8.42,,,,,,,1212.3074234
359780,736.9485756,-8.8,,,,,,,1213.0514244
359779,736.0944523,-8.74,,,,,,,1213.9055477000002
359778,735.0992296,-9.07,,,,,,,1214.9007704
359777,734.0823634,-9.49,,,,,,,1215.9176366000002
359776,733.2449225,-9.32,,,,,,,1216.7550775
359775,732.1121216,-9.46,,,,,,,1217.8878783999999
359774,731.3066966,-9.38,,,,,,,1218.6933033999999
359773,730.4200052,-9.55,,,,,,,1219.5799948
359772,729.5263112,-9.34,,,,,,,1220.4736888
359771,728.7075524,-9.29,,,,,,,1221.2924475999998
359770,725.6944271,-9.28,,,,,,,1224.3055729
359769,722.4498968,-9.13,,,,,,,1227.5501032
359768,718.9147493,-9.06,,,,,,,1231.0852507
359767,715.2988363,-9.15,,,,,,,1234.7011637
359766,712.2560302,-9.16,,,,,,,1237.7439697999998
359765,709.0541834,-9.18,,,,,,,1240.9458166
359764,706.1444259,-9.43,,,,,,,1243.8555741
359763,702.8779895,-9.09,,,,,,,1247.1220105
359762,699.0769894,-9.26,,,,,,,1250.9230106
359761,695.9323273,-9.0,,,,,,,1254.0676727
359760,692.2342058,-9.09,,,,,,,1257.7657942
359759,689.1540643,-9.24,,,,,,,1260.8459357000002
359758,685.8731958,-9.2,,,,,,,1264.1268042000002
359757,682.5607308,-9.44,,,,,,,1267.4392692000001
359756,678.7078456,-9.51,,,,,,,1271.2921544
359755,675.5121909,-9.55,,,,,,,1274.4878091
359754,672.3656199,-9.4,,,,,,,1277.6343801
359753,668.9682442,-9.33,,,,,,,1281.0317558000002
359752,665.2971015,-9.25,,,,,,,1284.7028985
359751,662.5388113,-9.05,,,,,,,1287.4611887
359750,659.2386541,-9.25,,,,,,,1290.7613459
359749,656.2541205,-9.2,,,,,,,1293.7458795
359748,653.0401173,-9.13,,,,,,,1296.9598827
359747,649.9345267,-9.32,,,,,,,1300.0654733000001
359746,646.5283023,-9.3,,,,,,,1303.4716977
359745,643.1029514,-9.32,,,,,,,1306.8970485999998
359744,640.0099926,-9.56,,,,,,,1309.9900074
359743,637.1524742,-9.52,,,,,,,1312.8475257999999
359742,633.6940979,-9.4,,,,,,,1316.3059021
359741,630.3450148,-9.33,,,,,,,1319.6549852
359740,629.2752928,-9.38,,,,,,,1320.7247072
359739,628.0218848,-9.23,,,,,,,1321.9781152
359738,626.8569274,-9.12,,,,,,,1323.1430725999999
359737,625.84941,-9.14,,,,,,,1324.15059
359736,624.5785365,-8.94,,,,,,,1325.4214634999998
359735,623.3873742,-8.86,,,,,,,1326.6126258
359734,622.032749,-8.81,,,,,,,1327.967251
359733,620.9142661,-8.67,,,,,,,1329.0857339
359732,619.8435882,-8.68,,,,,,,1330.1564118000001
359731,618.8827742,-8.56,,,,,,,1331.1172258000001
359730,617.8844921,-8.64,,,,,,,1332.1155079
359729,616.7594268,-8.66,,,,,,,1333.2405732
359728,615.7808004,-8.42,,,,,,,1334.2191996000001
359727,614.751739,-8.69,,,,,,,1335.248261
359726,613.5885921,-9.03,,,,,,,1336.4114079
359725,612.3492037,-9.13,,,,,,,1337.6507963
359724,611.088607,-9.16,,,,,,,1338.9113929999999
359723,609.8782374,-9.25,,,,,,,1340.1217626
359722,608.7100354,-9.37,,,,,,,1341.2899646
359721,607.3768811,-9.29,,,,,,,1342.6231189
359720,606.2830217,-9.24,,,,,,,1343.7169783
359719,605.179885,-9.27,,,,,,,1344.820115
359718,603.9727158,-9.54,,,,,,,1346.0272842
359717,602.8529787,-9.28,,,,,,,1347.1470213
359716,601.6245668,-9.33,,,,,,,1348.3754331999999
359715,600.5975205,-9.22,,,,,,,1349.4024795
359714,599.5788404,-9.37,,,,,,,1350.4211596
359713,598.2867836,-9.29,,,,,,,1351.7132164
359712,597.0382689,-9.28,,,,,,,1352.9617311
359711,595.9152411,-9.19,,,,,,,1354.0847589
359710,594.7398969,-9.3,,,,,,,1355.2601031
359709,593.4009398,-9.38,,,,,,,1356.5990602000002
359708,592.2141059,-9.57,,,,,,,1357.7858941
359707,591.1127869,-10.11,,,,,,,1358.8872131
359706,589.9891958,-10.16,,,,,,,1360.0108042000002
359705,588.9260602,-9.34,,,,,,,1361.0739398
359704,587.6948044,-9.69,,,,,,,1362.3051956
359703,586.4187599,-9.87,,,,,,,1363.5812400999998
359702,585.171377,-10.09,,,,,,,1364.8286229999999
359701,584.1535852,-10.21,,,,,,,1365.8464148
359700,583.0371711,-10.06,,,,,,,1366.9628289
359699,581.8594277,-9.74,,,,,,,1368.1405723
359698,580.5136151,-9.59,,,,,,,1369.4863848999998
359697,579.3918066,-9.14,,,,,,,1370.6081934
359696,578.2855013,-9.08,,,,,,,1371.7144987000001
359695,577.0976646,-9.17,,,,,,,1372.9023354
359694,575.9532928,-9.1,,,,,,,1374.0467072000001
359693,574.6070972,-9.29,,,,,,,1375.3929028
359692,573.5049225,-9.13,,,,,,,1376.4950775
359691,572.3553059,-9.27,,,,,,,1377.6446941
359690,571.1872797,-9.24,,,,,,,1378.8127203
359689,570.0574626,-9.1,,,,,,,1379.9425374
359688,568.9132206,-9.43,,,,,,,1381.0867794
359687,567.8445552,-9.37,,,,,,,1382.1554448000002
359686,566.742419,-9.45,,,,,,,1383.2575809999998
359685,565.4780517,-9.23,,,,,,,1384.5219483
359684,564.2470042,-9.4,,,,,,,1385.7529958
359683,563.0415578,-9.13,,,,,,,1386.9584422
359682,561.8317835,-9.27,,,,,,,1388.1682165
359681,560.6958119,-8.89,,,,,,,1389.3041881
359680,559.5802981,-9.23,,,,,,,1390.4197018999998
359679,558.327371,-8.93,,,,,,,1391.6726290000001
359678,557.1299216,-9.1,,,,,,,1392.8700784
359677,555.9482437,-8.87,,,,,,,1394.0517562999999
359676,554.7206587,-9.13,,,,,,,1395.2793413
359675,553.6059691,-8.91,,,,,,,1396.3940309
359674,552.4422766,-9.12,,,,,,,1397.5577234
359673,551.2421024,-8.86,,,,,,,1398.7578976
359672,550.1007119,-9.07,,,,,,,1399.8992881
359671,548.939725,-9.19,,,,,,,1401.060275
359670,547.702274,-9.43,,,,,,,1402.297726
359669,546.6011726,-9.23,,,,,,,1403.3988273999998
359668,545.2474849,-9.55,,,,,,,1404.7525151
359667,543.9969701,-9.49,,,,,,,1406.0030299
359666,542.7402767,-9.55,,,,,,,1407.2597233000001
359665,541.5734681,-9.31,,,,,,,1408.4265319
359664,540.3363382,-9.37,,,,,,,1409.6636618
359663,539.1320098,-9.1,,,,,,,1410.8679902
359662,538.0951275,-8.94,,,,,,,1411.9048725
359661,536.9509981,-8.74,,,,,,,1413.0490019
359660,535.8836449,-8.79,,,,,,,1414.1163551
359659,534.6746697,-8.47,,,,,,,1415.3253303000001
359658,533.5278785,-8.49,,,,,,,1416.4721215
359657,532.4707937,-8.47,,,,,,,1417.5292063000002
359656,531.0555222,-8.78,,,,,,,1418.9444778
359655,530.0194105,-8.73,,,,,,,1419.9805895
359654,528.8235321,-9.08,,,,,,,1421.1764679
359653,527.717166,-8.87,,,,,,,1422.282834
359652,526.5727411,-9.05,,,,,,,1423.4272589
359651,525.5312698,-8.93,,,,,,,1424.4687302
359650,524.4188264,-9.16,,,,,,,1425.5811736
359649,523.3456362,-8.89,,,,,,,1426.6543638
359648,522.329051,-9.3,,,,,,,1427.6709489999998
359647,521.3152531,-9.24,,,,,,,1428.6847469
359646,519.9900704,-9.57,,,,,,,1430.0099295999999
359645,518.8916635,-9.41,,,,,,,1431.1083365
359644,517.8023186,-9.53,,,,,,,1432.1976814
359643,516.5875121,-9.42,,,,,,,1433.4124879
359642,515.6471954,-9.58,,,,,,,1434.3528046000001
359641,514.5560191,-9.36,,,,,,,1435.4439809
359640,513.5515607,-9.43,,,,,,,1436.4484393
359639,512.7380198,-9.2,,,,,,,1437.2619802
359638,511.9239136,-9.32,,,,,,,1438.0760864
359637,511.1992548,-8.99,,,,,,,1438.8007452
359636,510.4658898,-9.23,,,,,,,1439.5341102
359635,509.5645888,-9.2,,,,,,,1440.4354112
359634,508.6949241,-9.68,,,,,,,1441.3050759
359633,507.6857848,-9.36,,,,,,,1442.3142152
359632,506.7537959,-9.64,,,,,,,1443.2462040999999
359631,505.8385024,-9.21,,,,,,,1444.1614976
359630,505.1238654,-9.19,,,,,,,1444.8761346000001
359629,504.2263959,-9.15,,,,,,,1445.7736041
359628,503.3144397,-8.99,,,,,,,1446.6855603
359627,502.3618171,-9.06,,,,,,,1447.6381829
359626,501.5135319,-9.44,,,,,,,1448.4864681
359625,500.5830926,-9.3,,,,,,,1449.4169074000001
359624,499.8349401,-9.16,,,,,,,1450.1650599
359623,498.8641064,-9.49,,,,,,,1451.1358936
359622,497.9981818,-9.24,,,,,,,1452.0018182
359621,497.0754596,-9.11,,,,,,,1452.9245404
359620,496.1641306,-8.85,,,,,,,1453.8358693999999
359619,495.2014279,-8.97,,,,,,,1454.7985721
359618,494.1966797,-8.92,,,,,,,1455.8033203
359617,493.3840474,-8.31,,,,,,,1456.6159526000001
359616,492.346243,-8.6,,,,,,,1457.653757
359615,491.49466,-8.29,,,,,,,1458.50534
359614,490.5336337,-8.52,,,,,,,1459.4663663000001
359613,489.8309008,-8.55,,,,,,,1460.1690992
359612,488.8602081,-8.39,,,,,,,1461.1397919
359611,488.0230651,-8.84,,,,,,,1461.9769349
359610,487.275303,-8.87,,,,,,,1462.724697
359609,486.3227919,-8.9,,,,,,,1463.6772081
359608,485.435899,-8.9,,,,,,,1464.564101
359607,484.6239985,-9.26,,,,,,,1465.3760015
359606,483.7717445,-9.44,,,,,,,1466.2282555
359605,483.1036437,-9.22,,,,,,,1466.8963563
359604,482.3244978,-9.39,,,,,,,1467.6755022
359603,481.3763402,-9.1,,,,,,,1468.6236598
359602,480.6288756,-8.89,,,,,,,1469.3711244
359601,479.7522892,-8.83,,,,,,,1470.2477108
359600,478.9390296,-8.52,,,,,,,1471.0609703999999
359599,478.004275,-8.93,,,,,,,1471.995725
359598,477.1100386,-8.75,,,,,,,1472.8899614
359597,476.0391221,-8.68,,,,,,,1473.9608779
359596,475.2221599,-8.48,,,,,,,1474.7778401
359595,474.3612534,-8.51,,,,,,,1475.6387466
359594,473.3243126,-8.68,,,,,,,1476.6756874
359593,472.5227467,-8.98,,,,,,,1477.4772533
359592,471.7359052,-8.75,,,,,,,1478.2640948
359591,470.7856297,-9.01,,,,,,,1479.2143703
359590,469.7980958,-9.01,,,,,,,1480.2019042
359589,468.8381117,-9.28,,,,,,,1481.1618883
359588,467.867792,-9.12,,,,,,,1482.132208
359587,466.9281269,-9.36,,,,,,,1483.0718731
359586,466.0451524,-9.06,,,,,,,1483.9548476
359585,465.1706717,-8.95,,,,,,,1484.8293283
359584,464.2998226,-8.71,,,,,,,1485.7001774
359583,463.3384182,-8.97,,,,,,,1486.6615818
359582,462.58173,-8.71,,,,,,,1487.4182700000001
359581,461.7635487,-8.89,,,,,,,1488.2364513
359580,460.8368869,-8.67,,,,,,,1489.1631131
359579,459.8659265,-8.73,,,,,,,1490.1340734999999
359578,459.0453539,-8.6,,,,,,,1490.9546461
359577,458.2192376,-8.92,,,,,,,1491.7807624
359576,457.425619,-9.1,,,,,,,1492.574381
359575,456.5654583,-9.13,,,,,,,1493.4345417
359574,455.7620001,-9.16,,,,,,,1494.2379999
359573,454.9387413,-9.04,,,,,,,1495.0612587
359572,453.892833,-8.86,,,,,,,1496.1071670000001
359571,453.0931393,-8.95,,,,,,,1496.9068607
359570,452.1815415,-8.73,,,,,,,1497.8184585
359569,451.3208414,-8.47,,,,,,,1498.6791586
359568,450.3662285,-8.43,,,,,,,1499.6337715
359567,449.5963038,-8.47,,,,,,,1500.4036962
359566,448.6398025,-8.61,,,,,,,1501.3601975000001
359565,447.8581787,-8.69,,,,,,,1502.1418213
359564,447.0598215,-8.82,,,,,,,1502.9401785
359563,446.1978244,-9.37,,,,,,,1503.8021756
359562,444.4113963,-9.81,,,,,,,1505.5886037
359561,443.657582,-9.82,,,,,,,1506.342418
359560,442.8664058,-9.81,,,,,,,1507.1335942
359559,442.130622,-9.86,,,,,,,1507.8693779999999
359558,441.3438484,-9.28,,,,,,,1508.6561516
359557,440.4790617,-9.02,,,,,,,1509.5209383000001
359556,439.6643318,-9.17,,,,,,,1510.3356681999999
359555,438.8767533,-9.11,,,,,,,1511.1232467
359554,438.0149839,-8.9,,,,,,,1511.9850161
359553,437.1340875,-8.69,,,,,,,1512.8659125
359552,436.2394876,-8.66,,,,,,,1513.7605124
359551,435.3418618,-8.58,,,,,,,1514.6581382
359550,434.5148309,-8.5,,,,,,,1515.4851691
359549,433.6962838,-8.62,,,,,,,1516.3037162
359548,432.7984724,-8.85,,,,,,,1517.2015276
359547,431.8726908,-8.9,,,,,,,1518.1273092000001
359546,431.023874,-9.07,,,,,,,1518.976126
359545,430.2036424,-9.01,,,,,,,1519.7963576
359544,429.2704077,-9.21,,,,,,,1520.7295923
359543,428.3764794,-9.02,,,,,,,1521.6235206000001
359542,427.490862,-8.98,,,,,,,1522.509138
359541,426.5964028,-9.08,,,,,,,1523.4035972
359540,425.6933698,-9.29,,,,,,,1524.3066302
359539,424.8894452,-9.48,,,,,,,1525.1105548
359538,423.963002,-9.31,,,,,,,1526.036998
359537,423.1130364,-9.17,,,,,,,1526.8869636
359536,422.1745792,-9.15,,,,,,,1527.8254208
359535,421.3440657,-9.34,,,,,,,1528.6559343
359534,420.4262937,-9.35,,,,,,,1529.5737063000001
359533,419.5287367,-9.09,,,,,,,1530.4712633
359532,418.6010248,-9.24,,,,,,,1531.3989752
359531,417.7102452,-9.01,,,,,,,1532.2897548
359530,416.8063074,-9.0,,,,,,,1533.1936926
359529,415.886424,-8.9,,,,,,,1534.113576
359528,414.9738023,-9.21,,,,,,,1535.0261977
359527,414.1465184,-8.77,,,,,,,1535.8534816000001
359526,413.2577803,-8.55,,,,,,,1536.7422197
359525,412.3924529,-8.47,,,,,,,1537.6075471
359524,411.5557654,-8.54,,,,,,,1538.4442346
359523,410.8203931,-8.3,,,,,,,1539.1796069
359522,409.8636184,-8.48,,,,,,,1540.1363816
359521,409.0449375,-8.52,,,,,,,1540.9550625
359520,408.2064264,-8.73,,,,,,,1541.7935736
359519,407.4638264,-8.53,,,,,,,1542.5361736
359518,406.4995602,-8.66,,,,,,,1543.5004398
359517,405.7404621,-8.5,,,,,,,1544.2595379
359516,404.8711082,-8.66,,,,,,,1545.1288918
359515,404.0361572,-8.72,,,,,,,1545.9638428
359514,403.2858632,-8.78,,,,,,,1546.7141368
359513,402.4453834,-8.63,,,,,,,1547.5546166
359512,401.4823994,-8.88,,,,,,,1548.5176006
359511,400.4978616,-8.95,,,,,,,1549.5021384
359510,399.6055185,-9.01,,,,,,,1550.3944815
359509,398.6054702,-9.13,,,,,,,1551.3945297999999
359508,397.8151507,-9.14,,,,,,,1552.1848493
359507,396.8087803,-8.9,,,,,,,1553.1912197
359506,395.9864461,-8.98,,,,,,,1554.0135539
359505,395.1248158,-8.93,,,,,,,1554.8751842
359504,394.3405004,-8.84,,,,,,,1555.6594996
359503,393.3799987,-8.58,,,,,,,1556.6200013
359502,392.3456452,-8.71,,,,,,,1557.6543548
359501,391.4266947,-8.82,,,,,,,1558.5733053
359500,390.6203876,-9.03,,,,,,,1559.3796124
359499,389.725721,-9.19,,,,,,,1560.274279
359498,388.8307958,-9.21,,,,,,,1561.1692042
359497,387.9415113,-10.18,,,,,,,1562.0584887
359496,387.1012187,-9.57,,,,,,,1562.8987812999999
359495,386.2081135,-10.14,,,,,,,1563.7918865
359494,385.2652718,-10.2,,,,,,,1564.7347282
359493,384.3301808,-10.04,,,,,,,1565.6698192
359492,383.4594751,-9.91,,,,,,,1566.5405249
359491,382.7105477,-9.46,,,,,,,1567.2894523
359490,381.7524862,-9.3,,,,,,,1568.2475138
359489,380.7683923,-9.61,,,,,,,1569.2316077
359488,379.814081,-9.77,,,,,,,1570.185919
359487,378.8636832,-9.68,,,,,,,1571.1363168
359486,377.8924969,-9.65,,,,,,,1572.1075031
359485,376.8948421,-9.45,,,,,,,1573.1051579
359484,375.9622049,-9.54,,,,,,,1574.0377951
359483,375.167751,-9.65,,,,,,,1574.832249
359482,374.3337268,-9.68,,,,,,,1575.6662732
359481,372.6903333,-9.42,,,,,,,1577.3096667
359480,371.8085913,-9.52,,,,,,,1578.1914087
359479,370.916834,-9.67,,,,,,,1579.083166
359478,370.0550813,-9.74,,,,,,,1579.9449187
359477,369.079791,-9.55,,,,,,,1580.9202089999999
359476,368.1703244,-9.31,,,,,,,1581.8296756
359475,367.2212388,-9.48,,,,,,,1582.7787612
359474,366.2324738,-9.85,,,,,,,1583.7675262
359473,365.3701463,-9.7,,,,,,,1584.6298537
359472,364.4542773,-9.68,,,,,,,1585.5457227
359471,363.5307291,-9.74,,,,,,,1586.4692709
359470,362.7417261,-9.75,,,,,,,1587.2582739
359469,361.7835277,-9.44,,,,,,,1588.2164723
359468,360.826023,-8.97,,,,,,,1589.173977
359467,359.8715446,-8.71,,,,,,,1590.1284554
359466,358.9083194,-8.57,,,,,,,1591.0916806
359465,357.9442115,-8.71,,,,,,,1592.0557885
359464,357.0536128,-8.86,,,,,,,1592.9463872000001
359463,356.327341,-8.79,,,,,,,1593.672659
359462,355.5429105,-8.53,,,,,,,1594.4570895
359461,354.5880749,-8.26,,,,,,,1595.4119251
359460,353.70572,-8.3,,,,,,,1596.29428
359459,352.9059306,-8.24,,,,,,,1597.0940694
359458,351.9922485,-8.6,,,,,,,1598.0077515
359457,351.1146625,-9.0,,,,,,,1598.8853374999999
359456,350.1150527,-9.48,,,,,,,1599.8849473
359455,349.3003975,-9.53,,,,,,,1600.6996025
359454,348.3923503,-9.68,,,,,,,1601.6076497
359453,347.5556671,-9.45,,,,,,,1602.4443329
359452,346.617119,-9.51,,,,,,,1603.382881
359451,345.739454,-9.7,,,,,,,1604.260546
359450,344.9261872,-10.0,,,,,,,1605.0738128
359449,344.0084013,-9.97,,,,,,,1605.9915987
359448,343.1190959,-9.61,,,,,,,1606.8809041
359447,342.141717,-9.07,,,,,,,1607.858283
359446,341.1755491,-9.14,,,,,,,1608.8244509
359445,340.3001825,-9.16,,,,,,,1609.6998174999999
359444,339.3727054,-8.67,,,,,,,1610.6272946
359443,338.61154,-8.54,,,,,,,1611.3884600000001
359442,337.8057046,-8.44,,,,,,,1612.1942954
359441,336.9566353,-8.32,,,,,,,1613.0433647
359440,336.1906366,-8.49,,,,,,,1613.8093634
359439,335.3646055,-8.75,,,,,,,1614.6353945
359438,334.4850919,-8.98,,,,,,,1615.5149081
359437,333.6347526,-8.9,,,,,,,1616.3652474
359436,332.7413408,-8.91,,,,,,,1617.2586592
359435,331.8985314,-8.91,,,,,,,1618.1014685999999
359434,330.9175011,-8.98,,,,,,,1619.0824989
359433,330.0220102,-8.9,,,,,,,1619.9779898
359432,329.1412975,-8.89,,,,,,,1620.8587025
359431,328.3262093,-8.9,,,,,,,1621.6737907
359430,327.4295713,-9.07,,,,,,,1622.5704286999999
359429,326.5604179,-9.13,,,,,,,1623.4395821
359428,325.690891,-9.07,,,,,,,1624.309109
359427,324.6925489,-8.77,,,,,,,1625.3074511
359426,323.7888007,-8.76,,,,,,,1626.2111992999999
359425,322.8201463,-8.59,,,,,,,1627.1798537
359424,321.9538795,-8.91,,,,,,,1628.0461205
359423,321.1251573,-9.06,,,,,,,1628.8748427
359422,320.1765097,-9.37,,,,,,,1629.8234903
359421,319.1450801,-9.23,,,,,,,1630.8549199
359420,318.2656782,-9.18,,,,,,,1631.7343218
359419,317.2897445,-9.42,,,,,,,1632.7102555000001
359418,316.4773046,-9.69,,,,,,,1633.5226954
359417,315.6351274,-9.53,,,,,,,1634.3648726000001
359416,314.7708611,-9.73,,,,,,,1635.2291389
359415,313.8572899,-9.53,,,,,,,1636.1427101
359414,312.9590525,-9.68,,,,,,,1637.0409475000001
359413,312.0588731,-9.44,,,,,,,1637.9411269
359412,311.1146107,-9.22,,,,,,,1638.8853893
359411,310.2658213,-9.2,,,,,,,1639.7341787
359410,309.4457028,-9.19,,,,,,,1640.5542972
359409,308.5396763,-9.32,,,,,,,1641.4603237000001
359408,307.5710405,-9.3,,,,,,,1642.4289595
359407,306.6382665,-9.35,,,,,,,1643.3617335
359406,305.7448528,-9.4,,,,,,,1644.2551472
359405,304.8118454,-9.45,,,,,,,1645.1881546
359404,303.8940402,-9.37,,,,,,,1646.1059598
359403,303.1149211,-9.38,,,,,,,1646.8850789
359402,302.3772292,-9.37,,,,,,,1647.6227708000001
359401,301.4618891,-9.25,,,,,,,1648.5381109
359400,300.5657119,-9.04,,,,,,,1649.4342881
359399,299.677501,-9.06,,,,,,,1650.3224989999999
359398,298.7180325,-9.08,,,,,,,1651.2819675
359397,297.7917342,-9.17,,,,,,,1652.2082658
359396,296.979917,-9.22,,,,,,,1653.0200829999999
359395,296.0911568,-9.34,,,,,,,1653.9088431999999
359394,295.2903278,-9.21,,,,,,,1654.7096722
359393,294.4222918,-9.2,,,,,,,1655.5777082
359392,293.551173,-8.95,,,,,,,1656.448827
359391,292.763558,-8.85,,,,,,,1657.236442
359390,291.8105834,-8.72,,,,,,,1658.1894166
359389,290.960069,-8.99,,,,,,,1659.039931
359388,290.145872,-9.05,,,,,,,1659.854128
359387,289.2991711,-9.1,,,,,,,1660.7008289
359386,288.3845318,-9.01,,,,,,,1661.6154682000001
359385,287.3793031,-8.98,,,,,,,1662.6206969
359384,286.3949383,-8.79,,,,,,,1663.6050617
359383,285.6163959,-8.68,,,,,,,1664.3836041
359382,285.1041741,-8.75,,,,,,,1664.8958259
359381,284.6262029,-8.89,,,,,,,1665.3737971
359380,284.0421084,-8.93,,,,,,,1665.9578916
359379,283.4797704,-9.15,,,,,,,1666.5202296
359378,282.9073847,-9.06,,,,,,,1667.0926153
359377,282.3349027,-9.06,,,,,,,1667.6650973
359376,281.8088235,-8.92,,,,,,,1668.1911765
359375,281.0941761,-9.06,,,,,,,1668.9058239
359374,280.5570836,-8.66,,,,,,,1669.4429164
359373,279.788968,-8.88,,,,,,,1670.211032
359372,279.1579858,-9.03,,,,,,,1670.8420142
359371,278.5777288,-9.8,,,,,,,1671.4222712
359370,277.9890115,-9.57,,,,,,,1672.0109885
359369,277.378612,-9.88,,,,,,,1672.621388
359368,276.8782484,-9.55,,,,,,,1673.1217516
359367,276.2205302,-9.68,,,,,,,1673.7794698
359366,275.5537412,-9.28,,,,,,,1674.4462588000001
359365,274.9456524,-9.22,,,,,,,1675.0543476
359364,274.2821808,-9.57,,,,,,,1675.7178192000001
359363,273.6889714,-9.51,,,,,,,1676.3110286
359362,273.1220005,-9.37,,,,,,,1676.8779995
359361,272.4763531,-9.3,,,,,,,1677.5236469000001
359360,271.9854433,-8.93,,,,,,,1678.0145567
359359,271.071282,-8.89,,,,,,,1678.9287180000001
359358,270.3266555,-8.55,,,,,,,1679.6733445
359357,269.4748244,-8.26,,,,,,,1680.5251756
359356,268.9070135,-8.45,,,,,,,1681.0929865
359355,268.2438888,-8.83,,,,,,,1681.7561112
359354,267.5784685,-8.56,,,,,,,1682.4215315000001
359353,266.8661226,-8.91,,,,,,,1683.1338774
359352,266.0555901,-8.93,,,,,,,1683.9444099
359351,265.412774,-9.2,,,,,,,1684.587226
359350,263.7182595,-9.1,,,,,,,1686.2817405
359349,263.1280815,-8.96,,,,,,,1686.8719185
359348,262.5179032,-8.91,,,,,,,1687.4820968
359347,261.6755132,-8.81,,,,,,,1688.3244868
359346,260.9115174,-8.59,,,,,,,1689.0884826000001
359345,260.0611366,-8.38,,,,,,,1689.9388634
359344,259.3088495,-8.18,,,,,,,1690.6911505
359343,257.8747471,-8.09,,,,,,,1692.1252529
359342,257.3350493,-8.29,,,,,,,1692.6649507
359341,256.570255,-8.56,,,,,,,1693.429745
359340,255.7783533,-8.66,,,,,,,1694.2216467
359339,255.2811002,-8.67,,,,,,,1694.7188998
359338,254.6423177,-8.7,,,,,,,1695.3576823
359337,253.8337237,-8.63,,,,,,,1696.1662763
359336,252.9363381,-8.58,,,,,,,1697.0636619
359335,252.1566422,-8.76,,,,,,,1697.8433578
359334,251.411528,-8.67,,,,,,,1698.588472
359333,250.9210671,-8.82,,,,,,,1699.0789329
359332,250.3040053,-8.73,,,,,,,1699.6959947
359331,249.4699113,-8.66,,,,,,,1700.5300887
359330,248.9968933,-8.67,,,,,,,1701.0031067
359329,248.3491552,-8.78,,,,,,,1701.6508448
359328,247.4773058,-8.59,,,,,,,1702.5226942
359327,246.0366704,-8.46,,,,,,,1703.9633296
359326,245.4203307,-8.49,,,,,,,1704.5796693
359325,244.3255934,-8.38,,,,,,,1705.6744066
359324,243.2519102,-8.52,,,,,,,1706.7480898
359323,242.229971,-8.55,,,,,,,1707.770029
359322,240.1299708,-8.47,,,,,,,1709.8700292
359321,239.1445177,-8.66,,,,,,,1710.8554823
359320,237.0985381,-8.48,,,,,,,1712.9014619
359319,236.0054275,-8.65,,,,,,,1713.9945725
359318,234.9766759,-8.71,,,,,,,1715.0233241
359317,234.0094583,-8.69,,,,,,,1715.9905417
359316,232.9978999,-8.89,,,,,,,1717.0021001
359315,231.9319468,-8.83,,,,,,,1718.0680532000001
359314,230.9876199,-9.17,,,,,,,1719.0123801
359313,229.9170883,-9.04,,,,,,,1720.0829117
359312,229.0096918,-9.15,,,,,,,1720.9903082
359311,227.9903094,-9.14,,,,,,,1722.0096905999999
359310,226.9611957,-9.12,,,,,,,1723.0388043
359309,226.0807123,-8.84,,,,,,,1723.9192877
359308,225.1389855,-9.31,,,,,,,1724.8610145
359307,224.1587677,-9.05,,,,,,,1725.8412323
359306,223.1173859,-9.1,,,,,,,1726.8826141
359305,221.9156072,-8.67,,,,,,,1728.0843928
359304,220.8358407,-8.96,,,,,,,1729.1641593
359303,219.8636073,-8.69,,,,,,,1730.1363927
359302,218.8295315,-8.62,,,,,,,1731.1704685
359301,217.8375358,-8.45,,,,,,,1732.1624642
359300,216.8782301,-8.51,,,,,,,1733.1217699
359299,214.8577051,-8.61,,,,,,,1735.1422949
359298,213.9690309,-8.62,,,,,,,1736.0309691
359297,212.9290882,-8.66,,,,,,,1737.0709118
359296,211.9412611,-8.74,,,,,,,1738.0587389
359295,210.9837758,-8.86,,,,,,,1739.0162242000001
359294,210.0799735,-8.88,,,,,,,1739.9200265
359293,209.0951109,-8.93,,,,,,,1740.9048891
359292,208.0745894,-8.85,,,,,,,1741.9254106
359291,207.0830436,-8.35,,,,,,,1742.9169564
359290,206.0444094,-8.12,,,,,,,1743.9555906
359289,205.0333903,-8.34,,,,,,,1744.9666097
359288,204.1297127,-8.38,,,,,,,1745.8702873
359287,203.1407382,-8.58,,,,,,,1746.8592618
359286,202.195646,-8.57,,,,,,,1747.8043539999999
359285,201.1799487,-8.74,,,,,,,1748.8200513
359284,200.2188135,-8.64,,,,,,,1749.7811864999999
359283,199.2454765,-8.62,,,,,,,1750.7545235
359282,198.284123,-8.22,,,,,,,1751.715877
359281,197.2013476,-8.13,,,,,,,1752.7986524
359280,196.2270176,-8.19,,,,,,,1753.7729824
359279,195.3232562,-8.19,,,,,,,1754.6767438
359278,194.3683569,-7.89,,,,,,,1755.6316431
359277,193.2710549,-8.03,,,,,,,1756.7289451
359276,192.2913489,-7.99,,,,,,,1757.7086511
359275,191.2119058,-8.48,,,,,,,1758.7880942
359274,190.1236262,-8.12,,,,,,,1759.8763738
359273,189.0314348,-8.36,,,,,,,1760.9685652
359272,188.1452795,-8.57,,,,,,,1761.8547205
359271,187.103127,-8.79,,,,,,,1762.896873
359270,186.1132817,-8.66,,,,,,,1763.8867183
359269,185.0638962,-8.86,,,,,,,1764.9361038
359268,184.0594897,-8.72,,,,,,,1765.9405103
359267,183.057703,-9.08,,,,,,,1766.942297
359266,182.0600695,-8.92,,,,,,,1767.9399305
359265,180.9795223,-8.61,,,,,,,1769.0204777
359264,179.9734091,-9.13,,,,,,,1770.0265909
359263,178.9012454,-9.0,,,,,,,1771.0987546000001
359262,177.99705,-8.56,,,,,,,1772.00295
359261,176.9682712,-8.53,,,,,,,1773.0317288
359260,175.9316921,-8.39,,,,,,,1774.0683079
359259,175.0218707,-8.35,,,,,,,1774.9781293
359258,173.9303604,-8.19,,,,,,,1776.0696396
359257,172.9341372,-8.48,,,,,,,1777.0658628
359256,172.0747316,-8.69,,,,,,,1777.9252684
359255,170.9701258,-8.99,,,,,,,1779.0298742
359254,169.9457146,-8.85,,,,,,,1780.0542854
359253,168.9646307,-8.88,,,,,,,1781.0353693
359252,168.0525672,-8.88,,,,,,,1781.9474328000001
359251,167.0796329,-8.9,,,,,,,1782.9203671
359250,166.1675072,-8.76,,,,,,,1783.8324928
359249,165.2514323,-8.64,,,,,,,1784.7485677
359248,164.2678126,-8.45,,,,,,,1785.7321874
359247,163.24456,-9.28,,,,,,,1786.75544
359246,162.1820066,-9.26,,,,,,,1787.8179934
359245,161.2491028,-9.57,,,,,,,1788.7508972
359244,160.4126937,-9.52,,,,,,,1789.5873063
359243,159.4925577,-9.42,,,,,,,1790.5074423
359242,158.4864366,-9.26,,,,,,,1791.5135634
359241,157.4472805,-9.2,,,,,,,1792.5527195
359240,156.3481821,-9.22,,,,,,,1793.6518179
359239,155.2803495,-9.33,,,,,,,1794.7196505
359238,154.3104728,-8.99,,,,,,,1795.6895272
359237,153.2513599,-8.83,,,,,,,1796.7486401
359236,152.2052226,-8.72,,,,,,,1797.7947774
359235,151.109188,-8.67,,,,,,,1798.890812
359234,150.0172943,-8.34,,,,,,,1799.9827057
359233,149.0707758,-8.42,,,,,,,1800.9292242
359232,148.06065,-8.32,,,,,,,1801.93935
359231,147.0776461,-8.46,,,,,,,1802.9223539
359230,146.0943731,-8.39,,,,,,,1803.9056269
359229,145.1038614,-8.71,,,,,,,1804.8961386
359228,144.0812177,-8.81,,,,,,,1805.9187823
359227,143.1175553,-8.92,,,,,,,1806.8824447
359226,142.2281941,-8.93,,,,,,,1807.7718059
359225,141.2255993,-9.02,,,,,,,1808.7744007000001
359224,140.2240621,-8.84,,,,,,,1809.7759379
359223,139.2557173,-9.22,,,,,,,1810.7442827
359222,138.2598557,-8.95,,,,,,,1811.7401442999999
359221,137.221184,-9.25,,,,,,,1812.778816
359220,136.0936811,-9.3,,,,,,,1813.9063189
359219,135.1286624,-9.38,,,,,,,1814.8713376
359218,134.2651881,-9.3,,,,,,,1815.7348119
359217,133.3743751,-9.37,,,,,,,1816.6256249
359216,132.35674,-9.34,,,,,,,1817.64326
359215,131.3472455,-9.19,,,,,,,1818.6527545
359214,130.4459233,-8.97,,,,,,,1819.5540767
359213,129.5362427,-9.09,,,,,,,1820.4637573
359212,128.6174763,-9.15,,,,,,,1821.3825237
359211,127.5146308,-9.18,,,,,,,1822.4853692
359210,126.5694735,-8.92,,,,,,,1823.4305265
359209,125.5893342,-8.87,,,,,,,1824.4106658
359208,124.55376,-8.84,,,,,,,1825.44624
359207,123.5257516,-8.65,,,,,,,1826.4742484
359206,122.6002595,-8.57,,,,,,,1827.3997405
359205,121.5871734,-8.68,,,,,,,1828.4128266
359204,120.5624218,-8.65,,,,,,,1829.4375782
359203,119.5414176,-8.44,,,,,,,1830.4585824
359202,118.5393602,-8.6,,,,,,,1831.4606398
359201,117.6497796,-8.59,,,,,,,1832.3502204
359200,116.7041686,-8.64,,,,,,,1833.2958314
359199,115.7481261,-8.81,,,,,,,1834.2518739
359198,114.7775132,-8.98,,,,,,,1835.2224868
359197,113.7872186,-8.83,,,,,,,1836.2127814
359196,112.7787046,-9.11,,,,,,,1837.2212954
359195,111.7223062,-9.22,,,,,,,1838.2776938
359194,110.7043506,-9.1,,,,,,,1839.2956494
359193,109.6669637,-9.28,,,,,,,1840.3330363
359192,108.5982442,-9.35,,,,,,,1841.4017558
359191,107.676673,-9.39,,,,,,,1842.323327
359190,106.7664511,-9.32,,,,,,,1843.2335489
359189,105.7966413,-9.3,,,,,,,1844.2033587
359188,103.9877897,-9.3,,,,,,,1846.0122103
359187,102.1789382,-9.26,,,,,,,1847.8210618
359186,100.3700866,-9.35,,,,,,,1849.6299134
359185,98.56123504,-9.55,,,,,,,1851.43876496
359184,96.75238347,-9.5,,,,,,,1853.24761653
359183,94.9435319,-9.47,,,,,,,1855.0564681
359182,93.13468033,-9.46,,,,,,,1856.86531967
359181,91.32582876,-9.51,,,,,,,1858.67417124
359180,89.51697719,-9.18,,,,,,,1860.48302281
359179,87.70812562,-8.9,,,,,,,1862.29187438
359178,85.89927405,-9.1,,,,,,,1864.10072595
359177,84.09042248,-8.76,,,,,,,1865.90957752
359176,82.2815709,-8.4,,,,,,,1867.7184291
359175,80.47271933,-8.45,,,,,,,1869.52728067
359174,78.66386776,-8.5,,,,,,,1871.33613224
359173,76.85501619,-9.01,,,,,,,1873.14498381
359172,75.04616462,-8.95,,,,,,,1874.95383538
359171,73.23731305,-9.31,,,,,,,1876.76268695
359170,71.42846148,-9.1,,,,,,,1878.57153852
359169,69.61960991,-9.14,,,,,,,1880.38039009
359168,67.81075834,-9.17,,,,,,,1882.1892416599999
359167,66.00190677,-9.08,,,,,,,1883.99809323
359166,64.1930552,-8.9,,,,,,,1885.8069448
359165,62.38420363,-8.53,,,,,,,1887.61579637
359164,60.57535206,-8.26,,,,,,,1889.4246479399999
359163,58.76650049,-8.23,,,,,,,1891.23349951
359162,56.95764892,-8.29,,,,,,,1893.0423510800001
359161,55.14879735,-8.34,,,,,,,1894.85120265
359160,53.33994578,-8.17,,,,,,,1896.66005422
359159,51.53109421,-8.47,,,,,,,1898.46890579
359158,49.72224264,-8.87,,,,,,,1900.27775736
359157,47.91339107,-9.04,,,,,,,1902.08660893
359156,46.1045395,-9.04,,,,,,,1903.8954605
359155,44.29568793,-9.01,,,,,,,1905.70431207
359154,42.48683636,-9.14,,,,,,,1907.51316364
359153,40.67798479,-9.59,,,,,,,1909.32201521
359152,38.86913322,-10.43,,,,,,,1911.13086678
359151,37.06028165,-10.36,,,,,,,1912.93971835
359150,35.25143008,-10.27,,,,,,,1914.74856992
359149,33.44257851,-9.49,,,,,,,1916.55742149
359148,31.63372694,-9.02,,,,,,,1918.36627306
359147,29.82487537,-9.01,,,,,,,1920.17512463
359146,28.0160238,-9.56,,,,,,,1921.9839762
359145,26.20717223,-9.93,,,,,,,1923.79282777
359144,24.39832066,-9.89,,,,,,,1925.60167934
359143,22.58946909,-10.06,,,,,,,1927.41053091
359142,20.78061752,-9.55,,,,,,,1929.21938248
359141,18.97176595,-9.57,,,,,,,1931.02823405
359140,17.16291438,-9.12,,,,,,,1932.83708562
359139,15.35406281,-9.51,,,,,,,1934.64593719
359138,13.54521124,-9.61,,,,,,,1936.45478876
359137,11.73635967,-9.85,,,,,,,1938.26364033
359136,9.927508097,-9.91,,,,,,,1940.072491903
359135,8.118656527,-9.82,,,,,,,1941.881343473
359134,6.309804957,-9.46,,,,,,,1943.690195043
359133,4.500953387,-9.18,,,,,,,1945.499046613
359132,2.692101816,-9.11,,,,,,,1947.307898184
359131,0.883250246,-9.02,,,,,,,1949.116749754
359130,-0.925601324,-8.9,,,,,,,1950.925601324
359129,-2.734452894,-8.56,,,,,,,1952.734452894
359128,-4.543304464,-8.34,,,,,,,1954.543304464
359127,-6.352156035,-8.35,,,,,,,1956.352156035
359126,-8.161007605,-8.27,,,,,,,1958.161007605
359125,-9.969859175,-8.36,,,,,,,1959.969859175
359124,-11.77871075,-8.56,,,,,,,1961.77871075
359123,-13.58756232,-8.56,,,,,,,1963.58756232
359122,-15.39641389,-8.95,,,,,,,1965.39641389
359121,-17.20526546,-9.01,,,,,,,1967.20526546
359120,-19.01411703,-9.31,,,,,,,1969.01411703
359119,-19.91854281,-9.14,,,,,,,1969.91854281
359118,-20.8229686,-9.05,,,,,,,1970.8229686
359117,-21.72739438,-8.73,,,,,,,1971.72739438
359116,-22.63182017,-8.64,,,,,,,1972.63182017
359115,-23.53624595,-8.64,,,,,,,1973.53624595
359114,-24.44067174,-8.72,,,,,,,1974.44067174
359113,-25.34509752,-8.97,,,,,,,1975.34509752
359112,-26.24952331,-9.48,,,,,,,1976.24952331
359111,-27.15394909,-9.65,,,,,,,1977.15394909
359110,-28.05837488,-9.33,,,,,,,1978.05837488
359109,-28.96280066,-9.38,,,,,,,1978.96280066
359108,-29.86722645,-9.58,,,,,,,1979.86722645
359107,-30.77165223,-9.83,,,,,,,1980.77165223
359106,-31.67607802,-9.82,,,,,,,1981.67607802
359105,-32.5805038,-10.1,,,,,,,1982.5805038
359104,-33.48492959,-10.02,,,,,,,1983.48492959
359103,-34.38935537,-9.62,,,,,,,1984.38935537
359102,-35.29378116,-9.49,,,,,,,1985.29378116
359101,-36.19820694,-9.37,,,,,,,1986.19820694
359100,-37.10263273,-9.17,,,,,,,1987.10263273
359099,-38.00705851,-9.29,,,,,,,1988.00705851
359098,-38.9114843,-8.94,,,,,,,1988.9114843
359097,-39.81591008,-9.09,,,,,,,1989.81591008
359096,-40.72033587,-8.96,,,,,,,1990.72033587
359095,-41.62476165,-8.94,,,,,,,1991.62476165
359094,-42.52918744,-8.94,,,,,,,1992.52918744
359093,-43.43361322,-8.79,,,,,,,1993.43361322
359092,-44.33803901,-8.74,,,,,,,1994.33803901
359091,-45.24246479,-8.55,,,,,,,1995.24246479
359090,-46.14689058,-8.73,,,,,,,1996.14689058
359089,-47.05131636,-8.5,,,,,,,1997.05131636
359088,-47.95574215,-8.87,,,,,,,1997.95574215
359087,-48.86016793,-8.83,,,,,,,1998.86016793
359086,-49.76459372,-8.78,,,,,,,1999.76459372
359085,-50.6690195,-8.96,,,,,,,2000.6690195
359084,-51.57344529,-9.08,,,,,,,2001.57344529
359083,-52.47787107,-8.6,,,,,,,2002.47787107
359082,-53.38229686,-8.54,,,,,,,2003.38229686
359081,-54.28672264,-8.61,,,,,,,2004.28672264
359080,-55.19114843,-8.23,,,,,,,2005.1911484299999
359079,-56.09557421,-8.01,,,,,,,2006.09557421
