depth_sample,interp_age,sample_thickness,d18O_measurement,d13C_measurement,Mg_Ca_measurement,P_Ca_measurement,Sr_Ca_measurement,U_Ca_measurement,year_CE
0.0,-62.0,0.2,-3.668,-4.6915,1.87936852380952,0.350983557142857,0.102556809523809,5.886496e-05,2012.0
0.2,-61.0,0.2,-2.81181980655,-3.90025,2.13128534615384,0.308690176923076,0.0973401153846153,5.75927719230769e-05,2011.0
0.4,-60.0,0.2,-2.812,-3.90025,2.11818738461538,0.252512007692307,0.108745269230769,4.8758443076923e-05,2010.0
0.6,-59.0,0.2,-3.344,-4.079875,2.44146729629629,0.323535107407407,0.109605259259259,5.3234924074074e-05,2009.0
0.8,-58.0,0.2,-2.846,-3.634,2.29457911538461,0.350152353846153,0.0937426153846154,4.99010899999999e-05,2008.0
1.0,-57.0,0.2,-3.144,-3.76625,2.07831519230769,0.33305618076923,0.0978104615384615,5.60095573076923e-05,2007.0
1.2,-56.0,0.25,-3.539,-4.212875,2.289432125,0.309156487499999,0.08433803125,6.18621571875e-05,2006.0
1.45,-54.0,0.15,-3.702,-4.887375,2.0726652,0.266237145,0.088204,4.33748949999999e-05,2004.0
1.6,-53.0,0.2,-3.268,-5.0425,1.9378183076923,0.293971503846153,0.0792133461538461,5.36848538461538e-05,2003.0
1.8,-52.0,0.2,-3.791,-4.59875,2.24554473076923,0.370769542307692,0.0652644615384615,5.49892865384615e-05,2002.0
2.0,-51.0,0.2,-3.885,-4.123,2.1655383076923,0.422087292307692,0.078837423076923,5.49352738461538e-05,2001.0
2.2,-50.0,0.2,-4.004,-4.23,1.74388515384615,0.387547942307692,0.103655423076923,5.02341076923076e-05,2000.0
2.4,-49.0,0.2,-3.551,-4.58125,1.79151357692307,0.361236996153846,0.100707,4.73740511538461e-05,1999.0
2.6,-47.0,0.2,-3.752,-5.3875,1.98120126923076,0.637491584615384,0.121176038461538,4.28668569230769e-05,1997.0
2.8,-46.0,0.2,-4.281,-6.240625,2.03529707692307,0.593413723076923,0.114131384615384,5.24518684615384e-05,1996.0
3.0,-45.0,0.2,-4.278,-6.06745,1.6246903076923,0.465078196153846,0.0922447692307692,5.57528723076923e-05,1995.0
3.2,-44.0,0.2,-4.086,-5.345,1.80152961538461,0.473973411538461,0.10648123076923,0.0001968112434615,1994.0
3.4,-43.0,0.2,-4.096,-5.3245,1.90907076923076,0.337150396153846,0.0871587692307692,5.47392896153846e-05,1993.0
3.6,-41.0,0.2,-4.432,-5.27725,1.80558846153846,0.332828184615384,0.0734297307692307,5.06546273076923e-05,1991.0
3.8,-40.0,0.2,-4.207,-5.020875,2.08896188461538,0.245393819230769,0.0859093846153846,3.85761638461538e-05,1990.0
4.0,-39.0,0.2,-3.982,-4.65775,1.79407111111111,0.30325447037037,0.0884547407407407,3.7068087037037e-05,1989.0
4.2,-38.0,0.2,-4.042,-5.096625,1.70508857692307,0.269563788461538,0.0975941538461538,4.32592434615384e-05,1988.0
4.4,-37.0,0.199999999999999,-4.397,-5.522375,1.83982169230769,0.285293434615384,0.0854592307692307,3.68558815384615e-05,1987.0
4.6,-36.0,0.2,-4.24,-5.5,1.7596658076923,0.452187784615384,0.103080192307692,4.89303053846153e-05,1986.0
4.8,-35.0,0.2,-4.44,-5.3347875,2.98114573076923,0.663817165384615,0.0971551153846153,5.958874e-05,1985.0
5.0,-33.0,0.2,-3.853,-4.9585,1.82313269230769,0.308918169230769,0.0818584999999999,7.4774665e-05,1983.0
5.2,-32.0,0.2,-3.76,-4.666875,1.85519734615384,0.269820757692307,0.0900584615384615,5.72563861538461e-05,1982.0
5.4,-31.0,0.199999999999999,-3.777,-4.632375,1.75887588461538,0.242569115384615,0.0985367307692307,4.60860823076923e-05,1981.0
5.6,-30.0,0.2,-3.878,-4.81125,1.72414569230769,0.271313184615384,0.077626,4.66479326923076e-05,1980.0
5.8,-29.0,0.2,-4.004,-5.078875,1.79329953846153,0.305492042307692,0.0867368846153846,5.12647957692307e-05,1979.0
6.0,-27.0,0.2,-3.8,-4.94475,1.87055853846153,0.320922346153846,0.080026923076923,5.41906411538461e-05,1977.0
6.2,-26.0,0.2,-3.993,-4.59295,1.97747765384615,0.3586201,0.0923459615384615,6.13606776923076e-05,1976.0
6.4,-25.0,0.199999999999999,-3.719,-4.16664166666667,2.10209042307692,0.223172819230769,0.0931677692307692,0.0001329043153846,1975.0
6.6,-24.0,0.2,-3.639,-4.27625,2.06002746153846,0.280875911538461,0.085565423076923,9.50939323076923e-05,1974.0
6.8,-23.0,0.2,-4.057,-4.15985,1.96101515384615,0.243404296153846,0.0863908846153846,7.49094365384615e-05,1973.0
7.0,-22.0,0.2,-3.685,-4.593,2.07937057692307,0.234378407692307,0.102287076923076,7.37155619230769e-05,1972.0
7.2,-21.0,0.2,-4.141,-5.170375,1.76241111538461,0.196515611538461,0.0880136923076923,6.6460843076923e-05,1971.0
7.4,-19.0,0.199999999999999,-3.817,-5.12375,1.79992399999999,0.254974765384615,0.076856923076923,6.96546757692307e-05,1969.0
7.6,-18.0,0.2,-4.191,-5.150925,1.62088807407407,0.322837455555555,0.0720076296296296,6.17803051851852e-05,1968.0
7.8,-17.0,0.2,-4.04,-4.897875,1.62686596153846,0.314388792307692,0.0823854615384615,5.23095546153846e-05,1967.0
8.0,-16.0,0.199999999999999,-4.153,-4.341375,1.99844853846153,0.236254926923076,0.0866296538461538,7.11069392307692e-05,1966.0
8.2,-15.0,0.200000000000001,-4.543,-4.499125,1.8781108076923,0.314901503846153,0.0824471153846153,6.37269369230769e-05,1965.0
8.4,-13.0,0.199999999999999,-4.083,-4.18375,2.51684426923076,0.371598699999999,0.090674,0.0001171297753846,1963.0
8.6,-12.0,0.200000000000001,-3.947,-4.38875,2.56835511538461,0.517451515384615,0.0881773846153846,6.27446765384615e-05,1962.0
8.8,-11.0,0.199999999999999,-4.089,-4.533125,2.09547707692307,0.242724423076923,0.0832220384615384,7.16483907692307e-05,1961.0
9.0,-10.0,0.199999999999999,-4.405,-4.7155,1.86150169230769,0.391105457692307,0.0822096153846153,6.24210134615384e-05,1960.0
9.2,-9.0,0.200000000000001,-4.043,-4.55975,1.89942561538461,0.246731769230769,0.0837373846153846,5.70618519230769e-05,1959.0
9.4,-8.0,0.199999999999999,-4.175,-4.892625,1.78421023076923,0.25793963076923,0.0731644615384615,5.82620319230769e-05,1958.0
9.6,-6.0,0.200000000000001,-4.309,-4.93825833333333,1.88704526923076,0.188058007692307,0.0946307692307692,8.37442076923076e-05,1956.0
9.8,-5.0,0.199999999999999,-4.197,-4.965125,1.83187007692307,0.262056696153846,0.0735368461538461,5.59068599999999e-05,1955.0
10.0,-4.0,0.199999999999999,-4.142,-4.941875,1.66883615384615,0.323977534615384,0.075902423076923,4.60915242307692e-05,1954.0
10.2,-3.0,0.200000000000001,-3.584,-4.9375,1.7257538076923,0.352837192307692,0.0713365384615384,5.16947488461538e-05,1953.0
10.4,-2.0,0.199999999999999,-4.321,-4.62045,1.65476003846153,0.311939138461538,0.083324923076923,8.61901003846154e-05,1952.0
10.6,0.0,0.200000000000001,-4.095,-4.812375,1.73065126923076,0.246431253846153,0.0918920769230769,5.6337458076923e-05,1950.0
10.8,1.0,0.199999999999999,-4.119,-4.69625,1.72313303846153,0.271944392307692,0.0835940384615384,5.46842596153846e-05,1949.0
11.0,2.0,0.199999999999999,-4.793,-5.726,1.78793885185185,0.283109314814814,0.0826375555555555,0.0001307699948148,1948.0
11.2,3.0,0.200000000000001,-4.396,-5.7025,1.64938146153846,0.303558607692307,0.0772461153846153,5.5933878076923e-05,1947.0
11.4,4.0,0.199999999999999,-4.572,-5.506,1.85837246153846,0.215950376923076,0.082778,5.84866665384615e-05,1946.0
11.6,6.0,0.200000000000001,-4.152,-5.259625,1.57340738461538,0.183362714615384,0.0944881153846153,7.03884915384615e-05,1944.0
11.8,7.0,0.199999999999999,-4.759,-5.681125,1.6127985,0.305981038461538,0.0868925769230769,4.77233407692307e-05,1943.0
12.0,8.0,0.199999999999999,-4.324,-5.53525,1.83107861538461,0.62476663076923,0.0767380769230769,5.00214603846153e-05,1942.0
12.2,9.0,0.200000000000001,-4.615,-5.6624375,1.64365023076923,0.396579173076923,0.0828170384615384,5.97224565384615e-05,1941.0
12.4,10.0,0.199999999999999,-4.688,-5.719125,1.80611753846153,0.288820438461538,0.0951869230769231,0.0001038085080769,1940.0
12.6,12.0,0.200000000000001,-4.861,-5.84625,1.73802569230769,0.335648138461538,0.0879515384615384,8.68677746153846e-05,1938.0
12.8,13.0,0.199999999999999,-4.676,-5.876425,1.7354645,0.334783092307692,0.0813543846153846,5.81299276923076e-05,1937.0
13.0,14.0,0.199999999999999,-4.508,-5.432,2.24420603846153,0.258312349999999,0.0773723846153846,5.82690657692307e-05,1936.0
13.2,15.0,0.200000000000001,-4.918,-5.28025,1.99407207692307,0.3091485,0.0827840769230769,0.0001284254096153,1935.0
13.4,16.0,0.199999999999999,-4.431,-4.50075,2.02383984615384,0.265704107692307,0.0902126923076923,7.4559205e-05,1934.0
13.6,17.0,0.200000000000001,-4.363,-4.23975,2.19410003846153,0.216387199615384,0.0886298461538461,0.0001572034253846,1933.0
13.8,19.0,0.199999999999999,-4.393,-4.1914375,1.93391484615384,0.216517796153846,0.0835430384615384,9.24455573076923e-05,1931.0
14.0,20.0,0.199999999999999,-4.367,-4.321,1.92731023076923,0.197553934615384,0.0979814615384615,0.0002373840896153,1930.0
14.2,21.0,0.200000000000001,-4.442,-4.618125,1.73795134615384,0.250400196153846,0.0859108461538461,0.0001297700553846,1929.0
14.4,22.0,0.199999999999999,-4.379,-4.959625,1.97983518518518,0.220212677777777,0.100860851851851,0.0002844918444444,1928.0
14.6,23.0,0.200000000000001,-4.273,-5.213,1.73690084615384,0.229933311538461,0.0865585769230769,0.0001777822003846,1927.0
14.8,24.0,0.199999999999999,-4.447,-5.107375,2.13365242307692,0.185504834615384,0.0988826923076923,0.0001654994996153,1926.0
15.0,25.0,0.199999999999999,-4.805,-5.03871666666667,1.59195138461538,0.259543819230769,0.0868841923076923,0.0001322318484615,1925.0
15.2,27.0,0.200000000000001,-3.888,-4.9695,2.07013907692307,0.27223593076923,0.0892350769230769,9.31795623076923e-05,1923.0
15.4,28.0,0.199999999999999,-4.275,-4.56165,1.7838695,0.321845996153846,0.0749303461538461,7.23197123076923e-05,1922.0
15.6,29.0,0.200000000000001,-4.223,-4.498375,1.87869607692307,0.197406746153846,0.0943554999999999,0.0003109586465384,1921.0
15.8,30.0,0.199999999999999,-4.538,-4.186125,1.85252353846153,0.271291342307692,0.0819801153846153,6.66187338461538e-05,1920.0
16.0,31.0,0.199999999999999,-4.37,-4.2845,1.86426007692307,0.282941796153846,0.0873465769230769,6.40940715384615e-05,1919.0
16.2,33.0,0.199999999999999,-4.628,-4.97525,1.67222796153846,0.256937234615384,0.0923226923076923,5.04568338461538e-05,1917.0
16.4,34.0,0.200000000000003,-4.614,-5.180125,1.82179246153846,0.242362742307692,0.090559,6.71373023076923e-05,1916.0
16.6,35.0,0.199999999999999,-4.126,-4.88171428571429,2.02575423076923,0.225232249999999,0.0898947692307692,8.82832738461538e-05,1915.0
16.8,36.0,0.199999999999999,-3.952,-4.316125,1.79511669230769,0.244358434615384,0.0936652692307692,0.0001100423199999,1914.0
17.0,37.0,0.199999999999999,-4.144,-4.2488375,1.80934392307692,0.254819888461538,0.0905582307692307,0.0001285400780769,1913.0
17.2,38.0,0.199999999999999,-4.199,-4.261125,2.11915784615384,0.296046896153846,0.0897100384615384,5.98776642307692e-05,1912.0
17.4,40.0,0.200000000000003,-4.407,-4.83925,1.57087838461538,0.290925042307692,0.0909731923076923,4.42580215384615e-05,1910.0
17.6,41.0,0.199999999999999,-4.24,-4.72575,1.93717569230769,0.237873365384615,0.0955736153846153,5.00758426923076e-05,1909.0
17.8,42.0,0.199999999999999,-4.418,-5.027875,1.69018161538461,0.30147553076923,0.0811827692307692,4.36963846153846e-05,1908.0
18.0,43.0,0.199999999999999,-4.467,-4.662125,1.85840614814814,0.282265259259259,0.0932514814814814,4.55927133333333e-05,1907.0
18.2,44.0,0.199999999999999,-4.508,-4.8015,1.73391534615384,0.225327426923076,0.0986442307692307,4.7028858076923e-05,1906.0
18.4,45.0,0.200000000000003,-4.971,-4.477,1.89831538461538,0.285291569230769,0.0907030769230769,3.77247019230769e-05,1905.0
18.6,47.0,0.199999999999999,-4.848,-4.37275,2.02029984615384,0.240880223076923,0.0998375,4.02487826923076e-05,1903.0
18.8,48.0,0.199999999999999,-4.522,-4.2697,1.61301769230769,0.253736711538461,0.0927674615384615,3.95602392307692e-05,1902.0
19.0,49.0,0.199999999999999,-4.488,-4.163625,1.95813511538461,0.319712038461538,0.0827937307692307,4.35495057692307e-05,1901.0
19.2,50.0,0.199999999999999,-4.442,-4.330825,2.06441665384615,0.372193219230769,0.0651093846153846,4.3588653076923e-05,1900.0
19.4,51.0,0.200000000000003,-3.859,-4.599,1.89398611538461,0.353984773076923,0.0866006153846154,4.1814425e-05,1899.0
19.6,52.0,0.199999999999999,-4.25,-5.2291,1.9558233076923,0.28918228076923,0.0989053076923077,4.36277376923077e-05,1898.0
19.8,54.0,0.199999999999999,-4.494,-5.1005,1.77138753846153,0.315689284615384,0.0790492307692307,4.02017111538461e-05,1896.0
20.0,55.0,0.489552239999998,-4.508,-4.71355555555556,2.0985714375,0.239111875,0.102574375,4.965601734375e-05,1895.0
20.48955224,58.0,0.489552240000002,-4.608,-4.7513375,1.60976764062499,0.35963165625,0.095141109375,4.952310953125e-05,1892.0
20.97910448,61.0,0.489552239999998,-4.289,-4.5163125,1.51828407936507,0.290766341269841,0.107222396825396,0.0001661508360317,1889.0
21.46865672,64.0,0.489552240000002,-4.38,-5.2786875,1.7397473125,0.2317649325,0.102458265625,5.410428765625e-05,1886.0
21.95820896,67.0,0.489552230000001,-4.29,-5.688775,1.73926499999999,0.4814769125,0.09490665625,5.75576787499999e-05,1883.0
22.44776119,69.0,0.489552239999998,-4.356,-5.718375,1.804027796875,0.4241343671875,0.099884703125,5.361043203125e-05,1881.0
22.93731343,72.0,0.489552240000002,-4.797,-5.7044,1.9620444375,0.17687097921875,0.091606671875,6.369510125e-05,1878.0
23.42686567,75.0,0.489552239999998,-4.569,-5.8885,1.88658834920634,0.177456856031746,0.0984400952380952,7.58907941269841e-05,1875.0
23.91641791,78.0,0.489552240000002,-4.258,-4.703125,1.890862671875,0.1442601384375,0.094536375,8.716885484375e-05,1872.0
24.40597015,81.0,0.489552239999998,-4.399,-3.8632,1.7779796875,0.199768639062499,0.0931868125,5.222316671875e-05,1869.0
24.89552239,84.0,0.489552239999998,-4.386,-4.245375,1.888099375,0.17805674578125,0.1078843125,4.1803985e-05,1866.0
25.38507463,86.0,0.489552240000002,-3.901,-3.640075,1.96019725396825,0.278086187301587,0.0977594444444444,4.36773212698412e-05,1864.0
25.87462687,89.0,0.489552230000001,-4.234,-4.475625,1.41361093125,0.281641603125,0.09954465625,5.4036556875e-05,1861.0
26.3641791,92.0,0.489552239999998,-4.084,-4.5835,1.6051425859375,0.3238470046875,0.096583046875,9.013986171875e-05,1858.0
26.85373134,95.0,0.489552240000002,-4.286,-4.317825,1.847220375,0.298810496875,0.07652971875,4.22098821875e-05,1855.0
27.34328358,98.0,0.489552239999998,-4.216,-4.405675,1.77867339062499,0.293835440625,0.09244303125,7.48334615624999e-05,1852.0
27.83283582,101.0,0.489552240000002,-4.38,-4.25195,1.74380484126984,0.28726722063492,0.0954602380952381,5.68022209523809e-05,1849.0
28.32238806,104.0,0.489552239999998,-4.219,-3.843375,1.692438515625,0.296817959375,0.09190175,5.193461875e-05,1846.0
28.8119403,107.0,0.489552240000002,-3.939,-3.595975,1.81459617187499,0.282608271875,0.090033125,4.16706803125e-05,1843.0
29.30149254,109.0,0.489552239999998,-3.454,-4.14575,1.993169890625,0.277272440625,0.088847609375,5.275073828125e-05,1841.0
29.79104478,112.0,0.489552230000001,-4.203,-4.72325,1.6055434375,0.293101771875,0.08204459375,5.363173890625e-05,1838.0
30.28059701,115.0,0.489552239999998,-4.331,-5.432875,1.51041096825396,0.350971123809523,0.0755794603174603,5.3558925079365e-05,1835.0
30.77014925,118.0,0.489552240000002,-4.543,-5.3811325,1.760491546875,0.3397253265625,0.083218546875,9.25897590625e-05,1832.0
31.25970149,121.0,0.489552239999998,-4.188,-4.765,1.75831548437499,0.310433309375,0.0757488437499999,5.38623931249999e-05,1829.0
31.74925373,124.0,0.489552240000002,-4.061,-4.73825,1.618705453125,0.309785293749999,0.07800884375,9.95418134375e-05,1826.0
32.23880597,127.0,0.489552240000002,-4.396,-5.1585,1.70407122222222,0.28644925079365,0.0791617619047619,4.11828915873015e-05,1823.0
32.72835821,130.0,0.489552239999995,-4.838,-5.51425,1.537956234375,0.328568565625,0.07413115625,3.80852215625e-05,1820.0
33.21791045,132.0,0.489552240000002,-5.06,-6.993375,1.57870690624999,0.366201034375,0.076772234375,4.008053109375e-05,1818.0
33.70746269,135.0,0.489552240000002,-5.026,-6.69075,1.3285957328125,0.2737041203125,0.09106321875,0.0003162171351562,1815.0
34.19701493,138.0,0.489552230000001,-4.854,-5.377,1.522262984375,0.2578198046875,0.0814737031249999,0.0002216250920312,1812.0
34.68656716,141.0,0.489552239999995,-5.088,-6.1623375,1.34670173015872,0.263792919047619,0.0839246984126984,7.80981753968253e-05,1809.0
35.1761194,144.0,0.489552240000002,-4.729,-6.8175,1.1831937203125,0.256058773437499,0.083007921875,3.26802774999999e-05,1806.0
35.66567164,146.0,0.489552240000002,-5.422,-7.980875,0.940176121875,0.3147176578125,0.109013171875,5.65884359375e-05,1804.0
36.15522388,149.0,0.489552240000002,-5.334,-8.1178125,1.049995646875,0.27307676140625,0.098124859375,4.425095328125e-05,1801.0
36.64477612,152.0,0.489552239999995,-5.144,-7.87825,1.07385782063492,0.353365777777777,0.0948370952380952,3.14163026984126e-05,1798.0
37.13432836,155.0,0.489552240000002,-5.203,-7.540125,1.1392152640625,0.4558940546875,0.093582375,3.92630903125e-05,1795.0
37.6238806,158.0,0.489552240000002,-4.974,-7.178625,1.2040653484375,0.3751854453125,0.08304559375,5.684227046875e-05,1792.0
38.11343284,161.0,0.489552230000001,-4.876,-6.8856075,1.59905801562499,0.2987810890625,0.078794125,4.98093021875e-05,1789.0
38.60298507,164.0,0.489552239999995,-4.565,-5.9138075,1.51410475,0.266955334374999,0.07681190625,4.60466592187499e-05,1786.0
39.09253731,167.0,0.489552240000002,-4.397,-5.443535,1.44765836507936,0.268645839682539,0.0730070634920634,5.84148711111111e-05,1783.0
39.58208955,170.0,0.489552240000002,-4.83,-5.438625,1.4225645625,0.3208115765625,0.071211609375,4.12321559375e-05,1780.0
40.07164179,173.0,0.489552240000002,-4.575,-5.723375,1.382571625,0.2911210296875,0.0768715,3.68065071875e-05,1777.0
40.56119403,176.0,0.489552239999995,-4.513,-6.005275,1.578799375,0.271140396875,0.079998796875,3.5359915625e-05,1774.0
41.05074627,178.0,0.489552240000002,-5.505,-6.06725,1.663137015625,0.275204698437499,0.084505578125,3.707012515625e-05,1772.0
41.54029851,181.0,0.489552240000002,-4.504,-5.3405,1.6694636031746,0.283402949206349,0.0805631587301587,4.26834357142857e-05,1769.0
42.02985075,184.0,0.489552240000002,-4.311,-4.5644375,1.57088889062499,0.3066264609375,0.077111203125,3.764250375e-05,1766.0
42.51940299,187.0,0.489552229999994,-4.282,-4.14825,1.605447671875,0.271277539375,0.07837259375,4.120068703125e-05,1763.0
43.00895522,190.0,0.489552240000002,-4.081,-4.418375,1.473741140625,0.3486968390625,0.07523759375,4.014033e-05,1760.0
43.49850746,193.0,0.489552240000002,-4.319,-4.909585,1.51314515873015,0.268349691428571,0.0809189365079365,3.73202888888888e-05,1757.0
43.9880597,195.0,0.489552240000002,-4.512,-4.816025,1.59067542187499,0.313000129687499,0.074657203125,3.95314657812499e-05,1755.0
44.47761194,198.0,0.489552239999995,-4.364,-4.48125,1.57181184375,0.3341130609375,0.0716165,3.795235859375e-05,1752.0
44.96716418,201.0,0.489552240000002,-4.076,-4.78609,1.693427578125,0.2931544875,0.07847484375,3.89414246875e-05,1749.0
45.45671642,204.0,0.489552240000002,-3.92,-4.346875,1.7930091875,0.285720246875,0.0819390312499999,3.68837662499999e-05,1746.0
45.94626866,207.0,0.489552240000002,-4.11,-4.1902,1.72318392063492,0.265303065079365,0.0786992539682539,3.86075839682539e-05,1743.0
46.4358209,210.0,0.489552229999994,-4.319,-4.48401666666667,1.720768921875,0.26032355625,0.075101203125,3.862423953125e-05,1740.0
46.92537313,213.0,0.489552240000002,-4.098,-4.534125,1.576438921875,0.4352272765625,0.073830078125,4.452924140625e-05,1737.0
47.41492537,216.0,0.489552240000002,-3.857,-4.9715,1.445631428125,0.4466077171875,0.088967203125,8.717826828125e-05,1734.0
47.90447761,219.0,0.489552240000002,-3.83,-5.880625,1.474780328125,0.310269307812499,0.07730184375,6.195191921875e-05,1731.0
48.39402985,222.0,0.489552239999995,-4.198,-5.3965,1.33218212698412,0.309890477777777,0.0754485873015873,7.63466214285714e-05,1728.0
48.88358209,224.0,0.489552240000002,-4.397,-5.7233125,1.3894716015625,0.294837334375,0.075171203125,6.6979439375e-05,1726.0
49.37313433,227.0,0.489552240000002,-4.503,-6.135875,1.3208487234375,0.371122053124999,0.0873018906249999,3.65983487499999e-05,1723.0
49.86268657,230.0,0.489552240000002,-4.338,-5.372625,1.2418611,0.4993640734375,0.093713203125,3.877136453125e-05,1720.0
50.35223881,233.0,0.489552229999994,-4.058,-5.221875,2.61646768253968,0.905515812698412,0.0881807619047619,4.97403639682539e-05,1717.0
50.84179104,236.0,0.489552240000002,-3.938,-4.87575,1.578015828125,0.403168140625,0.0820079374999999,6.753396890625e-05,1714.0
51.33134328,238.0,0.489552240000002,-3.803,-4.34525,1.55496046875,0.4079426109375,0.092065234375,4.16406376562499e-05,1712.0
51.82089552,241.0,0.489552240000002,-3.829,-4.672325,1.401929671875,0.2918550515625,0.080364609375,3.989819296875e-05,1709.0
52.31044776,244.0,0.489552239999995,-3.859,-4.5748125,1.61420521875,0.419876365624999,0.07782453125,4.280141203125e-05,1706.0
52.8,247.0,0.489552240000002,-3.686,-4.872625,1.31504046031746,0.372887798412698,0.0829923809523809,0.0001653811349206,1703.0
53.28955224,250.0,0.489552240000002,-4.153,-6.21531,1.202369734375,0.400741603125,0.0998887968749999,6.485962828125e-05,1700.0
53.77910448,253.0,0.489552240000002,-4.399,-6.09225,1.28235406875,0.4607006453125,0.10776971875,0.0001454420203125,1697.0
54.26865672,256.0,0.489552239999995,-4.186,-5.4237125,1.2682539328125,0.5353419640625,0.112562265625,0.000179009599375,1694.0
54.75820896,259.0,0.489552230000001,-3.871,-4.85175,1.40340486507936,0.463226904761904,0.116836015873015,0.0001287972441269,1691.0
55.24776119,262.0,0.489552240000002,-4.447,-5.523375,1.4784042421875,0.22940668015625,0.109740390624999,0.0005948211617187,1688.0
55.73731343,265.0,0.489552240000002,-4.661,-6.565875,1.5883440078125,0.3035499234375,0.099118828125,0.0001536197479687,1685.0
56.22686567,267.0,0.489552239999995,-5.015,-6.946265,1.554721859375,0.36712774375,0.08062778125,3.649146546875e-05,1683.0
56.71641791,270.0,0.489552240000002,-4.961,-7.73276,1.520454140625,0.375450740625,0.073211921875,3.227147015625e-05,1680.0
57.20597015,273.0,0.489552240000002,-5.541,-8.070235,1.29459612698412,0.389710861904761,0.082146126984127,0.0001505044506349,1677.0
57.69552239,276.0,0.489552240000002,-5.093,-8.15025,1.543791921875,0.4081364921875,0.06439915625,4.31848859374999e-05,1674.0
58.18507463,279.0,0.489552239999995,-5.811,-8.258665,1.4069834671875,0.4311046328125,0.093116734375,4.73805296874999e-05,1671.0
58.67462687,282.0,0.489552230000001,-5.135,-8.322405,1.342809009375,0.4503422390625,0.11037475,0.0001650983807812,1668.0
59.1641791,285.0,0.489552240000002,-4.791,-8.20975,2.1788791984375,0.5966397125,0.1084003125,0.0002022810520312,1665.0
59.65373134,288.0,0.489552240000002,-4.957,-7.8537375,1.32081442698412,0.339681171428571,0.114268952380952,0.0001852945523809,1662.0
60.14328358,290.0,0.489552239999995,-4.677,-7.498875,1.2384581859375,0.31000540625,0.11090340625,0.0004408273201562,1660.0
60.63283582,293.0,0.489552240000002,-5.072,-7.4465175,1.25924809375,0.336656334375,0.110681203124999,0.00023966352875,1657.0
61.12238806,296.0,0.489552240000002,-4.767,-6.745375,1.296795734375,0.455400210937499,0.11015484375,6.50695515625e-05,1654.0
61.6119403,299.0,0.489552240000002,-4.434,-5.298125,1.02819128253968,0.291127776349206,0.111313539682539,0.0007101859973015,1651.0
62.10149254,302.0,0.489552239999995,-4.68,-5.4096625,1.134168909375,0.363911684375,0.09282121875,0.0002181411084375,1648.0
62.59104478,305.0,0.489552230000001,-4.682,-5.9875,1.2466016203125,0.45404815,0.0777710937499999,3.41783673437499e-05,1645.0
63.08059701,308.0,0.489552240000002,-4.771,-6.28975,1.45834839062499,0.5124989828125,0.0735069218749999,3.73812046874999e-05,1642.0
63.57014925,310.0,0.489552239999995,-4.152,-6.12325,1.315653875,0.394893459375,0.081116296875,4.999635484375e-05,1640.0
64.05970149,313.0,0.489552240000009,-4.912,-6.851,0.89973302063492,0.363086563492063,0.105632539682539,9.6322733015873e-05,1637.0
64.54925373,316.0,0.489552239999995,-5.52,-8.219125,1.069917978125,0.4037800625,0.0855540625,3.0948856875e-05,1634.0
65.03880597,319.0,0.489552239999995,-4.686,-6.97124,1.1034482125,0.4046120875,0.108006234375,5.965812234375e-05,1631.0
65.52835821,322.0,0.489552240000009,-4.474,-6.929125,1.0870806328125,0.4859756234375,0.102853890625,4.73726778125e-05,1628.0
66.01791045,325.0,0.489552239999995,-4.878,-7.8839375,1.21862195714285,0.315604986984127,0.0995171587301587,0.0001511030544444,1625.0
66.50746269,328.0,0.489552240000009,-5.673,-8.599375,1.56047059374999,0.5392579984375,0.105084468749999,5.03626937499999e-05,1622.0
66.99701493,331.0,0.489552230000001,-5.012,-7.864625,1.978855859375,0.664545531249999,0.111773390625,5.01194646875e-05,1619.0
67.48656716,333.0,0.489552239999995,-5.235,-7.45875,1.49386981249999,0.383605690625,0.113218953125,4.928186984375e-05,1617.0
67.9761194,336.0,0.489552239999995,-4.987,-6.9595,1.327751796875,0.418459849999999,0.10048275,0.0001173243054687,1614.0
68.46567164,339.0,0.489552240000009,-4.729,-6.699625,1.63348479365079,0.291059577777777,0.0727201111111111,4.36163626984126e-05,1611.0
68.95522388,342.0,0.489552239999995,-4.755,-6.740315,1.4199783046875,0.314513048437499,0.0838485625,3.866244578125e-05,1608.0
69.44477612,345.0,0.489552239999995,-4.497,-6.30725,1.3963117171875,0.4218268359375,0.103152187499999,3.755053109375e-05,1605.0
69.93432836,348.0,0.489552240000009,-4.286,-5.69,1.193902171875,0.441323337499999,0.119128703125,0.000105992845,1602.0
70.4238806,351.0,0.489552239999995,-4.307,-5.67479166666667,1.186882915625,0.362267053125,0.115061203125,0.0003159641735937,1599.0
70.91343284,353.0,0.489552230000001,-4.262,-6.036625,1.43971134920634,0.259344114285714,0.105685857142857,0.0001371709780952,1597.0
71.40298507,356.0,0.489552239999995,-4.303,-6.138625,1.290765671875,0.261420662499999,0.0982496093749999,0.000131881321875,1594.0
71.89253731,359.0,0.489552240000009,-4.638,-5.78575,1.43371878125,0.3188126,0.077133796875,0.0001154918657812,1591.0
72.38208955,362.0,0.489552239999995,-4.848,-5.8155,1.2928339703125,0.231315905,0.10445253125,0.0004611857804687,1588.0
72.87164179,365.0,0.489552239999995,-4.881,-6.684955,1.34174695714285,0.475493619047619,0.115200142857142,0.0001832267385714,1585.0
73.36119403,368.0,0.489552240000009,-4.355,-5.939625,2.04097090625,0.805477289062499,0.0999666875,5.78780096875e-05,1582.0
73.85074627,371.0,0.489552239999995,-4.115,-5.615875,1.94002621875,0.5107980234375,0.072896984375,4.602255796875e-05,1579.0
74.34029851,374.0,0.489552240000009,-4.684,-5.637375,1.927931,0.4311261328125,0.097903078125,4.665092328125e-05,1576.0
74.82985075,377.0,0.489552239999995,-4.319,-5.6993125,2.22047178124999,0.565939653125,0.090368203125,8.51072028125e-05,1573.0
75.31940299,380.0,0.489552230000001,-4.355,-4.65025,1.34717243968253,0.371879509523809,0.100267777777777,0.0001002873719047,1570.0
75.80895522,382.0,0.489552239999995,-3.629,-4.584875,1.87463640625,0.282586209375,0.093631140625,6.560745515625e-05,1568.0
76.29850746,385.0,0.489552240000009,-4.338,-4.790625,1.3448220625,0.3188385,0.090996546875,4.1459315e-05,1565.0
76.7880597,388.0,0.489552239999995,-3.96,-5.331625,1.3594128078125,0.494085340625,0.09974053125,3.799123125e-05,1562.0
77.27761194,391.0,0.489552239999995,-4.601,-5.32275,1.60217596875,0.630577790625,0.107194796875,4.94023828125e-05,1559.0
77.76716418,394.0,0.489552240000009,-4.278,-5.2460625,1.47083894126984,0.579067433333333,0.10564346031746,4.11389434920635e-05,1556.0
78.25671642,396.0,0.489552239999995,-4.012,-6.53225,1.34582099374999,0.538834871875,0.1232919375,5.067291234375e-05,1554.0
78.74626866,399.0,0.489552239999995,-4.62,-7.2045,1.52228566875,0.516756225,0.123841015625,0.00018637695375,1551.0
79.2358209,402.0,0.489552230000001,-5.264,-8.361625,1.156897309375,0.339809459375,0.111067,9.389578390625e-05,1548.0
79.72537313,405.0,0.489552240000009,-5.411,-8.5766,1.27456503333333,0.435339053968253,0.0784042380952381,3.22847855555555e-05,1545.0
80.21492537,408.0,0.489552239999995,-5.266,-7.6605,1.20389065156249,0.48319604375,0.08835328125,8.835656109375e-05,1542.0
80.70447761,411.0,0.489552240000009,-5.665,-8.208125,1.23398623125,0.402740568749999,0.09444159375,4.336195203125e-05,1539.0
81.19402985,414.0,0.489552239999995,-5.683,-8.8769375,1.36076165,0.302361665625,0.1059166875,3.29562839062499e-05,1536.0
81.68358209,417.0,0.489552239999995,-5.562,-9.006925,1.410045125,0.4326379453125,0.09027303125,5.95470721875e-05,1533.0
82.17313433,420.0,0.489552240000009,-5.083,-7.8619925,1.66114015873015,0.3095872,0.0791466031746031,3.28676733333333e-05,1530.0
82.66268657,423.0,0.489552239999995,-5.05,-7.903475,1.29085870624999,0.2591845,0.0845165781249999,6.64129012499999e-05,1527.0
83.15223881,425.0,0.489552230000001,-4.918,-7.23975,1.334662078125,0.29724598125,0.086691625,3.32266646875e-05,1525.0
83.64179104,428.0,0.489552239999995,-4.921,-6.61588,1.48274839062499,0.263193146875,0.0882748125,2.970276296875e-05,1522.0
84.13134328,431.0,0.489552240000009,-4.912,-7.2348125,1.58513068253968,0.292945665079365,0.0827788571428571,3.41034246031746e-05,1519.0
84.62089552,434.0,0.489552239999995,-5.032,-7.868125,1.45823878125,0.445407518749999,0.0741311406249999,3.643576609375e-05,1516.0
85.11044776,437.0,0.489552239999995,-5.179,-7.890125,1.514147,0.5905001421875,0.071359265625,4.2843341875e-05,1513.0
85.6,440.0,0.489552240000009,-5.18,-8.067875,1.399737390625,0.607195965625,0.07192690625,4.6040973125e-05,1510.0
86.08955224,443.0,0.489552239999995,-5.267,-8.065125,1.38737314062499,0.578409821875,0.0797299375,3.81106829687499e-05,1507.0
86.57910448,446.0,0.489552240000009,-5.576,-8.46249,1.41052693650793,0.45278252063492,0.0745465079365079,3.61342252380952e-05,1504.0
87.06865672,448.0,0.489552239999995,-5.346,-8.13325,1.44606,0.442459428125,0.0787273125,6.69773665624999e-05,1502.0
87.55820896,451.0,0.489552230000001,-5.486,-8.290625,1.234228409375,0.3564769375,0.093893390625,7.89563903124999e-05,1499.0
88.04776119,454.0,0.489552239999995,-5.144,-8.2045,1.1006493625,0.3233870484375,0.112728265625,0.0002621932628125,1496.0
88.53731343,457.0,0.489552240000009,-5.589,-7.732275,1.15152769375,0.360281809375,0.099908578125,7.555023e-05,1493.0
89.02686567,460.0,0.489552239999995,-5.016,-7.60635,1.11028974603174,0.398122607936507,0.0959633968253968,3.61515588888888e-05,1490.0
89.51641791,463.0,0.489552239999995,-5.227,-7.98375,1.17328290625,0.3640791140625,0.093570796875,7.128832703125e-05,1487.0
90.00597015,466.0,0.489552240000009,-4.607,-6.3495,1.1099963609375,0.38312533125,0.110141624999999,0.0001773390260937,1484.0
90.49552239,468.0,0.489552239999995,-4.661,-5.869875,1.19070220312499,0.385154348437499,0.098006203125,0.0002232574778125,1482.0
90.98507463,471.0,0.489552239999995,-4.619,-6.313875,1.44260042857142,0.487727831746031,0.107299507936507,0.0001278171892063,1479.0
91.47462687,474.0,0.489552230000001,-4.303,-6.738125,1.541459859375,0.4106925296875,0.08906925,4.2355823125e-05,1476.0
91.9641791,477.0,0.489552240000009,-4.541,-6.5366625,1.59802425,0.4844284078125,0.085976390625,5.485503796875e-05,1473.0
92.45373134,480.0,0.489552239999995,-4.471,-7.02575,1.54715259375,0.411735234375,0.0872935,4.40537271875e-05,1470.0
92.94328358,483.0,0.489552239999995,-4.885,-7.9021125,1.43005718749999,0.4520112265625,0.084875046875,3.70310835937499e-05,1467.0
93.43283582,486.0,0.489552240000009,-5.371,-7.90283333333333,1.34409528571428,0.378432917460317,0.0885728253968254,4.84526798412698e-05,1464.0
93.92238806,489.0,0.489552239999995,-4.807,-7.09185,1.46189599999999,0.4055064140625,0.0755690624999999,3.955087671875e-05,1461.0
94.4119403,491.0,0.489552240000009,-4.47,-6.31915,1.409045484375,0.3421725890625,0.081365734375,3.9388498125e-05,1459.0
94.90149254,494.0,0.489552239999995,-4.828,-6.519875,1.327918453125,0.393670389062499,0.080048765625,3.72422003125e-05,1456.0
95.39104478,497.0,0.489552230000001,-4.46,-5.8296,1.26939968253968,0.465465533333333,0.0942667301587301,3.70626519047619e-05,1453.0
95.88059701,500.0,0.489552239999995,-4.958,-6.2411,1.2713110328125,0.355656735937499,0.0843834375,3.663053359375e-05,1450.0
96.37014925,503.0,0.489552240000009,-4.56,-6.50775,1.365673265625,0.371525278125,0.079209609375,3.1224443125e-05,1447.0
96.85970149,506.0,0.489552239999995,-4.437,-6.6264,1.38274796406249,0.4447885859375,0.08800328125,3.39596390625e-05,1444.0
97.34925373,509.0,0.489552239999995,-4.687,-6.61975,1.1146091203125,0.32844471875,0.121541546875,0.0001224591271875,1441.0
97.83880597,511.0,0.489552240000009,-4.959,-6.925,1.72885711111111,0.458651625396825,0.119225317460317,4.05468484126984e-05,1439.0
98.32835821,514.0,0.489552239999995,-4.807,-7.004125,1.719124203125,0.312717625,0.120900687499999,0.0001273629875,1436.0
98.81791045,517.0,0.489552239999995,-4.77,-6.7714375,1.312143296875,0.324585896875,0.117807078124999,0.000211838611875,1433.0
99.30746269,520.0,0.489552240000009,-4.836,-6.205725,1.44013808125,0.336045859375,0.12543659375,0.0005181623446875,1430.0
99.79701493,523.0,0.48955226999999,-4.703,-5.69675,1.500398046875,0.3405977859375,0.12554840625,0.0006202533190624,1427.0
100.2865672,526.0,0.489552200000006,-4.163,-4.72225,1.71123328571428,0.17112223,0.121553301587301,7.60783288888888e-05,1424.0
100.7761194,529.0,0.489552200000006,-3.608,-3.138525,1.49102655937499,0.317634975625,0.115857953125,9.79993496875e-05,1421.0
101.2656716,532.0,0.4895523,-3.799,-3.5326,1.7134330625,0.571811275,0.11963859375,8.69338990624999e-05,1418.0
101.7552239,535.0,0.489552199999991,-3.759,-4.0712875,1.701250859375,0.266957809375,0.097974609375,0.0001794537412499,1415.0
102.2447761,538.0,0.4895523,-4.375,-4.47915,1.64014161904761,0.246164285714285,0.0912719682539682,7.10247555555555e-05,1412.0
102.7343284,540.0,0.489552200000006,-4.651,-6.207375,1.5932104796875,0.1859481365625,0.105370484374999,0.0001792202364062,1410.0
103.2238806,543.0,0.489552200000006,-4.735,-6.7925,1.32141276562499,0.164126762031249,0.101749453125,6.97584868749999e-05,1407.0
103.7134328,546.0,0.4895523,-4.408,-5.68945,1.2878878390625,0.27289754296875,0.096748875,0.0001704121432812,1404.0
104.2029851,549.0,0.489552199999991,-3.93,-5.41525,1.386275359375,0.346422746874999,0.0764770781249999,2.588258375e-05,1401.0
104.6925373,552.0,0.4895523,-4.192,-5.107625,1.34060136507936,0.446355177777777,0.076987619047619,3.45459539682539e-05,1398.0
105.1820896,554.0,0.489552200000006,-4.033,-5.012,1.0071583078125,0.3031361859375,0.113255374999999,0.0001917038348437,1396.0
105.6716418,557.0,0.489552199999991,-3.682,-4.8604625,1.1793343046875,0.2050481853125,0.10997390625,0.0005116807292187,1393.0
106.161194,560.0,0.4895523,-4.331,-6.2234375,1.37173013124999,0.21180770953125,0.116996406249999,0.0003814741004687,1390.0
106.6507463,563.0,0.489552200000006,-4.811,-7.02425,1.3095778828125,0.480074526875,0.088293703125,4.3070470625e-05,1387.0
107.1402985,566.0,0.489552200000006,-4.86,-7.536125,1.12985576031746,0.40642036031746,0.11405046031746,9.38341444444444e-05,1384.0
107.6298507,569.0,0.4895523,-5.237,-8.377375,1.266299140625,0.457576668749999,0.08125075,3.42891801562499e-05,1381.0
108.119403,572.0,0.489552199999991,-5.528,-8.73585,1.2087517453125,0.4840238625,0.090707109375,3.321378390625e-05,1378.0
108.6089552,575.0,0.4895523,-5.633,-9.0045,1.1215521296875,0.390654003125,0.100362078125,3.70603146875e-05,1375.0
109.0985075,578.0,0.489552200000006,-5.211,-8.4883375,1.42602449682539,0.349328428571428,0.11308138095238,5.17554182539682e-05,1372.0
109.5880597,581.0,0.489552199999991,-5.343,-8.3292,3.032458609375,0.84213224375,0.117181328125,6.2327451875e-05,1369.0
110.0776119,583.0,0.4895523,-4.812,-7.277475,1.711724296875,0.5070781890625,0.1239665,4.861243796875e-05,1367.0
110.5671642,586.0,0.489552200000006,-4.934,-7.6002125,1.78180040625,0.309888292187499,0.1209269375,0.0002726069231249,1364.0
111.0567164,589.0,0.4895523,-5.544,-8.498525,1.915643625,0.2797201459375,0.118305484374999,0.0002222677023437,1361.0
111.5462687,592.0,0.489552200000006,-5.439,-8.9594625,1.73985519047619,0.198298039841269,0.106944,6.01387992063492e-05,1358.0
112.0358209,595.0,0.489552199999991,-5.231,-8.141375,1.3579555625,0.249750579687499,0.098736578125,5.3246518125e-05,1355.0
112.5253731,597.0,0.4895523,-4.705,-6.43325,1.482533609375,0.26244246875,0.0871797968749999,4.301425125e-05,1353.0
113.0149254,600.0,0.489552200000006,-4.326,-5.7086,1.22700186718749,0.2563241375,0.0945467499999999,6.6113709375e-05,1350.0
113.5044776,603.0,0.4895523,-4.553,-6.061,1.16261508095238,0.299273041269841,0.0961381428571428,5.51489888888888e-05,1347.0
113.9940299,606.0,0.489552200000006,-4.195,-5.97875,1.110117615625,0.312921684375,0.101373015625,5.75305853125e-05,1344.0
114.4835821,609.0,0.489552199999991,-4.63,-5.47675,1.056639484375,0.358768065624999,0.115095328125,7.296018234375e-05,1341.0
114.9731343,612.0,0.4895523,-4.6,-5.520375,1.0895010421875,0.46549209375,0.104140468749999,3.60144854687499e-05,1338.0
115.4626866,615.0,0.489552200000006,-4.904,-6.36535,1.1527397484375,0.483829931249999,0.09387525,4.02716778125e-05,1335.0
115.9522388,618.0,0.489552199999991,-4.448,-6.397,1.35693296825396,0.542207703174603,0.0846571904761904,3.99473363492063e-05,1332.0
116.441791,621.0,0.4895523,-4.669,-6.95275,1.375119046875,0.4947355703125,0.083337921875,3.46264976562499e-05,1329.0
116.9313433,624.0,0.489552200000006,-4.729,-7.071175,1.352664234375,0.5567672703125,0.0934405781249999,4.063946453125e-05,1326.0
117.4208955,626.0,0.4895523,-4.464,-6.2715,1.2586862296875,0.479458378125,0.101870921875,0.0001068947875,1324.0
117.9104478,629.0,0.489552200000006,-4.316,-7.47,1.27920511875,0.3244603734375,0.08839834375,0.00010149349125,1321.0
118.4,632.0,0.489552199999991,-5.296,-8.1724375,1.12118661904761,0.221627393492063,0.118307666666666,0.0004758180333333,1318.0
118.8895522,635.0,0.4895523,-5.294,-8.2892,1.381107971875,0.2876122875,0.11389975,0.0004784616176562,1315.0
119.3791045,638.0,0.489552200000006,-4.874,-7.2211,1.3337714203125,0.2373203121875,0.1227678125,0.000737260721875,1312.0
119.8686567,641.0,0.4895523,-4.446,-6.824125,1.27795675,0.2720585515625,0.123119609375,0.0006526859673437,1309.0
120.358209,644.0,0.489552199999991,-5.247,-7.910875,1.55866884126984,0.504238609523809,0.0876353015873016,0.0009504459787301,1306.0
120.8477612,647.0,0.489552200000006,-5.161,-7.7594,1.0944494578125,0.392592667187499,0.133922468749999,0.0005238697425,1303.0
121.3373134,650.0,0.4895523,-5.773,-8.3708,1.141688359375,0.461618015625,0.12678915625,7.80827203125e-05,1300.0
121.8268657,653.0,0.489552200000006,-5.425,-8.861275,1.7212612234375,0.3608574890625,0.116911984375,0.00032052085625,1297.0
122.3164179,655.0,0.489552199999991,-5.76,-9.072625,1.33173334374999,0.360577412499999,0.090739796875,8.824958203125e-05,1295.0
122.8059701,658.0,0.4895523,-5.763,-9.10925,1.57844209523809,0.296150977777777,0.112842603174603,4.0926659047619e-05,1292.0
123.2955224,661.0,0.489552200000006,-5.948,-9.081975,1.53682740625,0.4418020765625,0.083016125,4.20204046875e-05,1289.0
123.7850746,664.0,0.4895523,-5.635,-9.19225,1.72917515625,0.626661045312499,0.099227515625,4.2471486875e-05,1286.0
124.2746269,667.0,0.489552200000006,-5.385,-8.79075,1.810953625,0.2806484625,0.101936,3.820207078125e-05,1283.0
124.7641791,669.0,0.489552199999991,-5.793,-8.135375,2.49971366666666,0.542462306349206,0.0964167619047619,6.07411623809523e-05,1281.0
125.2537313,672.0,0.4895523,-5.559,-7.5105,1.749316859375,0.3181026546875,0.09060046875,4.65764817187499e-05,1278.0
125.7432836,675.0,0.489552200000006,-4.88,-7.2175,1.479907953125,0.366764165624999,0.103876984375,8.42573639062499e-05,1275.0
126.2328358,678.0,0.4895523,-5.002,-7.23375,1.14945020625,0.316482128125,0.135168078124999,0.0002053530934375,1272.0
126.7223881,681.0,0.489552199999991,-5.086,-7.19985,1.17546462187499,0.369218353124999,0.1245669375,0.0002657699425,1269.0
127.2119403,684.0,0.489552200000006,-5.114,-6.6555,1.32430761269841,0.310152871428571,0.134941031746031,0.00012122141,1266.0
127.7014925,687.0,0.489552299999986,-4.535,-5.1349375,1.385351984375,0.475423107812499,0.111129546875,0.000123632565,1263.0
128.1910448,690.0,0.48955220000002,-4.592,-4.920625,1.384444734375,0.2916926359375,0.08734059375,3.690765046875e-05,1260.0
128.680597,693.0,0.489552299999986,-4.618,-5.192,1.8949604375,0.5694118546875,0.0948117968749999,4.308511921875e-05,1257.0
129.1701493,696.0,0.48955220000002,-4.974,-6.07025,1.74775678125,0.568010021874999,0.12722240625,4.409078140625e-05,1254.0
129.6597015,698.0,0.489552199999991,-4.993,-6.419875,1.81117499999999,0.531564455555555,0.138516238095238,0.0001201715009523,1252.0
130.1492537,701.0,0.489552299999986,-5.053,-6.3145,1.58952134375,0.4801775171875,0.102493828124999,3.6148689375e-05,1249.0
130.638806,704.0,0.48955220000002,-5.123,-6.428525,1.9235694375,0.6306499109375,0.1102545,7.748103625e-05,1246.0
131.1283582,707.0,0.489552199999991,-4.509,-6.2359375,2.09527618749999,1.0278944375,0.10953109375,4.8895738125e-05,1243.0
131.6179104,710.0,0.489552300000014,-4.775,-6.409125,2.10269895238095,0.756951531746031,0.110126619047619,4.40382634920634e-05,1240.0
132.1074627,713.0,0.489552199999991,-5.383,-7.0849625,3.6157918125,1.427514340625,0.131477453124999,6.700944265625e-05,1237.0
132.5970149,716.0,0.489552299999986,-4.861,-6.445,3.430078984375,1.34660677968749,0.125371859375,6.864029140625e-05,1234.0
133.0865672,719.0,0.48955220000002,-4.786,-6.0608125,1.83907445312499,0.533764160937499,0.103025,5.846081234375e-05,1231.0
133.5761194,721.0,0.489552199999991,-4.46,-6.289875,2.442515515625,0.3983742828125,0.100221125,8.342554046875e-05,1229.0
134.0656716,724.0,0.489552299999986,-4.987,-6.210375,1.54287574603174,0.31248495079365,0.0866708412698412,4.32935098412698e-05,1226.0
134.5552239,727.0,0.48955220000002,-4.959,-6.1064375,1.612799265625,0.282466040625,0.077931578125,5.58844915624999e-05,1223.0
135.0447761,730.0,0.489552299999986,-4.96,-6.29075,1.711437578125,0.328269496875,0.0786512031249999,4.99853378124999e-05,1220.0
135.5343284,733.0,0.48955220000002,-4.63,-6.247375,1.54364896875,0.3379412078125,0.08481609375,0.0003130766360937,1217.0
136.0238806,736.0,0.489552199999991,-4.858,-5.973875,1.676924140625,0.3368724421875,0.07504934375,6.375970390625e-05,1214.0
136.5134328,739.0,0.489552299999986,-4.421,-5.470775,1.35239815873015,0.28022589047619,0.102258984126984,0.0002480263425396,1211.0
137.0029851,741.0,0.48955220000002,-4.11,-5.859875,1.2031286890625,0.259499154687499,0.0922624375,0.0001746278589062,1209.0
137.4925373,744.0,0.489552299999986,-4.893,-6.082375,2.76316875,0.9165454109375,0.1025104375,5.61242384375e-05,1206.0
137.9820896,747.0,0.489552199999991,-4.356,-6.5645,3.621792328125,1.0363298859375,0.10850828125,6.20702412499999e-05,1203.0
138.4716418,750.0,0.48955220000002,-5.195,-7.16345833333333,1.75804212698412,0.298497885714285,0.0926478253968254,6.18932884126984e-05,1200.0
138.961194,753.0,0.489552299999986,-5.246,-6.921,1.7677615625,0.2126940921875,0.095615328125,3.86734021875e-05,1197.0
139.4507463,756.0,0.48955220000002,-4.852,-5.732,1.97828598437499,0.229038699999999,0.095114703125,3.84840126562499e-05,1194.0
139.9402985,759.0,0.489552199999991,-4.454,-4.7585,1.74849465625,0.202501625,0.10146071875,3.738113203125e-05,1191.0
140.4298507,762.0,0.489552299999986,-4.088,-4.509725,1.569810078125,0.3484874515625,0.0904856093749999,4.058932765625e-05,1188.0
140.919403,764.0,0.48955220000002,-4.36,-4.97425,1.61160047619047,0.240903012698412,0.0877102222222222,3.11789655555555e-05,1186.0
141.4089552,767.0,0.489552299999986,-4.776,-5.60711666666667,1.692070453125,0.2414337125,0.089262859375,3.33618625e-05,1183.0
141.8985075,770.0,0.48955220000002,-4.925,-5.7059375,1.668615578125,0.2647861953125,0.08523665625,3.645427859375e-05,1180.0
142.3880597,773.0,0.489552199999991,-4.693,-5.7523125,1.62907984375,0.3067274,0.074043703125,4.3444951875e-05,1177.0
142.8776119,776.0,0.489552299999986,-4.412,-5.45225,1.64551876190476,0.302755182539682,0.0773353492063492,4.85288066666666e-05,1174.0
143.3671642,779.0,0.48955220000002,-4.787,-5.846,1.3413815625,0.3778860578125,0.0848697656249999,6.83792717187499e-05,1171.0
143.8567164,782.0,0.489552299999986,-4.817,-6.174625,1.1916387296875,0.3055697265625,0.094842421875,5.88881946875e-05,1168.0
144.3462687,784.0,0.489552199999991,-4.811,-6.692,1.1733729,0.2557419921875,0.115884140624999,0.0003467323042187,1166.0
144.8358209,787.0,0.48955220000002,-5.178,-6.932,1.378693809375,0.2542355759375,0.119880624999999,0.0001213476714062,1163.0
145.3253731,790.0,0.489552299999986,-5.265,-7.37625,1.33089429047619,0.295226149206349,0.103133333333333,0.0001064658677777,1160.0
145.8149254,793.0,0.48955220000002,-4.705,-7.118875,1.311244284375,0.3526921796875,0.099560578125,0.000309825636875,1157.0
146.3044776,796.0,0.489552299999986,-5.127,-7.6378125,1.1303654765625,0.3095016953125,0.0935991875,5.964163859375e-05,1154.0
146.7940299,799.0,0.489552199999991,-5.2,-7.8919375,1.53470020312499,0.3815810171875,0.0894733125,4.5161093125e-05,1151.0
147.2835821,802.0,0.48955220000002,-5.138,-7.16465,1.9917441875,0.3547137,0.079444875,3.94079703124999e-05,1148.0
147.7731343,805.0,0.489552299999986,-5.258,-6.79961875,1.48819853968253,0.229496796349206,0.0946190476190476,3.06196379365079e-05,1145.0
148.2626866,808.0,0.489552199999991,-4.686,-6.030875,1.32666059375,0.235070268749999,0.08508590625,3.1972545625e-05,1142.0
148.7522388,811.0,0.48955220000002,-4.585,-6.605375,1.3601224375,0.33799990625,0.075183859375,4.425534328125e-05,1139.0
149.241791,813.0,0.489552299999986,-4.827,-6.99575,1.267546003125,0.3110973015625,0.095720796875,6.24136315625e-05,1137.0
149.7313433,816.0,0.48955220000002,-4.911,-6.713,1.2966709095238,0.284484455555555,0.0839129999999999,4.15018466666666e-05,1134.0
150.2208955,819.0,0.489552299999986,-4.865,-7.0776875,1.2367475625,0.281583434375,0.103904890625,4.190063e-05,1131.0
150.7104478,822.0,0.489552199999991,-4.828,-6.8464125,1.20057234375,0.3037970953125,0.08702215625,4.33868075e-05,1128.0
151.2,825.0,0.48955220000002,-5.627,-7.38325,1.333734484375,0.3334147609375,0.079574890625,4.65273734375e-05,1125.0
151.6895522,827.0,0.489552299999986,-5.696,-7.739375,1.119023540625,0.326480234375,0.0996655625,3.170956953125e-05,1123.0
152.1791045,830.0,0.48955220000002,-4.941,-7.892875,1.15524639365079,0.263535447619047,0.0922052222222222,3.8404116031746e-05,1120.0
152.6686567,833.0,0.489552299999986,-4.665,-7.28275,1.28129346875,0.336245246875,0.074957046875,4.39515893749999e-05,1117.0
153.158209,836.0,0.489552199999991,-4.613,-7.5825,1.2827595421875,0.2749988515625,0.08985715625,0.0002268444784374,1114.0
153.6477612,839.0,0.48955220000002,-5.677,-7.671375,1.1512177453125,0.277675678124999,0.08859940625,0.000122196573125,1111.0
154.1373134,842.0,0.489552299999986,-4.193,-7.153625,1.28091138888888,0.269484073015873,0.0813598571428571,3.485087e-05,1108.0
154.6268657,845.0,0.489552199999991,-5.114,-7.119125,1.2839121546875,0.388702403125,0.0913901249999999,3.592407234375e-05,1105.0
155.1164179,848.0,0.48955220000002,-4.472,-7.56775,1.49790553749999,0.4187060765625,0.087400078125,4.06284028125e-05,1102.0
155.6059701,851.0,0.489552299999986,-5.202,-7.746,1.289536078125,0.302337759375,0.074475375,3.4715683125e-05,1099.0
156.0955224,854.0,0.48955220000002,-5.03,-7.880125,1.174618965625,0.3295185703125,0.090302875,3.07907734375e-05,1096.0
156.5850746,856.0,0.489552299999986,-5.46,-8.163625,1.39656879682539,0.451764285714285,0.0671640952380952,3.60416033333333e-05,1094.0
157.0746269,859.0,0.489552199999991,-5.25,-8.125875,1.43791215625,0.3880112765625,0.067111828125,3.711484390625e-05,1091.0
157.5641791,862.0,0.48955220000002,-4.769,-7.823875,1.0946760546875,0.3526551796875,0.100063125,8.11968940624999e-05,1088.0
158.0537313,865.0,0.489552299999986,-5.021,-7.558625,1.307471703125,0.292550303124999,0.088225328125,6.684242140625e-05,1085.0
158.5432836,868.0,0.489552199999991,-4.257,-6.817875,1.326150190625,0.2725421125,0.0716174062499999,4.103506125e-05,1082.0
159.0328358,871.0,0.489552300000014,-4.952,-7.898125,1.18827102857142,0.37821638095238,0.0754152857142857,5.41055492063492e-05,1079.0
159.5223881,874.0,0.489552199999991,-5.746,-8.11875,1.3125603984375,0.4333567609375,0.062359078125,5.35178140624999e-05,1076.0
160.0119403,877.0,0.48955220000002,-5.367,-7.938575,1.539820453125,0.390211740625,0.052167421875,6.206570046875e-05,1073.0
160.5014925,879.0,0.489552299999986,-5.335,-8.24075,1.3322832640625,0.4053288453125,0.0646847031249999,4.455345296875e-05,1071.0
160.9910448,882.0,0.489552199999991,-5.182,-7.700375,1.53398662380952,0.513284074603174,0.0592450476190476,6.01398825396825e-05,1068.0
161.480597,885.0,0.489552300000014,-5.022,-6.351975,1.0957773359375,0.320997882812499,0.091404203125,4.055348984375e-05,1065.0
161.9701493,888.0,0.489552199999991,-4.266,-5.989875,0.9893174203125,0.2892567,0.12194565625,5.52716149999999e-05,1062.0
162.4597015,891.0,0.48955220000002,-4.993,-7.39625,1.295178109375,0.366605178125,0.115967546875,0.0001907698309375,1059.0
162.9492537,894.0,0.489552299999986,-4.336,-7.0605,1.30891353125,0.316540629687499,0.123659171875,0.0004535719653125,1056.0
163.438806,897.0,0.489552199999991,-4.738,-6.960625,1.44975722222222,0.297454714285714,0.0905399365079365,5.36135198412698e-05,1053.0
163.9283582,899.0,0.48955220000002,-4.602,-6.664125,1.201877540625,0.2578020734375,0.09036975,3.89689403125e-05,1051.0
164.4179104,902.0,0.489552299999986,-4.653,-6.7644375,1.1493223640625,0.2816425140625,0.0808430624999999,3.27331996875e-05,1048.0
164.9074627,905.0,0.489552199999991,-4.977,-7.5216875,1.2216506703125,0.3397256328125,0.0696415781249999,4.25509665625e-05,1045.0
165.3970149,908.0,0.489552300000014,-5.063,-7.741375,1.19543713125,0.2928239703125,0.0761932499999999,3.144125625e-05,1042.0
165.8865672,911.0,0.489552199999991,-5.157,-6.88125,1.21726229365079,0.324543709523809,0.0931942539682539,2.69957179365079e-05,1039.0
166.3761194,914.0,0.48955220000002,-4.868,-7.138,1.47200999375,0.39332073125,0.090345609375,3.08604903125e-05,1036.0
166.8656716,917.0,0.489552299999986,-4.857,-7.1081125,1.234502715625,0.4210618875,0.11186859375,3.65219221875e-05,1033.0
167.3552239,920.0,0.489552199999991,-5.096,-7.301875,1.15495404374999,0.388740865625,0.0931204375,8.060299859375e-05,1030.0
167.8447761,922.0,0.489552300000014,-4.694,-6.9409375,1.2184839047619,0.421522514285714,0.107320571428571,4.29082658730158e-05,1028.0
168.3343284,925.0,0.489552199999991,-5.203,-7.2525,1.590914378125,0.6407625484375,0.1175004375,6.10514165625e-05,1025.0
168.8238806,928.0,0.489552199999991,-5.32,-6.44875,1.2843728859375,0.599909626562499,0.10193284375,4.87715628125e-05,1022.0
169.3134328,931.0,0.489552300000014,-4.854,-5.6654375,1.228244846875,0.2520613125,0.09206396875,6.157917078125e-05,1019.0
169.8029851,934.0,0.489552199999991,-4.999,-6.438375,1.139091959375,0.3597552734375,0.101839375,8.44986284375e-05,1016.0
170.2925373,937.0,0.489552300000014,-4.802,-6.61325,1.5397533079365,0.341145744444444,0.0838100793650793,5.44791193650793e-05,1013.0
170.7820896,940.0,0.489552199999991,-5.002,-6.781,1.4073174265625,0.25059401578125,0.10058328125,4.90484096875e-05,1010.0
171.2716418,942.0,0.489552199999991,-4.775,-7.3345,1.06346137968749,0.397750678125,0.107236125,5.061696515625e-05,1008.0
171.761194,945.0,0.489552300000014,-4.873,-7.074125,1.0361755453125,0.335984821875,0.108243765625,3.8993975e-05,1005.0
172.2507463,948.0,0.489552199999991,-5.141,-7.446875,1.24640278888888,0.371212252380952,0.106169793650793,5.19322436507936e-05,1002.0
172.7402985,951.0,0.489552199999991,-5.078,-7.519875,1.1117635140625,0.3060746390625,0.11170271875,7.451650703125e-05,999.0
173.2298507,954.0,0.489552300000014,-5.686,-7.94275,1.563932653125,0.483467775,0.11610009375,4.279295375e-05,996.0
173.719403,957.0,0.489552199999991,-5.8,-7.886125,1.217308275,0.3650087828125,0.11247596875,7.001840484375e-05,993.0
174.2089552,960.0,0.489552300000014,-5.074,-7.65725,1.0715744515625,0.342812723437499,0.107302625,4.387360375e-05,990.0
174.6985075,963.0,0.489552199999991,-5.091,-6.667675,1.05635964761904,0.447952725396825,0.117521984126984,0.0001790602449206,987.0
175.1880597,966.0,0.489552199999991,-5.454,-7.520375,0.988872121875,0.310552696875,0.104724218749999,0.0002333119260937,984.0
175.6776119,969.0,0.489552300000014,-5.435,-7.757,0.9767326078125,0.28901771828125,0.104385281249999,0.0001980825389062,981.0
176.1671642,971.0,0.489552199999991,-4.617,-7.753875,1.03799759843749,0.3555595109375,0.105418546874999,0.00055169016375,979.0
176.6567164,974.0,0.489552300000014,-5.604,-7.62025,1.1202029140625,0.234093992812499,0.10519971875,0.0002233776632812,976.0
177.1462687,977.0,0.489552199999991,-5.187,-7.06296666666667,1.14040536349206,0.442825361904761,0.117313126984127,0.0001425393528571,973.0
177.6358209,980.0,0.489552199999991,-4.972,-6.7726875,1.4687464859375,0.427242225,0.100807687499999,0.0003369406660937,970.0
178.1253731,983.0,0.489552300000014,-5.849,-7.810125,1.44778533281249,0.333276553437499,0.094547703125,0.0005980887410937,967.0
178.6149254,985.0,0.489552199999991,-5.401,-7.38225,1.202296134375,0.2740243265625,0.11029434375,0.0005216235796875,965.0
179.1044776,988.0,0.489552300000014,-4.961,-6.298,1.12663569365079,0.294596863492063,0.101352492063492,0.0001154264728571,962.0
179.5940299,991.0,0.489552199999991,-4.552,-6.037,1.0694173953125,0.3944232484375,0.10670446875,0.000285080888125,959.0
180.0835821,994.0,0.489552199999991,-5.172,-7.165,1.1357287671875,0.2981689875,0.110208515625,0.0005648376773437,956.0
180.5731343,997.0,0.489552300000014,-4.903,-7.824125,0.9286550859375,0.3481425109375,0.11910378125,0.000371268584375,953.0
181.0626866,1000.0,0.489552199999991,-5.634,-7.46575,1.23331155781249,0.3476091125,0.114144234374999,0.00047762974375,950.0
181.5522388,1003.0,0.489552199999991,-5.17,-6.902,1.01047609523809,0.360361361904761,0.110795952380952,0.0005531561095238,947.0
182.041791,1006.0,0.489552300000014,-5.201,-7.598125,1.08346051875,0.4171963484375,0.0985875,0.00028138521875,944.0
182.5313433,1008.0,0.489552199999991,-5.632,-8.2141625,1.3566264625,0.80581345,0.083250125,0.00013100220875,942.0
183.0208955,1012.0,0.489552300000014,-5.199,-8.445,1.7116688125,0.3273162328125,0.104721765625,4.57647282812499e-05,938.0
183.5104478,1014.0,0.489552199999991,-6.109,-9.59875,2.68025909375,0.16431703015625,0.139605015625,5.422600265625e-05,936.0
184.0,1017.0,0.5,-5.589,-9.169625,1.608346,,0.101109,,933.0
185.0,1599.0,,-5.00453769684,-6.3255,,,,,351.0
187.0,1599.0,0.504433497537008,-5.005,-6.3255,,,,,351.0
187.504433497537,1600.0,0.504433497536979,-5.236,-7.053325,,,,,350.0
188.008866995074,1602.0,0.504433497537008,-5.55,-7.909175,,,,,348.0
188.513300492611,1603.0,0.504433497537008,-5.99,-8.23195,,,,,347.0
189.017733990148,1605.0,0.504433497537008,-5.876,-8.51845,,,,,345.0
189.522167487685,1606.0,0.504433497536979,-5.572,-8.2014375,,,,,344.0
190.026600985222,1608.0,0.504433497537008,-5.814,-7.636825,,,,,342.0
190.531034482759,1609.0,0.504433497537008,-4.947,-7.227825,,,,,341.0
191.035467980296,1610.0,0.504433497537008,-5.351,-7.19075,,,,,340.0
191.539901477833,1611.0,0.504433497535985,-5.111,-7.80325833333333,,,,,339.0
192.044334975369,1612.0,0.504433497537008,-5.708,-7.91335,,,,,338.0
192.548768472906,1613.0,0.504433497537008,-4.798,-7.112375,,,,,337.0
193.053201970443,1615.0,0.504433497536979,-5.055,-7.30755,,,,,335.0
193.55763546798,1616.0,0.504433497537008,-4.912,-7.694825,,,,,334.0
194.062068965517,1617.0,0.504433497537008,-5.545,-8.117225,,,,,333.0
194.566502463054,1619.0,0.504433497536979,-5.14,-7.3446,,,,,331.0
195.070935960591,1620.0,0.504433497537008,-5.076,-7.3956875,,,,,330.0
195.575369458128,1621.0,0.504433497537008,-5.056,-7.20025,,,,,329.0
196.079802955665,1623.0,0.504433497537008,-4.593,-6.4338,,,,,327.0
196.584236453202,1624.0,0.504433497536979,-4.811,-6.3963,,,,,326.0
197.088669950739,1626.0,0.504433497537008,-4.845,-7.08245833333333,,,,,324.0
197.593103448276,1627.0,0.504433497537008,-4.867,-7.270725,,,,,323.0
198.097536945813,1628.0,0.504433497537008,-4.734,-6.65035,,,,,322.0
198.60197044335,1630.0,0.504433497536979,-4.488,-6.7958125,,,,,320.0
199.106403940887,1631.0,0.504433497537008,-4.725,-6.912125,,,,,319.0
199.610837438424,1633.0,0.504433497537008,-4.884,-6.9347,,,,,317.0
200.115270935961,1634.0,0.504433497536979,-5.04,-7.110625,,,,,316.0
200.619704433498,1635.0,0.504433497536013,-5.22,-7.05475,,,,,315.0
201.124137931034,1636.0,0.504433497537008,-5.245,-6.8588,,,,,314.0
201.628571428571,1638.0,0.504433497536979,-5.122,-6.5244625,,,,,312.0
202.133004926108,1639.0,0.504433497537008,-4.916,-6.4173,,,,,311.0
202.637438423645,1640.0,0.504433497537008,-4.907,-6.792125,,,,,310.0
203.141871921182,1641.0,0.504433497537008,-5.316,-7.752225,,,,,309.0
203.646305418719,1642.0,0.504433497536979,-5.108,-7.60095,,,,,308.0
204.150738916256,1644.0,0.504433497537008,-4.638,-6.7686875,,,,,306.0
204.655172413793,1645.0,0.504433497537008,-4.61,-6.36935,,,,,305.0
205.15960591133,1646.0,0.504433497537008,-4.307,-6.280875,,,,,304.0
205.664039408867,1647.0,0.504433497536979,-4.644,-6.32175,,,,,303.0
206.168472906404,1649.0,0.504433497537008,-4.482,-6.419475,,,,,301.0
206.672906403941,1650.0,0.504433497537008,-4.98,-7.0235,,,,,300.0
207.177339901478,1652.0,0.504433497536979,-5.093,-6.876625,,,,,298.0
207.681773399015,1653.0,0.504433497537008,-4.404,-6.08575,,,,,297.0
208.186206896552,1654.0,0.504433497537008,-4.712,-6.2703,,,,,296.0
208.690640394089,1655.0,0.504433497537008,-4.351,-6.37375,,,,,295.0
209.195073891626,1655.1,0.504433497536979,-5.127,-6.5182,,,,,294.9000000000001
209.699507389163,1656.0,0.504433497537008,-4.847,-7.2743125,,,,,294.0
210.2039408867,1657.0,0.504433497536013,-5.219,-8.049125,,,,,293.0
210.708374384236,1658.0,0.504433497536979,-5.278,-8.24375,,,,,292.0
211.212807881773,1659.0,0.504433497537008,-5.02,-7.8988125,,,,,291.0
211.71724137931,1660.0,0.504433497537008,-5.198,-8.09325,,,,,290.0
212.221674876847,1661.0,0.504433497537008,-5.033,-7.8693125,,,,,289.0
212.726108374384,1662.0,0.504433497536979,-4.904,-7.71,,,,,288.0
213.230541871921,1663.0,0.504433497537008,-4.846,-7.49375,,,,,287.0
213.734975369458,1664.0,0.504433497537008,-5.052,-7.569125,,,,,286.0
214.239408866995,1666.0,0.504433497536979,-4.989,-7.1415625,,,,,284.0
214.743842364532,1667.0,0.504433497537008,-5.026,-7.1226875,,,,,283.0
215.248275862069,1668.0,0.504433497537008,-5.005,-6.6830625,,,,,282.0
215.752709359606,1669.0,0.504433497537008,-4.867,-7.26475,,,,,281.0
216.257142857143,1671.0,0.504433497536979,-4.842,-7.101975,,,,,279.0
216.76157635468,1672.0,0.504433497537008,-5.384,-7.6135,,,,,278.0
217.266009852217,1674.0,0.504433497537008,-4.823,-7.50765,,,,,276.0
217.770443349754,1675.0,0.504433497537008,-5.235,-8.193625,,,,,275.0
218.274876847291,1676.0,0.504433497536979,-5.403,-8.43285,,,,,274.0
218.779310344828,1677.0,0.504433497537008,-5.189,-8.15,,,,,273.0
219.283743842365,1679.0,0.504433497536013,-4.892,-7.81439166666667,,,,,271.0
219.788177339901,1680.0,0.504433497536979,-4.719,-6.6018625,,,,,270.0
220.292610837438,1681.0,0.504433497537008,-4.842,-6.45225,,,,,269.0
220.797044334975,1682.0,0.504433497537008,-4.886,-6.774725,,,,,268.0
221.301477832512,1684.0,0.504433497537008,-4.491,-6.75775,,,,,266.0
221.805911330049,1685.0,0.504433497536979,-5.076,-6.96985,,,,,265.0
222.310344827586,1687.0,0.504433497537008,-5.202,-7.534875,,,,,263.0
222.814778325123,1688.0,0.504433497537008,-5.001,-6.585925,,,,,262.0
223.31921182266,1690.0,0.504433497536979,-4.067,-5.4339375,,,,,260.0
223.823645320197,1692.0,0.504433497537008,-4.411,-5.146475,,,,,258.0
224.328078817734,1693.0,0.504433497537008,-4.627,-6.3605,,,,,257.0
224.832512315271,1695.0,0.504433497537008,-4.548,-6.857025,,,,,255.0
225.336945812808,1697.0,0.504433497536979,-5.235,-6.34411,,,,,253.0
225.841379310345,1701.0,0.504433497537008,-4.813,-5.832175,,,,,249.0
226.345812807882,1705.0,0.504433497537008,-5.256,-6.590265,,,,,245.0
226.850246305419,1709.0,0.504433497537008,-5.622,-6.797875,,,,,241.0
227.354679802956,1713.0,0.504433497536979,-5.233,-6.581035,,,,,237.0
227.859113300493,1717.0,0.504433497537008,-5.167,-6.91846,,,,,233.0
228.36354679803,1719.0,0.504433497537008,-4.337,-5.073125,,,,,231.0
228.867980295567,1722.0,0.504433497535985,-4.586,-4.736415,,,,,228.0
229.372413793103,1724.0,0.504433497537008,-4.141,-5.569685,,,,,226.0
229.87684729064,1727.0,0.504433497537008,-3.807,-4.57627,,,,,223.0
230.381280788177,1729.0,0.504433497536979,-3.953,-4.273835,,,,,221.0
230.885714285714,1732.0,0.504433497537008,-4.273,-5.25569,,,,,218.0
231.390147783251,1734.0,0.504433497537008,-4.334,-6.43336,,,,,216.0
231.894581280788,1737.0,0.504433497537008,-4.265,-7.37735,,,,,213.0
232.399014778325,1739.0,0.504433497536979,-4.89,-7.804515,,,,,211.0
232.903448275862,1742.0,0.504433497537008,-5.759,-8.55715,,,,,208.0
233.407881773399,1744.0,0.504433497537008,-6.134,-9.283815,,,,,206.0
233.912315270936,1745.0,0.504433497537008,-5.656,-9.38735,,,,,205.0
234.416748768473,1747.0,0.504433497536979,-5.608,-9.3455,,,,,203.0
234.92118226601,1748.0,0.504433497537008,-5.641,-9.3954925,,,,,202.0
235.425615763547,1750.0,0.504433497537008,-5.484,-8.981375,,,,,200.0
235.930049261084,1753.0,0.504433497536979,-5.264,-7.84261,,,,,197.0
236.434482758621,1755.0,0.504433497537008,-5.091,-7.12015,,,,,195.0
236.938916256158,1758.0,0.504433497537008,-4.985,-7.672975,,,,,192.0
237.443349753695,1760.0,0.504433497537008,-4.909,-6.97925,,,,,190.0
237.947783251232,1763.0,0.504433497535985,-4.456,-5.748765,,,,,187.0
238.452216748768,1766.0,0.504433497537008,-4.184,-5.536725,,,,,184.0
238.956650246305,1769.0,0.504433497537008,-4.536,-6.5253,,,,,181.0
239.461083743842,1772.0,0.504433497536979,-4.631,-6.132375,,,,,178.0
239.965517241379,1775.0,0.504433497537008,-4.132,-5.316045,,,,,175.0
240.469950738916,1778.0,0.504433497537008,-4.098,-5.68335,,,,,172.0
240.974384236453,1780.0,0.504433497537008,-4.225,-7.003125,,,,,170.0
241.47881773399,1781.0,0.504433497536979,-4.657,-7.43595,,,,,169.0
241.983251231527,1783.0,0.504433497537008,-4.514,-7.76025,,,,,167.0
242.487684729064,1784.0,0.504433497537008,-5.015,-7.748925,,,,,166.0
242.992118226601,1786.0,0.504433497536979,-4.812,-7.9639375,,,,,164.0
243.496551724138,1788.0,0.504433497537008,-4.946,-7.38625,,,,,162.0
244.000985221675,1791.0,0.504433497537008,-4.79,-6.34629,,,,,159.0
244.505418719212,1793.0,0.504433497537008,-4.843,-6.986675,,,,,157.0
245.009852216749,1796.0,0.504433497536979,-5.383,-7.9068675,,,,,154.0
245.514285714286,1798.0,0.504433497537008,-5.375,-8.24245,,,,,152.0
246.018719211823,1800.0,0.504433497537008,-5.145,-7.995,,,,,150.0
246.52315270936,1802.0,0.504433497537008,-4.395,-6.5044,,,,,148.0
247.027586206897,1803.0,0.504433497536979,-4.231,-6.628625,,,,,147.0
247.532019704434,1805.0,0.504433497536013,-4.405,-6.8479,,,,,145.0
248.03645320197,1807.0,0.504433497537008,-4.688,-7.217625,,,,,143.0
248.540886699507,1809.0,0.504433497536979,-4.814,-7.050225,,,,,141.0
249.045320197044,1810.0,0.504433497537008,-4.787,-7.29725,,,,,140.0
249.549753694581,1812.0,0.504433497537008,-5.16,-7.687125,,,,,138.0
250.054187192118,1813.0,0.504433497536979,-5.067,-7.7791125,,,,,137.0
250.558620689655,1815.0,0.504433497537008,-4.456,-7.044775,,,,,135.0
251.063054187192,1817.0,0.504433497537008,-4.821,-7.14325,,,,,133.0
251.567487684729,1818.0,0.504433497537008,-5.106,-7.265,,,,,132.0
252.071921182266,1820.0,0.504433497536979,-5.315,-8.450875,,,,,130.0
252.576354679803,1821.0,0.504433497537008,-5.285,-8.426675,,,,,129.0
253.08078817734,1823.0,0.504433497537008,-4.969,-7.175125,,,,,127.0
253.585221674877,1825.0,0.504433497537008,-4.806,-6.792875,,,,,125.0
254.089655172414,1826.0,0.504433497536979,-4.736,-6.71475,,,,,124.0
254.594088669951,1828.0,0.504433497537008,-5.754,-7.736875,,,,,122.0
255.098522167488,1830.0,0.504433497537008,-5.417,-8.3596125,,,,,120.0
255.602955665025,1832.0,0.504433497537008,-5.744,-8.263375,,,,,118.0
256.107389162562,1834.0,0.504433497536979,-5.15,-7.6135,,,,,116.0
256.611822660099,1837.0,0.504433497536013,-5.193,-7.973625,,,,,113.0
257.116256157635,1839.0,0.504433497536979,-5.488,-8.562125,,,,,111.0
257.620689655172,1841.0,0.504433497537036,-5.609,-8.9325,,,,,109.0
258.125123152709,1843.0,0.504433497536979,-5.853,-9.4395,,,,,107.0
258.629556650246,1844.0,0.504433497536979,-5.942,-9.454875,,,,,106.0
259.133990147783,1846.0,0.504433497537036,-5.725,-9.227875,,,,,104.0
259.63842364532,1847.0,0.504433497536979,-5.862,-9.144625,,,,,103.0
260.142857142857,1849.0,0.504433497536979,-6.274,-9.2246125,,,,,101.0
260.647290640394,1851.0,0.504433497537036,-6.225,-9.314,,,,,99.0
261.151724137931,1853.0,0.504433497536979,-6.048,-8.593,,,,,97.0
261.656157635468,1854.0,0.504433497537036,-5.565,-8.393125,,,,,96.0
262.160591133005,1856.0,0.504433497536979,-5.757,-8.56525,,,,,94.0
262.665024630542,1858.0,0.504433497536979,-5.698,-8.212125,,,,,92.0
263.169458128079,1860.0,0.504433497537036,-5.749,-8.46385,,,,,90.0
263.673891625616,1861.0,0.504433497536979,-5.574,-8.253625,,,,,89.0
264.178325123153,1863.0,0.504433497536979,-5.615,-8.169225,,,,,87.0
264.68275862069,1864.0,0.504433497537036,-5.653,-8.611,,,,,86.0
265.187192118227,1866.0,0.504433497536979,-5.554,-7.768425,,,,,84.0
265.691625615764,1868.0,0.504433497536979,-5.492,-7.145625,,,,,82.0
266.196059113301,1870.0,0.504433497537036,-5.282,-7.4445,,,,,80.0
266.700492610838,1873.0,0.504433497536013,-5.452,-8.054975,,,,,77.0
267.204926108374,1875.0,0.504433497536979,-5.919,-7.40975,,,,,75.0
267.709359605911,1877.0,0.504433497536979,-4.907,-7.025725,,,,,73.0
268.213793103448,1879.0,0.504433497537036,-5.501,-7.754375,,,,,71.0
268.718226600985,1881.0,0.504433497536979,-5.359,-7.8361125,,,,,69.0
269.222660098522,1882.0,0.504433497536979,-5.254,-7.997625,,,,,68.0
269.727093596059,1884.0,0.504433497537036,-5.541,-8.560975,,,,,66.0
270.231527093596,1886.0,0.504433497536979,-5.234,-8.8424875,,,,,64.0
270.735960591133,1888.0,0.504433497536979,-4.942,-8.834225,,,,,62.0
271.24039408867,1889.0,0.504433497537036,-5.499,-8.34335,,,,,61.0
271.744827586207,1891.0,0.504433497536979,-5.838,-8.2721,,,,,59.0
272.249261083744,1892.0,0.504433497537036,-5.433,-8.2436,,,,,58.0
272.753694581281,1894.0,0.504433497536979,-5.909,-8.50535,,,,,56.0
273.258128078818,1896.0,0.504433497536979,-5.451,-8.443975,,,,,54.0
273.762561576355,1899.0,0.504433497537036,-5.742,-7.8576,,,,,51.0
274.266995073892,1901.0,0.504433497536979,-5.285,-7.499225,,,,,49.0
274.771428571429,1904.0,0.504433497536979,-5.929,-8.65425,,,,,46.0
275.275862068966,1906.0,0.504433497537036,-5.823,-8.7693625,,,,,44.0
275.780295566503,1908.0,0.504433497536013,-5.784,-8.6266,,,,,42.0
276.284729064039,1910.0,0.504433497536979,-5.276,-7.9105,,,,,40.0
276.789162561576,1911.0,0.504433497536979,-5.561,-8.17735,,,,,39.0
277.293596059113,1913.0,0.504433497537036,-5.806,-8.9272375,,,,,37.0
277.79802955665,1915.0,0.504433497536979,-5.847,-8.906875,,,,,35.0
278.302463054187,1918.0,0.504433497536979,-5.556,-8.28455,,,,,32.0
278.806896551724,1921.0,0.504433497537036,-5.385,-7.73835,,,,,29.0
279.311330049261,1923.0,0.504433497536979,-5.529,-8.027725,,,,,27.0
279.815763546798,1926.0,0.504433497536979,-5.515,-7.8845,,,,,24.0
280.320197044335,1929.0,0.504433497537036,-5.496,-7.579425,,,,,21.0
280.824630541872,1931.0,0.504433497536979,-4.946,-7.44635,,,,,19.0
281.329064039409,1933.0,0.504433497537036,-5.408,-7.394375,,,,,17.0
281.833497536946,1935.0,0.504433497536979,-5.39,-7.89935,,,,,15.0
282.337931034483,1937.0,0.504433497536979,-5.423,-8.163975,,,,,13.0
282.84236453202,1939.0,0.504433497537036,-5.511,-8.071925,,,,,11.0
283.346798029557,1941.0,0.504433497536979,-5.714,-8.3768625,,,,,9.0
283.851231527094,1942.0,0.504433497536979,-5.027,-8.3441,,,,,8.0
284.355665024631,1944.0,0.504433497537036,-5.32,-7.26325,,,,,6.0
284.860098522168,1945.0,0.504433497535956,-4.966,-6.44175,,,,,5.0
285.364532019704,1947.0,0.504433497537036,-4.751,-5.78903333333333,,,,,3.0
285.868965517241,1950.0,0.504433497536979,-4.691,-5.7540375,,,,,0.0
286.373399014778,1953.0,0.504433497537036,-5.308,-7.5777875,,,,,-3.0
286.877832512315,1955.0,0.504433497536979,-5.384,-8.467375,,,,,-5.0
287.382266009852,1958.0,0.504433497536979,-5.17,-8.24725,,,,,-8.0
287.886699507389,1960.0,0.504433497537036,-5.179,-8.337375,,,,,-10.0
288.391133004926,1963.0,0.504433497536979,-5.311,-8.661125,,,,,-13.0
288.895566502463,1966.0,0.504433497536979,-5.283,-7.9877375,,,,,-16.0
289.4,1969.0,0.504433497537036,-5.268,-7.0135375,,,,,-19.0
289.904433497537,1972.0,0.504433497536979,-5.399,-6.634875,,,,,-22.0
290.408866995074,1976.0,0.504433497536979,-4.965,-6.632875,,,,,-26.0
290.913300492611,1979.0,0.504433497537036,-4.813,-6.540625,,,,,-29.0
291.417733990148,1982.0,0.504433497536979,-5.295,-7.663,,,,,-32.0
291.922167487685,1985.0,0.504433497537036,-5.509,-7.94025,,,,,-35.0
292.426600985222,1988.0,0.504433497536979,-5.024,-7.119875,,,,,-38.0
292.931034482759,1991.0,0.504433497536979,-5.69,-8.02475,,,,,-41.0
293.435467980296,1994.0,0.504433497537036,-5.47,-7.671875,,,,,-44.0
293.939901477833,1996.0,0.504433497535956,-5.172,-7.22825,,,,,-46.0
294.444334975369,1999.0,0.504433497537036,-4.942,-7.170375,,,,,-49.0
294.948768472906,2001.0,0.504433497536979,-5.039,-7.027,,,,,-51.0
295.453201970443,2004.0,0.504433497537036,-5.019,-7.320475,,,,,-54.0
295.95763546798,2006.0,0.504433497536979,-5.583,-8.138625,,,,,-56.0
296.462068965517,2009.0,0.504433497536979,-5.707,-8.6430125,,,,,-59.0
296.966502463054,2011.0,0.504433497537036,-5.32,-8.08225,,,,,-61.0
297.470935960591,2014.0,0.504433497536979,-5.166,-8.0633,,,,,-64.0
297.975369458128,2016.0,0.504433497536979,-5.193,-8.161,,,,,-66.0
298.479802955665,2018.0,0.504433497537036,-5.222,-8.11895,,,,,-68.0
298.984236453202,2019.0,0.504433497536979,-5.357,-8.535625,,,,,-69.0
299.488669950739,2021.0,0.504433497536979,-5.288,-8.6325,,,,,-71.0
299.993103448276,2022.0,0.504433497537036,-5.349,-8.48505,,,,,-72.0
300.497536945813,2024.0,0.504433497536979,-5.147,-7.9195125,,,,,-74.0
301.00197044335,2026.0,0.504433497537036,-4.739,-7.422125,,,,,-76.0
301.506403940887,2028.0,0.504433497536979,-4.892,-6.91885,,,,,-78.0
302.010837438424,2031.0,0.504433497536979,-4.475,-6.1828,,,,,-81.0
302.515270935961,2033.0,0.504433497537036,-4.559,-6.52345,,,,,-83.0
303.019704433498,2035.0,0.504433497536979,-4.873,-6.5919,,,,,-85.0
303.524137931035,2037.0,0.504433497536013,-5.043,-7.1129,,,,,-87.0
304.028571428571,2038.0,0.504433497536979,-5.385,-8.0772,,,,,-88.0
304.533004926108,2040.0,0.504433497537036,-5.233,-7.91945,,,,,-90.0
305.037438423645,2041.0,0.504433497536979,-5.519,-8.470175,,,,,-91.0
305.541871921182,2043.0,0.504433497536979,-5.716,-8.9151125,,,,,-93.0
306.046305418719,2045.0,0.504433497537036,-5.58,-8.93945,,,,,-95.0
306.550738916256,2047.0,0.504433497536979,-5.285,-8.680675,,,,,-97.0
307.055172413793,2048.0,0.504433497536979,-5.541,-8.808325,,,,,-98.0
307.55960591133,2050.0,0.504433497537036,-5.459,-8.996825,,,,,-100.0
308.064039408867,2052.0,0.504433497536979,-5.598,-9.1302,,,,,-102.0
308.568472906404,2055.0,0.504433497536979,-5.179,-8.147075,,,,,-105.0
309.072906403941,2058.0,0.504433497537036,-5.209,-7.986075,,,,,-108.0
309.577339901478,2060.0,0.504433497536979,-5.192,-7.674525,,,,,-110.0
310.081773399015,2063.0,0.504433497537036,-4.735,-6.882825,,,,,-113.0
310.586206896552,2066.0,0.504433497536979,-4.899,-6.911275,,,,,-116.0
311.090640394089,2067.0,0.504433497536979,-5.236,-7.0799,,,,,-117.0
311.595073891626,2068.0,0.504433497537036,-5.459,-7.1024,,,,,-118.0
312.099507389163,2070.0,0.504433497536979,-4.885,-6.404825,,,,,-120.0
312.6039408867,2071.0,0.504433497536979,-5.264,-7.0210875,,,,,-121.0
313.108374384237,2072.0,0.504433497536013,-5.191,-6.8522,,,,,-122.0
313.612807881773,2073.0,0.504433497536979,-4.933,-6.432825,,,,,-123.0
314.11724137931,2074.0,0.504433497537036,-4.9,-6.5419,,,,,-124.0
314.621674876847,2076.0,0.504433497536979,-5.091,-7.51525,,,,,-126.0
315.126108374384,2077.0,0.504433497537036,-5.59,-8.206375,,,,,-127.0
315.630541871921,2078.0,0.504433497536979,-5.492,-7.993455,,,,,-128.0
316.134975369458,2079.0,0.504433497536979,-5.371,-8.02215,,,,,-129.0
316.639408866995,2081.0,0.504433497537036,-5.291,-7.974725,,,,,-131.0
317.143842364532,2082.0,0.504433497536979,-5.12,-7.5091625,,,,,-132.0
317.648275862069,2084.0,0.504433497536979,-5.465,-8.0921875,,,,,-134.0
318.152709359606,2085.0,0.504433497537036,-4.94,-7.7079,,,,,-135.0
318.657142857143,2088.0,0.504433497536979,-4.713,-6.447825,,,,,-138.0
319.16157635468,2090.0,0.504433497536979,-5.027,-6.961375,,,,,-140.0
319.666009852217,2093.0,0.504433497537036,-5.222,-7.4465125,,,,,-143.0
320.170443349754,2095.0,0.504433497536979,-5.056,-7.267525,,,,,-145.0
320.674876847291,2098.0,0.504433497537036,-5.328,-7.02482833333333,,,,,-148.0
321.179310344828,2100.0,0.504433497536979,-5.316,-7.581575,,,,,-150.0
321.683743842365,2103.0,0.504433497536979,-5.35,-7.552,,,,,-153.0
322.188177339902,2105.0,0.504433497536013,-5.495,-7.701875,,,,,-155.0
322.692610837438,2108.0,0.504433497536979,-5.195,-7.64815,,,,,-158.0
323.197044334975,2110.0,0.504433497537036,-5.042,-6.9726875,,,,,-160.0
323.701477832512,2112.0,0.504433497536979,-5.387,-7.5815,,,,,-162.0
324.205911330049,2113.0,0.504433497537036,-5.641,-7.73515,,,,,-163.0
324.710344827586,2115.0,0.504433497536979,-5.016,-7.533525,,,,,-165.0
325.214778325123,2116.0,0.504433497536979,-4.771,-6.52595,,,,,-166.0
325.71921182266,2117.0,0.504433497537036,-4.218,-6.154825,,,,,-167.0
326.223645320197,2118.0,0.504433497536979,-4.296,-6.170125,,,,,-168.0
326.728078817734,2119.0,0.504433497536979,-5.258,-7.55495,,,,,-169.0
327.232512315271,2120.0,0.504433497537036,-5.412,-8.3062,,,,,-170.0
327.736945812808,2122.0,0.504433497536979,-5.344,-7.8455,,,,,-172.0
328.241379310345,2123.0,0.504433497536979,-5.578,-6.9729,,,,,-173.0
328.745812807882,2125.0,0.504433497537036,-5.224,-7.548125,,,,,-175.0
329.250246305419,2126.0,0.504433497536979,-5.605,-8.13215,,,,,-176.0
329.754679802956,2127.0,0.504433497537036,-5.068,-7.77145,,,,,-177.0
330.259113300493,2128.0,0.504433497536979,-5.436,-8.27497,,,,,-178.0
330.76354679803,2129.0,0.504433497536979,-5.419,-7.8461075,,,,,-179.0
331.267980295567,2130.0,0.504433497537036,-5.622,-7.276075,,,,,-180.0
331.772413793104,2132.0,0.504433497535956,-5.859,-7.83551,,,,,-182.0
332.27684729064,2133.0,0.504433497537036,-5.045,-6.934515,,,,,-183.0
332.781280788177,2134.0,0.504433497536979,-5.195,-6.904175,,,,,-184.0
333.285714285714,2135.0,0.504433497536979,-4.956,-6.4477,,,,,-185.0
333.790147783251,2136.0,0.504433497537036,-4.775,-5.783265,,,,,-186.0
334.294581280788,2137.0,0.504433497536979,-4.02,-4.50675,,,,,-187.0
334.799014778325,2138.0,0.504433497537036,-3.39,-4.05904,,,,,-188.0
335.303448275862,2139.0,0.504433497536979,-3.543,-4.029375,,,,,-189.0
335.807881773399,2141.0,0.504433497536979,-4.098,-5.3420825,,,,,-191.0
336.312315270936,2144.0,0.504433497537036,-4.61,-6.325875,,,,,-194.0
336.816748768473,2146.0,0.504433497536979,-4.583,-6.701065,,,,,-196.0
337.32118226601,2149.0,0.504433497536979,-5.271,-7.738425,,,,,-199.0
337.825615763547,2151.0,0.504433497537036,-5.303,-8.022585,,,,,-201.0
338.330049261084,2153.0,0.504433497536979,-5.282,-7.435875,,,,,-203.0
338.834482758621,2155.0,0.504433497536979,-5.26,-7.483585,,,,,-205.0
339.338916256158,2156.0,0.504433497537036,-4.948,-7.430875,,,,,-206.0
339.843349753695,2158.0,0.504433497536979,-5.022,-7.620325,,,,,-208.0
340.347783251232,2160.0,0.504433497537036,-5.459,-8.2785,,,,,-210.0
340.852216748769,2161.0,0.504433497535956,-5.441,-8.43762,,,,,-211.0
341.356650246305,2163.0,0.504433497537036,-5.432,-8.196325,,,,,-213.0
341.861083743842,2164.0,0.504433497536979,-5.479,-8.35143,,,,,-214.0
342.365517241379,2166.0,0.504433497536979,-5.425,-8.3522,,,,,-216.0
342.869950738916,2167.0,0.504433497537036,-5.537,-8.485445,,,,,-217.0
343.374384236453,2169.0,0.504433497536979,-5.643,-8.230685,,,,,-219.0
343.87881773399,2171.0,0.504433497537036,-5.803,-8.287125,,,,,-221.0
344.383251231527,2172.0,0.504433497536979,-5.875,-8.5003,,,,,-222.0
344.887684729064,2174.0,0.504433497536979,-5.924,-8.07505,,,,,-224.0
345.392118226601,2176.0,0.504433497537036,-5.758,-8.05425,,,,,-226.0
345.896551724138,2178.0,0.504433497536979,-5.879,-8.258245,,,,,-228.0
346.400985221675,2179.0,0.504433497536979,-5.459,-8.29666,,,,,-229.0
346.905418719212,2181.0,0.504433497537036,-5.731,-7.88225,,,,,-231.0
347.409852216749,2182.0,0.504433497536979,-5.317,-6.9905,,,,,-232.0
347.914285714286,2184.0,0.504433497536979,-5.195,-7.464125,,,,,-234.0
348.418719211823,2186.0,0.504433497537036,-5.072,-6.965875,,,,,-236.0
348.92315270936,2189.0,0.504433497536979,-4.92,-6.93745,,,,,-239.0
349.427586206897,2191.0,0.504433497537036,-5.109,-7.01975,,,,,-241.0
349.932019704434,2194.0,0.504433497535956,-5.109,-6.91605,,,,,-244.0
350.43645320197,2196.0,0.504433497537036,-5.314,-7.47855,,,,,-246.0
350.940886699507,2199.0,0.504433497536979,-5.344,-8.1264925,,,,,-249.0
351.445320197044,2202.0,0.504433497536979,-5.534,-8.7120875,,,,,-252.0
351.949753694581,2204.0,0.504433497537036,-5.51,-8.883375,,,,,-254.0
352.454187192118,2207.0,0.504433497536979,-5.534,-8.924935,,,,,-257.0
352.958620689655,2210.0,0.504433497536979,-5.446,-8.302575,,,,,-260.0
353.463054187192,2213.0,0.504433497537036,-5.272,-7.82575,,,,,-263.0
353.967487684729,2215.0,0.504433497536979,-5.397,-8.4515,,,,,-265.0
354.471921182266,2218.0,0.504433497537036,-5.263,-8.256485,,,,,-268.0
354.976354679803,2220.0,0.504433497536979,-5.481,-7.7183,,,,,-270.0
355.48078817734,2223.0,0.504433497536979,-5.8,-7.84491,,,,,-273.0
355.985221674877,2225.0,0.504433497537036,-5.336,-8.1664,,,,,-275.0
356.489655172414,2227.0,0.504433497536979,-5.388,-7.967715,,,,,-277.0
356.994088669951,2230.0,0.504433497536979,-5.419,-8.1375,,,,,-280.0
358.002955665025,2234.0,0.504433497536979,-5.776,-8.655,,,,,-284.0
358.507389162562,2236.0,0.504433497537036,-5.353,-8.009575,,,,,-286.0
359.011822660099,2238.0,0.504433497536979,-5.561,-7.923625,,,,,-288.0
359.516256157636,2240.0,0.504433497536013,-5.436,-7.492125,,,,,-290.0
360.020689655172,2242.0,0.504433497536979,-5.336,-7.480625,,,,,-292.0
360.525123152709,2244.0,0.504433497536979,-5.438,-7.712375,,,,,-294.0
361.029556650246,2246.0,0.504433497537036,-5.553,-8.2138125,,,,,-296.0
361.533990147783,2248.0,0.504433497536979,-5.858,-8.512125,,,,,-298.0
362.03842364532,2249.0,0.504433497536979,-5.561,-8.446625,,,,,-299.0
362.542857142857,2251.0,0.504433497537036,-5.287,-8.158,,,,,-301.0
363.047290640394,2253.0,0.504433497536979,-5.22,-7.612,,,,,-303.0
363.551724137931,2255.0,0.504433497537036,-5.422,-7.620125,,,,,-305.0
364.056157635468,2258.0,0.504433497536979,-5.503,-7.66125,,,,,-308.0
364.560591133005,2260.0,0.504433497536979,-5.206,-7.546,,,,,-310.0
365.065024630542,2262.0,0.504433497537036,-5.272,-7.33825,,,,,-312.0
365.569458128079,2264.0,0.504433497536979,-5.558,-7.845125,,,,,-314.0
366.073891625616,2267.0,0.504433497536979,-5.452,-7.7338375,,,,,-317.0
366.578325123153,2269.0,0.504433497537036,-5.083,-7.47725,,,,,-319.0
367.08275862069,2272.0,0.504433497536979,-5.417,-7.99525,,,,,-322.0
367.587192118227,2274.0,0.504433497536979,-5.326,-7.935375,,,,,-324.0
368.091625615764,2276.0,0.504433497537036,-5.256,-7.79475,,,,,-326.0
368.596059113301,2279.0,0.504433497536013,-5.084,-7.918875,,,,,-329.0
369.100492610837,2281.0,0.504433497536979,-5.265,-7.815375,,,,,-331.0
369.604926108374,2283.0,0.504433497536979,-5.528,-8.1715,,,,,-333.0
370.109359605911,2285.0,0.504433497537036,-5.835,-7.579575,,,,,-335.0
370.613793103448,2287.0,0.504433497536979,-5.778,-8.013625,,,,,-337.0
371.118226600985,2290.0,0.504433497536979,-5.61,-7.885625,,,,,-340.0
371.622660098522,2292.0,0.504433497537036,-5.183,-8.269125,,,,,-342.0
372.127093596059,2294.0,0.504433497536979,-5.032,-7.465175,,,,,-344.0
372.631527093596,2296.0,0.504433497537036,-5.127,-7.23575,,,,,-346.0
373.135960591133,2298.0,0.504433497536979,-5.538,-7.539825,,,,,-348.0
373.64039408867,2299.0,0.504433497536979,-5.394,-8.2072,,,,,-349.0
374.144827586207,2301.0,0.504433497537036,-5.446,-8.26125,,,,,-351.0
374.649261083744,2303.0,0.504433497536979,-6.072,-8.852175,,,,,-353.0
375.153694581281,2305.0,0.504433497536979,-5.674,-8.603625,,,,,-355.0
375.658128078818,2308.0,0.504433497537036,-5.319,-8.1168,,,,,-358.0
376.162561576355,2310.0,0.504433497536979,-5.053,-7.7741625,,,,,-360.0
376.666995073892,2313.0,0.504433497536979,-5.693,-8.565325,,,,,-363.0
377.171428571429,2315.0,0.504433497537036,-5.317,-8.7763,,,,,-365.0
377.675862068966,2317.0,0.504433497536979,-5.613,-8.072175,,,,,-367.0
378.180295566503,2319.0,0.504433497537036,-5.815,-7.9757,,,,,-369.0
378.68472906404,2321.0,0.504433497535956,-5.612,-8.492675,,,,,-371.0
379.189162561576,2323.0,0.504433497537036,-5.353,-8.820875,,,,,-373.0
379.693596059113,2326.0,0.504433497536979,-5.45,-9.196375,,,,,-376.0
380.19802955665,2329.0,0.504433497536979,-5.521,-9.1895,,,,,-379.0
380.702463054187,2331.0,0.504433497537036,-5.529,-9.13225,,,,,-381.0
381.206896551724,2334.0,0.504433497536979,-5.473,-8.939175,,,,,-384.0
381.711330049261,2336.0,0.504433497536979,-5.564,-9.06375,,,,,-386.0
382.215763546798,2337.0,0.504433497537036,-5.347,-8.803125,,,,,-387.0
382.720197044335,2339.0,0.504433497536979,-5.533,-8.95375,,,,,-389.0
383.224630541872,2340.0,0.504433497537036,-5.479,-8.249125,,,,,-390.0
383.729064039409,2342.0,0.504433497536979,-5.38,-8.55675,,,,,-392.0
384.233497536946,2344.0,0.504433497536979,-5.315,-8.835,,,,,-394.0
384.737931034483,2345.0,0.504433497537036,-5.87,-8.545325,,,,,-395.0
385.24236453202,2347.0,0.504433497536979,-5.213,-7.416125,,,,,-397.0
385.746798029557,2349.0,0.504433497536979,-4.948,-8.072375,,,,,-399.0
386.251231527094,2351.0,0.504433497537036,-4.717,-7.909675,,,,,-401.0
386.755665024631,2353.0,0.504433497536979,-4.787,-7.88165,,,,,-403.0
387.260098522168,2355.0,0.504433497536979,-5.322,-8.503775,,,,,-405.0
387.764532019705,2357.0,0.504433497536013,-5.526,-8.45425,,,,,-407.0
388.268965517241,2358.0,0.504433497537036,-5.45,-8.372,,,,,-408.0
388.773399014778,2360.0,0.504433497536979,-5.441,-8.507875,,,,,-410.0
389.277832512315,2361.0,0.504433497536979,-5.283,-8.730575,,,,,-411.0
389.782266009852,2363.0,0.504433497537036,-4.9,-8.170375,,,,,-413.0
390.286699507389,2364.0,0.504433497536979,-4.947,-7.7475,,,,,-414.0
390.791133004926,2365.0,0.504433497536979,-4.913,-8.111125,,,,,-415.0
