entity_id,sample_id,sample_thickness,depth_sample,mineralogy,arag_corr,lin_interp_age,lin_interp_age_uncert_pos,lin_interp_age_uncert_neg,lin_reg_age,lin_reg_age_uncert_pos,lin_reg_age_uncert_neg,Bchron_age,Bchron_age_uncert_pos,Bchron_age_uncert_neg,Bacon_age,Bacon_age_uncert_pos,Bacon_age_uncert_neg,OxCal_age,OxCal_age_uncert_pos,OxCal_age_uncert_neg,copRa_age,copRa_age_uncert_pos,copRa_age_uncert_neg,StalAge_age,StalAge_age_uncert_pos,StalAge_age_uncert_neg,d18O_measurement,d18O_precision,d13C_measurement,d13C_precision,Mg_Ca_measurement,Mg_Ca_precision,Sr_Ca_measurement,Sr_Ca_precision,year_CE
889,499281,0.2,15.1,calcite,not applicable,21156.4451842251,78.6299078684788,81.1429489894472,19797.595843526,173.141149886575,172.051747673613,,,,21327.498155,511.921705949997,283.048741000002,,,,21192.8626039073,75.8981317881698,81.8672174322164,21112.9188867123,81.5247608168938,85.4485998456112,-9.01,0.2,-5.8,0.2,1.78793553588421,0.487279167918607,0.010652904368421,0.0051662790537573,-19206.4451842251
889,499282,0.2,15.4,calcite,not applicable,21164.5137264212,77.4426843384099,80.22330459351,19825.2711662544,172.221252481646,171.497468709043,,,,21336.182422,512.833787,279.576879499997,,,,21204.0898306109,75.0109960579648,82.56764640857,21122.1805789935,79.7899204300811,83.0275224206525,-9.09,0.2,-5.88,0.2,1.66547395019999,0.464174086990501,0.0143847304947368,0.0045934796919485,-19214.5137264212
889,499283,0.2,15.7,calcite,not applicable,21172.611732825,75.8100540013729,78.5105604997989,19852.8085515008,171.295378123894,170.664394892883,,,,21345.220315,510.949287199997,277.4722435,,,,21214.5116463786,75.1445734677764,83.3082834072811,21131.4606157742,78.1227174095293,80.3659211506856,-8.88,0.2,-5.84,0.2,1.724329312,0.441531611080842,0.0160060577083333,0.0041619672619988,-19222.611732825
889,499284,0.2,16.0,calcite,not applicable,21180.5269049194,74.5515441586213,76.8706001633254,19880.5237319486,170.191708564795,170.267202979139,,,,21353.6207,511.159737500006,276.111647500002,,,,21225.1409118957,74.599776705556,82.9554391004094,21140.7526275946,76.5020886936618,77.562314236271,-8.84,0.2,-5.71,0.2,1.83885508665263,0.510830667351241,0.0152107080315789,0.0043341291060302,-19230.5269049194
889,499285,0.2,16.3,calcite,not applicable,21188.5078795436,73.5386143879878,76.2230435997117,19908.3240621058,169.002889296331,169.145086481538,,,,21362.93386,513.157999500003,274.428043999997,,,,21235.6431451161,74.1187440722606,84.5628007777923,21150.0502449946,74.9069712209021,74.7152198779513,-8.96,0.2,-5.75,0.2,1.94475554046315,0.483161088310377,0.0077649293368421,0.0023601328535085,-19238.5078795436
889,499286,0.2,16.6,calcite,not applicable,21196.2765887289,73.0228751027826,75.8960329817419,19935.9411511002,167.997311190542,168.509828543381,,,,21372.459252,514.867161000002,276.360822000002,,,,21244.8351675267,75.0669979793383,84.521591196346,21159.3470985146,73.3163019296771,71.9231562762834,-8.93,0.2,-5.35,0.2,1.895475432375,0.453018712348505,0.0106973015833333,0.004489038042188,-19246.2765887289
889,499287,0.2,16.9,calcite,not applicable,21204.2386399188,72.1610814168816,75.5971758766136,19963.6210064037,167.158722425636,167.750778524605,,,,21379.35031,513.3157445,273.216829000001,,,,21254.4778667665,75.3062819755141,84.8994877476434,21168.6368186945,71.7090177584178,69.2846416318098,-8.92,0.2,-5.35,0.2,1.8002984146421,0.424678817891201,0.0139943055578947,0.0042298000323822,-19254.2386399188
889,499288,0.2,17.2,calcite,not applicable,21212.0874790989,71.6460908595182,74.9045170812242,19991.2829800895,166.508045345698,167.754708991979,,,,21388.57515,515.544813100005,274.234543299997,,,,21263.2829998753,75.5693804467519,85.1342617355622,21177.9136988834,70.0663182768367,66.8905449051817,-9.15,0.2,-6.18,0.2,1.85597879376842,0.478121917174179,0.0156210954421052,0.0037630942961131,-19262.0874790989
889,499289,0.2,17.5,calcite,not applicable,21220.1684866347,70.4945226987147,74.7640122656485,20018.8660140042,165.894309209172,167.436556086501,,,,21399.169375,516.379225000004,277.288062999996,,,,21271.9379889469,75.239167634074,85.8499262882397,21187.1797375829,68.3957061433575,64.7428126432023,-9.32,0.2,-6.69,0.2,1.857672445125,0.417548856535838,0.0151175288645833,0.0036184247245918,-19270.1684866347
889,499290,0.2,17.8,calcite,not applicable,21227.816835768,69.7385008338897,74.4954237148522,20046.6446960916,165.297294246608,166.485499156566,,,,21409.58889,516.735792000003,278.7873655,,,,21280.3152225552,76.0765223635135,84.6787686676362,21196.441904361,66.721653751043,62.7860220934272,-9.09,0.2,-6.7,0.2,1.79084996066315,0.408804031148105,0.0117055543789473,0.0029239825588277,-19277.816835768
889,499291,0.2,18.1,calcite,not applicable,21235.5211207042,69.6858048393551,74.3046044389157,20074.2042533267,165.539941547075,165.178075842494,,,,21418.442465,513.639998999999,281.286308999996,,,,21287.9963123468,76.9432247774894,83.9319086432297,21205.7072516366,65.068916321874,60.9637943484195,-9.03,0.2,-6.86,0.2,1.70707837827368,0.429127966204835,0.0150331630315789,0.0041106740621123,-19285.5211207042
889,499292,0.2,18.4,calcite,not applicable,21243.4157729137,69.8464971531066,74.439193502636,20101.7821670742,165.676995466412,163.889009040922,,,,21427.172152,517.320661000002,281.674005500001,,,,21295.3289758309,78.5821456011108,83.225167659486,21214.9828318288,63.4622490778384,59.2197505007389,-9.17,0.2,-6.98,0.2,1.80448129053125,0.399090743949455,0.0159974209270833,0.004382911728256,-19293.4157729137
889,499293,0.2,18.7,calcite,not applicable,21251.2418487913,69.7581992460873,74.0327220732906,20129.6596497427,164.578670840663,162.847923477715,,,,21435.912189,520.767503999996,283.497889450002,,,,21303.1709742963,79.5974447367807,83.502140333243,21224.2756973567,61.9264072409169,57.4975116429523,-9.52,0.2,-6.77,0.2,1.73920834931579,0.424153356815371,0.0163055699473684,0.0041590156002015,-19301.2418487913
889,499294,0.2,19.0,calcite,not applicable,21259.7489626884,68.8116689715207,74.8259012010021,20157.4395273286,163.418730226,162.016061083825,,,,21443.682275,522.008109999999,287.094142500002,,,,21310.4604308087,81.323905773057,84.1643849498505,21233.5929006391,60.4861460330831,55.7406988676194,-9.31,0.2,-6.22,0.2,1.77282001753684,0.402610256827454,0.0162797224210526,0.0042429960515609,-19309.7489626884
889,499295,0.2,19.3,calcite,not applicable,21267.7044389771,69.8406183027582,75.5544460988567,20185.1094011457,162.291600385695,161.696728959796,,,,21454.25506,520.048059500004,292.869324900003,,,,21317.8659007057,82.9126765568653,84.1524873676972,21242.9398775047,59.1604560542692,53.915182736524,-9.06,0.2,-5.39,0.2,1.83611949438541,0.4908888508939,0.0142527319270833,0.0038728108114011,-19317.7044389771
889,499296,0.2,19.6,calcite,not applicable,21275.8367376409,69.144197517584,75.9949239958441,20212.5601670483,161.376110812136,160.997926665867,,,,21462.19958,522.237308999996,294.647334500001,,,,21325.1624245419,83.656986939819,84.7051871497097,21252.3155974202,57.9452694161555,52.0758316883475,-8.72,0.2,-4.35,0.2,1.79592208265263,0.428485071437668,0.0164483244526315,0.0040682650353373,-19325.8367376409
889,499297,0.2,19.9,calcite,not applicable,21283.3466871327,69.5720308436576,75.7555175713533,20240.1697707677,160.750167702936,160.457962188619,,,,21472.4452925,522.370026500001,297.445129500004,,,,21331.8758246594,83.5637005429162,85.0378254444913,21261.7174132619,56.8307536083812,50.2997636309665,-8.7,0.2,-4.43,0.2,1.72678428085863,0.458507249066965,0.0155927732879581,0.0034478111115122,-19333.3466871327
889,499298,0.2,20.5,calcite,not applicable,21299.8998503104,70.7850758032764,76.9327840506412,20295.7217742331,159.01895066959,159.655906733777,,,,21491.040275,519.167806999998,294.794250000003,,,,21344.6826942123,85.5465660254049,85.9853196224503,21280.5887442291,54.8644044423745,47.2459481201986,-9.25,0.2,-4.28,0.2,2.84906442974736,11.1891569688676,0.0147451880315789,0.0047425397304874,-19349.8998503104
889,499299,0.2,20.8,calcite,not applicable,21307.1525729933,72.0579776110571,76.9927211152972,20323.5630197423,158.027407574398,159.332789802276,,,,21500.21591,514.504190600001,292.131178999996,,,,21350.4474649995,87.7239723483981,85.7226718821912,21290.0529651072,53.9929060634022,46.1224364825903,-9.13,0.2,-4.61,0.2,1.7624393054421,0.421483926563543,0.0142310333157894,0.0034936427084617,-19357.1525729933
889,499300,0.2,21.1,calcite,not applicable,21314.9742929754,72.8042661668478,77.2603688750169,20351.1110588303,157.552483141837,158.536840907713,,,,21507.468509,512.896100049995,287.680293900004,,,,21356.6303208497,89.6662171164753,86.2861627452621,21299.5327058051,53.1829214296777,45.3699119952653,-9.03,0.2,-5.06,0.2,1.68596811218947,0.36622595847764,0.0149500980947368,0.0030862361914497,-19364.9742929754
889,499301,0.2,21.4,calcite,not applicable,21322.6968829356,73.8801971877838,77.7629585286013,20378.815147973,157.265032254345,157.658166527421,,,,21514.89085,510.504246999997,284.108938800004,,,,21363.1186844543,90.9339009435134,88.0982407536685,21309.0260748956,52.4351683701279,45.0186767686355,-9.0,0.2,-5.42,0.2,1.65135826273958,0.368169438794497,0.0138843832604166,0.0030585267722873,-19372.6968829356
889,499302,0.2,21.7,calcite,not applicable,21330.7817977543,74.3017109823959,77.7607965871066,20406.3676228739,156.81407530365,156.223821664989,,,,21524.1178865,510.137499,279.753825,,,,21369.4078863584,91.2161482600641,89.6118323959017,21318.5323330785,51.7664496571997,45.0276580087557,-9.46,0.2,-5.5,0.2,1.70572695074736,0.363809392339016,0.0156017301894736,0.0033748886730545,-19380.7817977543
889,499303,0.2,22.0,calcite,not applicable,21338.8608996012,75.8296857109344,78.9107772152165,20433.9944811952,155.929549238106,155.65622621273,,,,21534.091,508.582004999997,276.934794999997,,,,21375.0861245672,92.7259390711115,89.9834095587867,21328.0508401618,51.1949517143912,45.3496431449676,-9.24,0.2,-5.4,0.2,1.64998588293684,0.37133664094171,0.0159463349263157,0.0029097332743686,-19388.8608996012
889,499304,0.2,22.3,calcite,not applicable,21346.5181170559,77.4004332387049,79.8146945449189,20461.7414677527,154.971018000055,154.582358830703,,,,21542.803855,507.892195349999,277.724899500001,,,,21381.6101387709,92.2171684814566,90.7746706007056,21337.5809559531,50.7388609652153,45.9374196065983,-9.46,0.2,-5.6,0.2,1.60417700354166,0.339873420178726,0.01467076478125,0.0031030329746457,-19396.5181170559
889,499305,0.2,22.6,calcite,not applicable,21354.1471130367,78.589213712592,80.2200219827137,20489.5437923771,154.240445667601,153.527603669318,,,,21552.23645,506.573751999997,278.539150600001,,,,21387.3144673344,93.1915331610871,91.7300411178112,21347.1220402602,50.4163638331593,46.7437748229931,-9.12,0.2,-5.26,0.2,1.66108369707368,0.381530088252727,0.015846241968421,0.0038465168180947,-19404.1471130367
889,499306,0.2,22.9,calcite,not applicable,21362.0916590225,79.6316494378916,81.2447719268748,20517.1173735221,153.738616814622,152.752746566781,,,,21562.6255515,506.033232499998,281.536370700003,,,,21393.1721796244,93.7321387849624,93.011386588445,21356.6734528909,50.2456467417323,47.721496223483,-9.06,0.2,-5.47,0.2,1.62756918531578,0.326257441358485,0.0141935347368421,0.0030185031379915,-19412.0916590225
889,499307,0.2,23.2,calcite,not applicable,21370.3394990431,80.9809571860387,82.3024955065266,20544.8349493365,153.000945593012,152.319223504819,,,,21571.46553,502.832246999998,285.159415899998,,,,21398.3847661459,93.967829737765,93.0793397474845,21366.2340428137,50.2442720440522,48.8252746152975,-9.17,0.2,-5.68,0.2,1.67340253035416,0.452685041781571,0.0143734731145833,0.0034941074085093,-19420.3394990431
889,499308,0.2,23.5,calcite,not applicable,21378.2817325336,82.0695053805903,83.3693385209481,20572.520960055,152.419493256664,151.815025130072,,,,21579.554475,503.2503,279.939297499994,,,,21403.5932160162,94.7425090218276,93.8988874385905,21375.7967204924,50.4225472749968,50.0319275737165,-9.04,0.2,-5.63,0.2,1.70939426836842,0.368399230369914,0.0161634057894736,0.0041451453576658,-19428.2817325336
889,499309,0.2,23.8,calcite,not applicable,21385.9061777555,83.3817906986333,83.8307246801742,20600.1263425766,152.067455753873,151.306907534319,,,,21588.69353,506.098267000001,282.324219999999,,,,21409.2309568457,95.5189739884445,94.8604748585894,21385.350565097,50.786099441535,51.3325480082494,-8.91,0.2,-5.37,0.2,1.68801430779999,0.288219665490998,0.0168266047052631,0.0034541168843213,-19435.9061777555
889,499310,0.2,24.1,calcite,not applicable,21393.8663637535,83.6103759640828,85.1748729475366,20627.8013326168,151.634492623132,150.868397457172,,,,21597.8271955,502.821984700004,283.471965000001,,,,21414.8705081536,96.9149107670419,96.5159988791456,21394.8845919429,51.3404775418639,52.7184667506262,-8.84,0.2,-5.42,0.2,1.65354758707291,0.377561077366181,0.0157795549166666,0.002623133813967,-19443.8663637535
889,499311,0.2,24.4,calcite,not applicable,21401.975761094,84.5917930955293,86.7938269187944,20655.3932484066,151.285450356878,150.346813129661,,,,21608.78662,502.234712999998,288.805193349999,,,,21420.2492230824,99.0554065627221,96.986936448895,21404.3878163454,52.0912305741585,54.1810146325879,-8.73,0.2,-5.53,0.2,1.68556484097894,0.386038376523342,0.0161607165789473,0.0038488745915878,-19451.975761094
889,499312,0.2,24.7,calcite,not applicable,21409.9265507989,85.3214892462456,87.6066193812621,20683.0165484774,150.517588901574,149.817729934737,,,,21618.7515925,497.518587049992,291.186397150006,,,,21426.252235077,98.9390421566168,97.7144722432713,21413.8492536197,53.0439075366085,55.7115224858753,-9.09,0.2,-5.83,0.2,1.6542378162,0.284527504368697,0.0153145140842105,0.0026740581520346,-19459.9265507989
889,499313,0.2,25.0,calcite,not applicable,21418.0028918129,86.8292165889143,88.65800980528,20710.6263310665,149.723915388648,149.216253687697,,,,21628.04975,492.337737499998,294.908390000001,,,,21432.1895344434,100.450345009918,98.9152054048827,21423.257919081,54.2040574273851,57.3013211422294,-8.75,0.2,-5.8,0.2,1.7533870096875,0.394695402514027,0.0163175421145833,0.0037329289623735,-19468.0028918129
889,499314,0.2,25.3,calcite,not applicable,21425.6005880298,88.541977121633,89.891064062238,20738.2064152284,148.930511662122,148.391655275744,,,,21635.68033,492.776383599998,291.168943000004,,,,21438.0244098928,101.241408263028,99.7458444189033,21432.6092010828,55.5678895114943,58.945513107843,-8.6,0.2,-5.99,0.2,1.65100070488421,0.330768358203108,0.0155364954315789,0.0028568183412144,-19475.6005880298
889,499315,0.2,25.6,calcite,not applicable,21433.2214907359,90.3968239612368,90.8942027806042,20765.9029191403,148.536358742625,147.528624421782,,,,21642.346638,496.564678000002,288.310246999998,,,,21443.5960331749,102.367397488124,100.360352807464,21441.9239801304,57.0942541211516,60.6542875867599,-8.57,0.2,-6.11,0.2,1.63593222802105,0.451492779417809,0.0164493273368421,0.0034958929449577,-19483.2214907359
889,499316,0.2,25.9,calcite,not applicable,21441.236927243,91.5163164764563,92.8601748120273,20793.643312426,148.002912870015,146.972387069145,,,,21650.383805,493.786467000005,285.141443849992,,,,21449.2322856159,104.092298619104,101.098189524677,21451.2295097674,58.7326618554107,62.4416054574685,-8.88,0.2,-6.1,0.2,1.80750506810526,0.423848405229316,0.0159045552421052,0.00285179451913,-19491.236927243
889,499317,0.2,26.2,calcite,not applicable,21448.7999264992,93.0335143266348,94.4370487672459,20821.2898383778,146.94988018434,146.907214741143,,,,21658.63974,490.009343499998,281.701372499996,,,,21455.3475898549,105.75259672221,102.406486398635,21460.5530435374,60.432623313307,64.3214275984647,-8.91,0.2,-6.14,0.2,1.61887187044791,0.396228357736376,0.0172010073645833,0.0044361143108272,-19498.7999264992
889,499318,0.2,26.5,calcite,not applicable,21456.4640540003,95.2068537761115,95.8980833654714,20849.0320096362,146.494021982318,146.873119836346,,,,21666.988825,494.073452499997,281.1723805,,,,21461.991590933,105.843064913704,104.581417132751,21469.9218349837,62.1436490938722,66.3077148882512,-8.87,0.2,-5.71,0.2,1.44546357272631,0.326763637293609,0.0192399184210526,0.0052673221270467,-19506.4640540003
889,499319,0.2,26.8,calcite,not applicable,21464.473882728,96.4580965888053,98.2264520933968,20876.6875004448,146.149146348627,146.293380294821,,,,21674.871495,494.366337500003,280.500222799998,,,,21468.3263249004,106.799090486871,106.248887260233,21479.36313765,63.8152497961601,68.4144282053167,-8.78,0.2,-5.79,0.2,1.78809641834951,0.450248543421375,0.0110906626407766,0.0027797990944671,-19514.473882728
889,499320,0.2,27.1,calcite,not applicable,21472.60712295,98.0928380495716,99.9613773012679,20904.2928761038,145.747392370329,145.979079699377,,,,21681.803945,495.575041999997,276.012077150004,,,,21474.8320317389,107.946047016336,106.947534800551,21488.9037875582,65.3976710485585,70.6551655985459,-9.05,0.2,-5.83,0.2,3.16898468743478,2.49074513094905,0.0198806867826086,0.0078492098497046,-19522.60712295
889,499321,0.2,27.4,calcite,not applicable,21480.4332917388,99.3760897218963,101.072026479495,20931.8496320757,145.195387163294,145.790773594974,,,,21690.150002,495.321814999999,276.376903500008,,,,21481.3371721335,108.908358193752,107.630204495425,21498.5455694419,66.8852602413644,73.0217553399634,-8.92,0.2,-5.87,0.2,1.77893647474166,0.491265188389219,0.0154659896333333,0.0041932218793052,-19530.4332917388
889,499322,0.2,27.7,calcite,not applicable,21488.8409314865,100.846391236515,103.944151834294,20959.5510304765,144.648447282972,145.684600682875,,,,21697.43143,494.271047499999,276.179817,,,,21488.4951835114,109.432790783459,109.084675473834,21508.2514385373,68.3407224957773,75.472282547471,-9.06,0.2,-5.87,0.2,1.61630141828333,0.368237502317084,0.0147197368333333,0.003777657736857,-19538.8409314865
889,499323,0.2,28.0,calcite,not applicable,21496.6560560744,102.312611838774,104.297754700259,20987.2009921171,144.580435251497,144.846567979141,,,,21705.1761,496.651159999998,274.963575000002,,,,21495.5421317447,110.26509368914,110.114320421744,21517.9810099089,69.8326431679125,77.9619297020654,-9.32,0.2,-5.98,0.2,1.4574997980168,0.440558913137732,0.0165088408403361,0.0051667472388603,-19546.6560560744
889,499324,0.2,28.3,calcite,not applicable,21504.3830020615,104.064824743393,105.40825265746,21014.7824087525,143.938842558535,143.911802391285,,,,21713.628595,499.439924499999,275.232936250006,,,,21503.0587632467,110.88180583197,111.510948615563,21527.6938986211,71.4296076138817,80.4458792847327,-9.27,0.2,-6.12,0.2,1.4477332235,0.300276611943546,0.0156323628583333,0.0036206717203249,-19554.3830020615
889,499325,0.2,28.6,calcite,not applicable,21511.970923654,105.824234121435,107.251230040896,21042.3097693342,143.233953431154,143.320085092579,,,,21721.127076,499.662652999999,272.857647999997,,,,21510.5463342747,112.128465091508,112.468344466415,21537.3497197383,73.2002011898112,85.8349582680639,-9.33,0.2,-6.16,0.2,1.345848609625,0.391455326959846,0.0172435440166666,0.0048479859219449,-19561.970923654
889,499326,0.2,28.9,calcite,not applicable,21519.5627811467,108.11641327024,109.31695362083,21070.0274148385,142.674123015746,142.986853559105,,,,21727.848275,505.127207149995,272.045754900002,,,,21518.4569435334,112.881781725577,113.638865110552,21546.9080883249,75.2130092518164,91.7831935022768,-9.38,0.2,-6.13,0.2,1.36847356285,0.34204709976844,0.0177300653,0.0050862806907006,-19569.5627811467
889,499327,0.2,29.2,calcite,not applicable,21528.0411796243,109.972046180537,112.301919191592,21097.5162452235,142.386466052729,142.424806906245,,,,21735.440855,502.024399699996,274.319029000002,,,,21526.6874218997,113.547164581341,115.173434535485,21556.3322825774,77.5315732310664,97.5958128441744,-9.16,0.2,-5.98,0.2,1.42374492129411,0.511991819497534,0.0161990945798319,0.0053232712408861,-19578.0411796243
889,499328,0.2,29.5,calcite,not applicable,21535.895012964,111.683021446115,114.2586899659,21125.1931357872,142.052550154785,142.223524316232,,,,21743.628915,502.090282499998,277.502521499999,,,,21535.3162765947,113.627174922076,116.734480825759,21565.6281646012,80.1607989312688,103.272861119822,-9.27,0.2,-5.94,0.2,1.35118011916666,0.421646541118116,0.0163768972,0.0052609853609197,-19585.895012964
889,499329,0.2,29.8,calcite,not applicable,21543.5495967209,113.59687040019,116.305442089524,21152.6795709257,141.919850019964,142.25054871348,,,,21752.593091,499.390220000001,282.80954364,,,,21544.0023247421,113.990857472705,118.167924469359,21574.8290699915,83.0677627190598,108.839717444396,-9.15,0.2,-5.76,0.2,1.4028390116597,0.460493993913033,0.0180629657807933,0.0054979853395796,-19593.5495967209
889,499330,0.2,31.0,calcite,not applicable,21585.1848267242,112.508696146149,113.966057488407,21263.5990775221,139.590810750451,141.005477751361,,,,21787.769975,498.250466999994,272.467313000001,,,,21579.9693877267,116.448122489041,123.687905654493,21611.3587949506,96.8019162663222,130.521250298738,-9.15,0.2,-4.7,0.2,1.42313878767045,0.331191588419293,0.0162468334772727,0.0043871086691305,-19635.1848267242
889,499331,0.2,31.22,calcite,not applicable,21593.3183298258,112.218791151448,113.825414570139,21284.0385104163,138.85561203118,140.514418623643,,,,21796.241796,497.245817799998,273.108712100006,,,,21586.1992510666,116.870534675967,124.449690262358,21617.7493801068,99.9409510494079,134.111048789466,-9.37,0.2,-4.75,0.2,1.7337625075875,0.459252113831491,0.0130666008499999,0.0041620239624431,-19643.3183298258
889,499332,0.2,31.42,calcite,not applicable,21600.3934786146,112.046992024771,112.635185962659,21302.6559069201,138.444355919914,140.467738740921,,,,21802.61511,496.177292010001,271.604439799998,,,,21591.734159349,117.32054448326,124.896115347525,21620.8351808687,105.582951148666,134.632574051517,-9.22,0.2,-4.67,0.2,1.68164376223611,0.53970933382633,0.0187070084305555,0.008430114466145,-19650.3934786146
889,499333,0.2,31.6,calcite,not applicable,21606.9309320207,111.701516649748,111.920772544403,21319.32866681,138.187001908522,140.214203254196,,,,21808.92626,492.186128000001,272.928806499996,,,,21596.7935025062,117.411790096154,125.67450752424,21623.6211930731,110.688200642937,135.101829611183,-9.42,0.2,-4.52,0.2,1.40382118702083,0.325241735727278,0.0170558005625,0.0042698416265067,-19656.9309320207
889,499334,0.2,31.84,calcite,not applicable,21615.3604264601,111.964839742519,111.158684320122,21341.3118338081,137.338817705848,139.619604053485,,,,21817.067254,493.221594690003,273.635862199997,,,,21603.3940083866,117.782621743438,126.76932544517,21627.3449511833,117.514727997688,135.732335233304,-9.41,0.2,-3.48,0.2,1.22135412640963,0.321998046576168,0.0184851357108433,0.0049410422274901,-19665.3604264601
889,499335,0.2,32.05,calcite,not applicable,21622.8087450013,110.391179252092,111.004748487714,21360.5768945859,136.488681255767,139.068332070314,,,,21824.7298975,492.193805499999,275.133665500005,,,,21609.3609572288,117.813118845475,127.3671414866,21630.608050618,123.48631458063,136.293324351805,-9.46,0.2,-4.36,0.2,1.19298437871875,0.312281355937811,0.0169188581875,0.0042816067516138,-19672.8087450013
889,499336,0.2,32.21,calcite,not applicable,21628.5765458119,109.785972948906,110.282256869392,21375.2201237561,136.17480143132,138.613402946525,,,,21828.491277,493.193399700001,274.533275949998,,,,21613.6711168969,117.393471611416,127.630604947353,21633.0949931358,128.022986602267,136.729460181705,-9.22,0.2,-3.37,0.2,1.200748598725,0.357852494901102,0.0168987317125,0.0042908518073893,-19678.5765458119
889,499337,0.2,32.41,calcite,not applicable,21635.9701247584,108.191952973277,110.081972360585,21393.722094108,135.490041926216,138.298586985307,,,,21833.873484,497.793899650005,275.46126905,,,,21619.3426024254,117.807069223301,128.258721381855,21636.202061199,133.664143950402,137.288516144748,-9.01,0.2,-3.54,0.2,1.27490462097368,0.398146558603397,0.0165738577368421,0.0046463610304682,-19685.9701247584
889,499338,0.2,32.6,calcite,not applicable,21643.1947982447,106.940072410929,109.967861427271,21411.2652746944,134.995351832924,138.01208631145,,,,21839.83719,499.102182800001,276.685034799997,,,,21624.5266870072,117.685414370251,128.456265511792,21639.1495880919,138.979050191178,137.83717386151,-8.74,0.2,-3.5,0.2,1.51254103706818,0.409186605903228,0.0184271451742424,0.0050409282709306,-19693.1947982447
889,499339,0.2,32.93,calcite,not applicable,21654.9417714995,106.103738131435,109.177575623675,21441.6676586086,134.216015291233,137.279951716522,,,,21851.758265,499.926197500001,278.137150415001,,,,21633.1967195559,117.47194851299,129.299432330088,21644.2516068355,148.066495558109,138.840651473631,-8.67,0.2,-3.91,0.2,1.54231104858333,0.371218429234676,0.0147905361388888,0.0048766243468392,-19704.9417714995
889,499340,0.2,33.02,calcite,not applicable,21658.4051725013,105.918617326661,109.207862483552,21449.9900489735,134.033277721264,137.102481710066,,,,21855.35828,498.428416700001,280.736964838998,,,,21635.4107876202,118.057397784774,129.431578502434,21645.6378097357,150.505518121117,139.127305865004,-8.78,0.2,-4.12,0.2,1.36348850435164,0.432359256980441,0.0138505605824175,0.0051487764626205,-19708.4051725013
889,499341,0.2,33.25,calcite,not applicable,21666.6018371137,105.849095245954,108.074694448627,21471.3711926991,133.453468916086,136.761760042173,,,,21863.2180875,499.248877375001,284.029888749999,,,,21641.7141669795,117.764183930427,130.294062571578,21649.1697056651,156.653843767632,139.885366569211,-8.89,0.2,-4.48,0.2,1.51724276999382,0.610746663822196,0.0119800467716049,0.0043803810602303,-19716.6018371137
889,499342,0.2,33.66,calcite,not applicable,21681.9605120599,104.844350542462,108.98340665409,21509.3148681408,132.49905366794,135.719448565891,,,,21877.447199,500.129056099995,288.144229700003,,,,21651.921898785,119.93454483902,130.66790294131,21655.4471703616,167.343764284964,141.299382851808,-8.83,0.2,-4.56,0.2,1.3664692534817,0.432859875725069,0.0172214136219512,0.0051279493167527,-19731.9605120599
889,499343,0.2,34.07,calcite,not applicable,21697.515714701,104.11883290641,109.055315449034,21546.9785682331,132.241863759478,134.902819227966,,,,21891.3947324,506.532039649999,292.003746750001,,,,21662.5901830392,120.802041084906,131.882047189123,21661.7375130968,177.749387005781,142.740382787455,-9.04,0.2,-4.66,0.2,1.49626155090243,0.5230609702136,0.0159093101646341,0.0055094846237135,-19747.515714701
889,499344,0.2,34.48,calcite,not applicable,21712.4330109714,102.827356704951,108.35745309135,21584.6701140479,131.953498286082,134.091509593243,,,,21904.029952,515.236144099999,295.514800299999,,,,21673.3753150806,122.381746789837,133.143319816478,21668.0836216611,187.943125929072,144.145883805319,-9.13,0.2,-4.61,0.2,1.39131994611042,0.340044978529266,0.0161638986625766,0.0044199408570509,-19762.4330109714
889,499345,0.2,34.89,calcite,not applicable,21727.4069813919,102.119270309362,107.29358173559,21622.5710238344,131.583600080048,133.195113104037,,,,21914.48776,529.254926700003,298.356202149997,,,,21684.2618467348,122.04281028546,134.851121785166,21674.5283838449,197.997395053841,145.453403334541,-8.97,0.2,-4.54,0.2,1.70841707168902,0.515172583346612,0.0120697734085365,0.0048778880390678,-19777.4069813919
889,499346,0.2,35.3,calcite,not applicable,21742.2962710953,101.770782282336,107.615923510926,21660.2933592639,131.392276230981,132.435006285181,,,,21927.8501645,526.676714500001,294.537725950002,,,,21695.3614502571,121.925887594407,136.469643963359,21681.1127997849,207.995322523057,146.619941482433,-9.18,0.2,-4.25,0.2,1.32022749765243,0.421965526574212,0.0166688955670731,0.0065795975225315,-19792.2962710953
889,499347,0.2,35.71,calcite,not applicable,21756.6025981994,102.628482102406,107.702025414525,21698.0130080469,131.123321407995,131.611433895629,,,,21940.419252,534.895298300002,290.972977749996,,,,21705.3626318312,123.423306754739,136.749477362071,21687.8603975639,218.119206199543,147.782829303698,-9.01,0.2,-4.47,0.2,1.32059076073006,0.44611451817442,0.0167923746932515,0.0067242423579496,-19806.6025981994
889,499348,0.2,36.12,calcite,not applicable,21771.9276513172,102.693541995734,107.397043086017,21735.6714072622,130.671776235846,130.809326978946,,,,21952.1987488,531.602188719993,288.349325700001,,,,21715.6311321463,124.909079553036,136.855238256532,21694.7852471406,228.605027362963,149.177016172696,-9.2,0.2,-4.26,0.2,1.43587459126543,0.396999434347117,0.0148342435987654,0.0048889230593643,-19821.9276513172
889,499349,0.2,36.53,calcite,not applicable,21787.1092146011,102.346374633831,107.346105358334,21773.508363084,130.228752474748,130.141878398994,,,,21965.0555938,535.108682049995,285.627349850001,,,,21726.451996239,125.47595936626,138.318999144114,21701.9013254192,239.689295460561,151.038411887686,-8.98,0.2,-4.53,0.2,1.36654760121341,0.422913419519342,0.0167963127317073,0.0063975742781438,-19837.1092146011
889,499350,0.2,36.94,calcite,not applicable,21801.7091216284,101.160585122008,106.836537265855,21811.2168636438,129.113676126039,128.710146039899,,,,21979.977193,530.919350050004,288.473670849999,,,,21736.6162867304,128.254659994276,137.579971703104,21709.2226093038,251.608519939626,153.602926246902,-8.9,0.2,-4.19,0.2,1.37178862083536,0.411472855902583,0.0181610493841463,0.0074836183112946,-19851.7091216284
889,499351,0.2,37.35,calcite,not applicable,21817.4186322755,100.621425997724,106.957125809869,21848.9584855862,127.872291991829,128.101157655146,,,,21995.427405,522.259824499997,292.14596175,,,,21746.9789792421,128.546859519778,139.175007988986,21716.7336591738,264.488233180229,156.990605883533,-8.61,0.2,-3.53,0.2,1.17127107141975,0.413565717848,0.0176815598148148,0.0082315085046697,-19867.4186322755
889,499352,0.2,37.96,calcite,not applicable,21839.3042768598,101.967168892428,106.051058584664,21905.1576447313,126.566324996533,127.222548148398,,,,22017.1283534,521.994430899998,292.354837080002,,,,21761.6693829868,133.403246945269,140.806452060158,21727.8105116873,284.128604516129,162.173623190163,-9.06,0.2,-3.64,0.2,1.3171162850625,0.333608413511238,0.0184378004625,0.0051835982396637,-19889.3042768598
889,499353,0.2,38.16,calcite,not applicable,21846.5483348296,101.665270117119,105.350806603637,21923.3650769248,126.232081958769,126.854935489278,,,,22023.846234,526.308474699996,291.877257800006,,,,21766.3324395912,134.132517252507,140.418711264338,21731.2878551435,290.294176999469,163.489040780303,-9.26,0.2,-4.31,0.2,1.44640817110119,0.528547366313842,0.0139735196666666,0.0052343249545482,-19896.5483348296
889,499354,0.2,38.58,calcite,not applicable,21861.5036271654,102.259345949253,105.474084865724,21961.8770273507,126.118153866075,126.359291724621,,,,22037.05687,528.590066800003,296.13356812,,,,21776.8692201365,136.237103134143,141.041865100047,21738.1331476764,302.155767051569,164.951462948029,-9.34,0.2,-4.94,0.2,1.24273009763114,0.382099509887574,0.0182297421762295,0.0053433191035899,-19911.5036271654
889,499355,0.2,39.19,calcite,not applicable,21883.2956986822,102.888135909339,106.40681390353,22018.181664428,125.757814572091,125.434637524755,,,,22054.7552905,538.289244550004,299.549641304999,,,,21791.3225482032,141.769757182967,141.830184246784,21746.4878183488,315.221830271708,162.367376573875,-8.69,0.2,-4.39,0.2,1.07420552774683,0.291832949218408,0.0201289347215189,0.0048057234738642,-19933.2956986822
889,499356,0.2,39.39,calcite,not applicable,21890.3515267327,103.972377482201,107.042173209986,22036.4146637758,125.417437702923,124.818653935417,,,,22061.1253135,539.751814950003,304.146201155003,,,,21796.3865407747,140.915972196221,141.866485914485,21748.8274665078,318.154229589582,160.418236463698,-8.61,0.2,-4.04,0.2,1.1599025799637,0.36921065721803,0.0198327045120967,0.0060448522632015,-19940.3515267327
889,499357,0.2,40.01,calcite,not applicable,21912.9508483291,105.18194619357,108.175938880926,22093.6766209281,124.046464997853,123.780361326975,,,,22081.717973,541.074593699999,312.22318705,,,,21812.8651624678,147.567833840571,144.032827114428,21756.228285092,323.192660139401,156.579630533353,-8.59,0.2,-3.97,0.2,1.176240008125,0.364581341710493,0.018780151175,0.0060609254410016,-19962.9508483291
889,499358,0.2,40.21,calcite,not applicable,21920.2423062779,105.107680981815,108.041247339355,22112.0094576434,123.664820129587,123.3193518755,,,,22086.97081,543.250809099998,311.07193975,,,,21817.5631304072,149.909403223435,143.96698086819,21759.0364990972,323.599094769703,157.549361303933,-8.71,0.2,-4.03,0.2,1.87174241417682,7.73992613532103,0.019120357304878,0.0056731779099939,-19970.2423062779
889,499359,0.2,40.62,calcite,not applicable,21935.1900631771,106.324815551157,108.272106720171,22149.7080061522,123.568570120988,122.544236341455,,,,22100.8847524,538.0516465,309.419942,,,,21827.6068674154,152.008674918812,145.290181166754,21766.1213332941,322.735774785804,164.634195500777,-8.94,0.2,-3.9,0.2,1.18159714244512,0.314673505053631,0.0199203183170731,0.0060199801533598,-19985.1900631771
889,499360,0.2,41.03,calcite,not applicable,21950.0744295413,106.880754231846,108.784945296175,22187.3324342611,123.553149864911,122.077923274835,,,,22113.90342235,537.322736485003,308.242588054996,,,,21837.2153979928,157.356897133035,143.793404708453,21775.7559521595,319.772988082197,174.268814366234,-9.06,0.2,-3.5,0.2,1.20579176909937,0.868575740799015,0.0216622518198757,0.0069993920729787,-20000.0744295413
889,499361,0.2,41.44,calcite,not applicable,21964.2835613831,108.636438981335,109.316323334162,22225.1641363638,122.559574303108,121.818884201977,,,,22127.823218,534.358830799996,313.878898079998,,,,21847.7157036578,159.462519494755,144.756209892796,21787.8301654697,315.591244494146,186.343027676423,-8.91,0.2,-3.7,0.2,1.29904607100609,0.342117273431596,0.0179219483658536,0.0051563930702772,-20014.2835613831
889,499362,0.2,41.85,calcite,not applicable,21979.0289972478,110.084781323916,110.231255148283,22262.6543580764,121.95168205948,120.904736367662,,,,22142.404405,539.991944299996,317.325687750003,,,,21858.5637290047,166.088049068923,145.055195999525,21798.9145933398,313.200212355587,197.427455546465,-9.3,0.2,-4.15,0.2,1.22076549567073,0.320515526131499,0.0192589805487804,0.005472603730942,-20029.0289972478
889,499363,0.2,42.26,calcite,not applicable,21994.4786044486,111.279055916802,110.48513295739,22300.7597039567,121.296026226275,120.527188272681,,,,22156.487452,544.113996299999,318.901988460002,,,,21867.962643814,174.560801691237,144.320025219156,21804.9140547176,316.036651055274,203.426916924327,-9.3,0.2,-4.15,0.2,1.13858346752419,0.295610589516314,0.0192456602701612,0.005034469258486,-20044.4786044486
889,499364,0.2,42.88,calcite,not applicable,22017.1963463539,111.618136522582,112.828993288953,22358.1046821301,119.595886941832,118.729280626678,,,,22178.427886,545.185805099998,327.392673000006,,,,21884.0997255593,178.725441469629,146.026172307011,21816.4238272291,316.694991478067,214.936689435759,-9.52,0.2,-5.05,0.2,1.10711729196249,0.308951626472681,0.0211797170499999,0.0055197066135303,-20067.1963463539
889,499365,0.2,43.08,calcite,not applicable,22024.2874543696,112.003135891158,113.901615949457,22376.492022003,119.355865079622,118.30654725109,,,,22183.361012,551.742453799998,327.744385800004,,,,21889.1437219428,182.203858826226,146.039236174223,21820.1366570715,316.281015265376,218.649519278155,-9.3,0.2,-4.85,0.2,1.20838303855214,0.378617179659825,0.0157342672269938,0.0056883472521359,-20074.2874543696
889,499366,0.2,43.49,calcite,not applicable,22039.0386600723,112.957284853499,114.952261479142,22414.0937045435,119.376383602001,117.963071457074,,,,22197.600057,556.659267849998,335.924296438101,,,,21900.388735615,189.374172201511,148.386087344574,21827.7479582484,314.28917214178,226.260820455071,-9.3,0.2,-4.97,0.2,1.09624544693902,0.559935528191255,0.0047348578902439,0.002424656668491,-20089.0386600723
889,499367,0.2,43.9,calcite,not applicable,22053.935235452,114.834481527829,115.726593573698,22452.2101401332,118.898232574164,117.590193142238,,,,22212.20027,557.163581100005,341.660770449998,,,,21911.7489648333,195.709326954868,148.848220877673,21835.3592594253,311.09962030303,233.872121631983,-9.09,0.2,-5.13,0.2,1.34534766731097,0.32777177811578,0.0126788587195121,0.0045237445705088,-20103.935235452
889,499368,0.2,44.31,calcite,not applicable,22069.161134276,116.07946028548,118.034628790352,22489.5535419774,118.4657812687,116.75211071358,,,,22227.5748115,554.578087149999,349.905486360007,,,,21923.62871508,201.602040954531,150.889436612131,21842.9705606022,307.136232315785,241.175053773928,-8.95,0.2,-5.42,0.2,1.27027464895718,0.320360584066456,0.0158422808776758,0.0041377770317902,-20119.161134276
889,499369,0.2,45.13,calcite,not applicable,22099.4742655899,119.25416140832,121.632365507856,22565.0937630266,118.710143196229,115.742425398683,,,,22255.4676215,555.59846066,361.4937556,,,,21946.1173247938,211.142706583578,150.181538207165,21858.193162956,298.583386920269,245.875498484827,-9.42,0.2,-5.19,0.2,1.20381571165476,0.304001444158294,0.0169491266904761,0.0049170978236694,-20149.4742655899
889,499370,0.2,45.34,calcite,not applicable,22107.2010691901,120.024649513802,122.900008251709,22584.1502451469,118.386185505809,115.125869337291,,,,22262.612541,552.193994519999,363.334249560001,,,,21951.7807761372,213.765944041894,149.673470828406,21862.0916342905,296.577183710193,246.097957891321,-9.28,0.2,-5.28,0.2,1.1750360945119,0.29248778050555,0.0165548855357142,0.0039340090182539,-20157.2010691901
889,499371,0.2,48.5,calcite,not applicable,22221.7200893345,137.394414392289,141.74081182951,22875.7983499315,115.195759282455,111.717085629818,,,,22368.93018,549.763287499998,354.604905000004,,,,22051.0242453657,254.906481662078,164.251848615542,21920.7543458004,311.863996892123,201.775982855477,-9.12,0.2,-5.04,0.2,1.62535622537999,0.420664109377489,0.01783013089,0.0043178628461305,-20271.7200893345
889,499372,0.2,48.75,calcite,not applicable,22231.0640778372,137.551986357703,143.670360870965,22898.8381782861,114.435138268535,111.58511746363,,,,22378.6502125,545.96862625,357.06564375,,,,22059.3942090187,257.843409013731,165.399255884247,21929.8541605655,311.751368679983,199.628122614398,-8.85,0.2,-4.74,0.2,1.44344695959999,0.421409596980611,0.01972892248,0.0041933237264618,-20281.0640778372
889,499373,0.2,49.0,calcite,not applicable,22240.3914776443,139.111468520699,145.143796929104,22921.9536025429,113.627501127263,111.568983656365,,,,22388.776875,543.023282499995,362.811022500002,,,,22068.2319965196,259.663780045135,166.524832396586,21939.0292811364,311.476977617163,197.526387753704,-8.63,0.2,-4.62,0.2,1.3970343314625,0.302868948167523,0.018968410575,0.0060571914370906,-20290.3914776443
889,499374,0.2,49.2,calcite,not applicable,22247.7369625229,139.495471880378,147.91200983517,22940.3578895998,112.967638797123,111.477921613179,,,,22397.263494,544.245568499999,364.745182499999,,,,22075.8340347299,260.991903059581,166.914099874521,21946.5056296794,310.980346368193,196.020896709935,-9.18,0.2,-5.38,0.2,1.33837596886999,0.378792683432621,0.01910283919,0.0052242272215492,-20297.7369625229
889,499375,0.2,49.45,calcite,not applicable,22256.8846565716,140.480838851534,150.079944386951,22963.4461787026,112.24073238402,111.270304961407,,,,22403.54276775,544.527831750001,363.205967499995,,,,22085.1986147185,264.176856174025,168.134335823601,21956.0237955391,310.010588165405,187.130063531196,-9.06,0.2,-4.77,0.2,1.50049021896638,0.346097373958382,0.0163030235966386,0.0038558046395873,-20306.8846565716
889,499376,0.2,49.75,calcite,not applicable,22267.9278086308,141.826570473724,151.674940963861,22991.0205881349,111.846784976242,110.890487656885,,,,22413.4580875,546.532976250004,367.088830875,,,,22096.2548269823,267.506241401661,168.852706190966,21967.6564511114,308.422640209821,172.086912312276,-8.64,0.2,-4.67,0.2,1.68030562007692,0.535597826918863,0.0164460355384615,0.0038863369755131,-20317.9278086308
889,499377,0.2,50.01,calcite,not applicable,22277.8767467952,142.703569487006,152.384436294742,23014.9905657021,111.60347056243,110.826348901322,,,,22422.056736,552.548857199999,366.5079936,,,,22106.3585952719,269.123742635282,172.007658028,21977.8836656431,306.755529126473,159.275474132799,-8.72,0.2,-4.49,0.2,1.57435482747435,0.376197673608556,0.0152687584807692,0.0036329592876358,-20327.8767467952
889,499378,0.2,50.4,calcite,not applicable,22291.6559152367,144.956721313472,155.943010339619,23050.7931564216,111.710327618821,110.950273852857,,,,22438.135636,545.837792000006,365.226975499998,,,,22120.9291648382,269.990509783594,173.373781096805,21994.3442946536,302.969832201055,141.245250563028,-8.93,0.2,-4.67,0.2,1.61059737286029,0.401244643740102,0.0145819712573529,0.0041069150116897,-20341.6559152367
889,499379,0.2,50.74,calcite,not applicable,22303.6170463898,147.758304659434,157.208803876518,23082.2618389342,111.180960978763,110.871236809973,,,,22449.456758,545.967114219999,360.1076201,,,,22133.6431467967,272.129113825304,174.847154597664,22021.5559342089,286.73591972137,138.379364666427,-8.8,0.2,-4.28,0.2,1.75099326123076,0.435560371901085,0.0158291258021978,0.004400476958909,-20353.6170463898
889,499380,0.2,50.98,calcite,not applicable,22312.4086296606,149.310881571309,159.101494163133,23104.4441809644,111.275659821185,110.768702638881,,,,22459.410692,545.39879155,363.2451033,,,,22142.9425289472,272.676002858752,175.992721829061,22040.7644042882,275.285144449328,136.311001475766,-8.85,0.2,-4.04,0.2,1.31683600194736,0.247088116945871,0.0176638157763157,0.0039798714046869,-20362.4086296606
889,499381,0.2,51.17,calcite,not applicable,22319.2763247863,150.729629128393,159.997192822575,23122.1254646653,111.223613184469,110.867618839591,,,,22466.550608,552.4162975,362.894543999999,,,,22150.8682084338,272.464565434097,176.606697321084,22055.9310271875,266.285430136755,134.589880789899,-8.83,0.2,-3.73,0.2,1.52680787569642,0.349896119934273,0.0164920622321428,0.0028119860552478,-20369.2763247863
889,499382,0.2,51.31,calcite,not applicable,22323.9232863696,151.944459822116,160.027997347082,23135.0238467319,111.249372496342,110.942001722011,,,,22471.762252,551.268733249999,360.79084555,,,,22156.9180183056,272.121608211608,177.724128429745,22067.0768188076,259.697705732608,133.267832361173,-9.23,0.2,-4.7,0.2,1.4919317808351,0.38358775776739,0.0178403778723404,0.0049674696659358,-20373.9232863696
889,499383,0.2,51.78,calcite,not applicable,22340.801764343,154.54874746217,162.011491575198,23178.2163229245,110.597519419898,109.91182515517,,,,22489.969655,546.451877,362.997380700002,,,,22175.8856852533,273.935594500312,178.686934235091,22104.2917187423,237.832293301664,128.510496166189,-9.46,0.2,-5.81,0.2,1.28377846920999,0.309046283639008,0.02031786925,0.004251012392662,-20390.801764343
889,499384,0.2,52.03,calcite,not applicable,22350.1699278708,155.37347906272,164.763456239627,23201.1312850559,110.225525226291,109.763910965328,,,,22499.4923645,545.45342165,364.183323100002,,,,22186.1501775998,276.280971135206,179.481011920041,22123.9463199512,226.345297456406,125.789963512736,-9.72,0.2,-4.84,0.2,1.34819795088148,0.308257729837886,0.019929744874074,0.0043378970042571,-20400.1699278708
889,499385,0.2,52.37,calcite,not applicable,22362.2209981803,157.243244666777,165.529067630207,23232.5116122022,109.837527673444,109.270861862129,,,,22512.6321288,541.681144095,368.353774949999,,,,22201.3980488462,278.101207362281,180.952593816728,22150.5020267132,210.864077240538,121.892354370189,-9.42,0.2,-4.38,0.2,1.87983106156854,0.544837290173972,0.0161356087298387,0.004157996323507,-20412.2209981803
889,499386,0.2,52.99,calcite,not applicable,22384.5955331487,160.112043960733,169.175556129474,23289.6564777135,109.415911926993,107.913480162657,,,,22536.4918655,534.833686685,371.24718735,,,,22230.3057001161,277.258701348699,186.014573183525,22198.3485807821,182.988323887042,114.246150072897,-9.07,0.2,-4.9,0.2,1.85004820875724,0.454362314275241,0.0165896671195652,0.0040205541651218,-20434.5955331487
889,499387,0.2,53.68,calcite,not applicable,22409.9453145897,163.26876795906,173.356797027864,23353.1937039904,109.796947667117,106.820010020198,,,,22559.207745,545.2192292,376.6055266,,,,22261.9916122833,279.09550195358,190.257588905581,22250.7788967134,152.672985965339,105.246661753008,-8.92,0.2,-4.63,0.2,1.60831014029017,0.354186748094598,0.0180240915580357,0.0037363245808605,-20459.9453145897
889,499388,0.2,54.24,calcite,not applicable,22430.6824525358,166.870238261887,177.949238550886,23404.4446356479,110.504584692826,105.880953454642,,,,22583.05462,541.089326399997,387.115451980004,,,,22288.2673657601,278.493573441116,190.88931958763,22293.2338127471,129.54925033648,98.4476874196916,-8.81,0.2,-4.12,0.2,1.38114315006511,0.309756184793828,0.020824575516279,0.0045028999927073,-20480.6824525358
889,499389,0.2,54.78,calcite,not applicable,22450.0354230839,170.559587736607,181.808776210073,23454.0246182832,110.733851768437,105.785856409275,,,,22602.422958,550.872847099999,390.539962900002,,,,22315.8965434472,275.280433190779,192.561746543175,22334.6292516839,109.432067718139,93.1661036541664,-8.67,0.2,-3.86,0.2,1.48851694645,0.579827605263508,0.0218381792166666,0.0050082932045664,-20500.0354230839
889,499390,0.2,55.38,calcite,not applicable,22471.5689270906,175.566977066555,184.594053280147,23509.5231335401,110.43706580923,105.941382381781,,,,22624.932239,548.634072529996,395.521811900002,,,,22348.6710054511,270.889734688284,198.68361605376,22381.6757675239,90.5680476000671,89.5663921312007,-8.92,0.2,-3.93,0.2,1.8701859740052,0.334546733249791,0.0180343877395833,0.002896539020158,-20521.5689270906
889,499391,0.2,55.86,calcite,not applicable,22488.6697841284,180.215325768448,188.287157374929,23553.8947590567,110.700835727996,105.566209086326,,,,22642.042775,544.873051699997,393.224579500005,,,,22374.0535089673,269.736507461083,202.803739127434,22419.9563831236,78.543126923254,87.9518315729583,-8.93,0.2,-3.08,0.2,2.02660090355729,0.346878388101282,0.013985522109375,0.0026295814627673,-20538.6697841284
889,499392,0.2,60.04,calcite,not applicable,22646.3117003377,201.810220593026,217.509598514924,23939.8141993405,110.029318814504,106.174539528089,,,,22797.202061,528.729916800006,420.736581599995,,,,22638.9147937096,200.466661285798,219.201514034139,22742.7619299342,65.5246245248418,160.39152539759,-8.98,0.2,-5.2,0.2,2.23376403833333,0.43713033664751,0.01662333025,0.0026616929703285,-20696.3117003377
889,499393,0.2,60.16,calcite,not applicable,22664.6204463565,189.083843540295,206.586619246646,23950.9358987629,109.885534069108,106.295323508526,,,,22803.452951,524.635717500001,419.723404699998,,,,22650.2517598503,194.229860599033,215.966816687956,22752.1203790062,65.3517309072959,167.4467952208,-8.84,0.2,-5.28,0.2,2.2061297387972,0.307035947817018,0.0167572378601398,0.002526154473568,-20714.6204463565
889,499394,0.2,60.52,calcite,not applicable,22721.0494238566,156.137384103873,170.330338993699,23983.9470628758,109.786696406805,105.759617400858,,,,22822.25893,522.910458400002,416.366097919996,,,,22696.8121691094,168.457504262828,186.048027239798,22780.2628570622,64.5166928614126,183.981542693073,-9.05,0.2,-5.79,0.2,2.0512896903875,0.287510957682356,0.0177369423375,0.0029127403025258,-20771.0494238566
889,499395,0.2,60.72,calcite,not applicable,22753.5042982104,140.243326969907,151.295042789385,24002.5098962461,109.500736834947,105.430612302622,,,,22833.066814,519.903341699999,411.062857599994,,,,22730.16009896,149.584636021984,162.837063457231,22795.9253519922,63.85636709553,188.963739948053,-9.03,0.2,-5.62,0.2,2.22247875415714,0.345141664907842,0.0139821439285714,0.0028310746233324,-20803.5042982104
889,499396,0.2,61.07,calcite,not applicable,22807.7904189481,119.142542796257,124.63314340802,24034.715220111,109.393415354432,105.693518680044,,,,22852.1754925,513.313895049996,407.191572200001,,,,22795.2594406698,123.303731357973,128.794102672207,22823.3464252062,62.383312446218,187.703969426333,-8.88,0.2,-5.23,0.2,2.5005906529375,0.454527196532602,0.011148057171875,0.0025083414564756,-20857.7904189481
889,499397,0.2,61.39,calcite,not applicable,22856.1691091267,111.264959488566,104.448131635247,24064.1000253871,109.242565992543,105.168983929401,,,,22875.2291685,505.624296659997,412.194786100004,,,,22855.6636254636,107.712261117493,102.644138370746,22848.4124841541,60.7471859451471,174.48153176947,-8.87,0.2,-4.9,0.2,2.5016846068125,0.435353371551954,0.0129091904017857,0.0028304737273842,-20906.1691091267
889,499398,0.2,61.67,calcite,not applicable,22900.9818866359,104.042202942946,101.697290259086,24089.9601317012,108.96217110326,105.056553608192,,,,22891.4393215,501.356970200006,413.476983949997,,,,22904.5392056436,108.986164425132,102.299514638627,22870.3601430602,59.2134225767695,155.840689420053,-8.82,0.2,-5.15,0.2,2.17768675061538,0.464778545558455,0.0150399809423076,0.0029481390127335,-20950.9818866359
889,499399,0.2,61.93,calcite,not applicable,22942.4499380643,107.701369572675,111.051166814937,24113.9786868619,108.713619909184,105.380322167901,,,,22903.2356525,499.433228999995,412.972736650001,,,,22943.3216684104,115.572579545049,112.888543774126,22890.770771726,57.8068865753448,134.83353547049,-8.78,0.2,-5.2,0.2,2.27309825285185,0.483429377385995,0.0124951757703703,0.0031423468789955,-20992.4499380643
889,499400,0.2,62.27,calcite,not applicable,22973.5331789894,112.026535752437,113.825430621535,24145.4602207882,108.324273970498,105.781636347947,,,,22921.324844,497.813597964996,409.403570500002,,,,22980.5530274164,119.936379328883,121.252678171775,22917.5332657452,56.1464516628475,105.278100621781,-8.8,0.2,-5.11,0.2,2.40248042493,0.545068745526736,0.01331728009,0.0030619971493773,-21023.5331789894
889,499401,0.2,62.52,calcite,not applicable,22992.4210646756,111.549780364934,112.631077176989,24168.3386800141,108.880996200074,106.041218844632,,,,22934.447012,495.376516100005,413.070035299999,,,,23007.2546242111,124.260254547455,126.89095693906,22937.2823346771,55.1618773079717,86.5158097166641,-8.9,0.2,-5.3,0.2,2.53955886680172,0.583093856944631,0.0125286407241379,0.0030205873987422,-21042.4210646756
889,499402,0.2,62.81,calcite,not applicable,23014.7189833499,109.830847872512,113.154926455598,24195.201681329,108.391443300723,106.095861301848,,,,22953.6397555,487.957246950005,421.737214100001,,,,23037.2631255077,129.343466052786,135.623051080849,22960.2872063541,54.3882910747852,87.5526892400267,-8.88,0.2,-5.63,0.2,2.52813369047368,0.477747776667249,0.0147068135657894,0.0029080737091215,-21064.7189833499
889,499403,0.2,63.0,calcite,not applicable,23029.0758471548,109.558283650735,113.235038577332,24212.5951642648,108.750916204583,106.131541083749,,,,22966.48525,489.741020000001,423.236197499999,,,,23057.6520492501,134.987407422523,144.041099889702,22975.4253025489,54.1528918970143,89.8538045710702,-8.82,0.2,-5.84,0.2,2.48949183771969,0.527247182719175,0.0134000876742424,0.0037370086295962,-21079.0758471548
889,499404,0.2,63.33,calcite,not applicable,23054.964700565,108.485087779136,112.736384221378,24243.2193298959,108.689859250648,106.411048657388,,,,22986.89936465,488.628363199998,430.132085800004,,,,23091.2756412366,140.108349579623,154.558153224945,23001.8502021678,54.3113888043372,97.6711431983967,-9.0,0.2,-6.14,0.2,2.49117593822127,0.541752440808203,0.0126497243617021,0.0029947582858297,-21104.964700565
889,499405,0.2,63.92,calcite,not applicable,23100.8749583153,108.266825375009,112.820442331071,24297.5122304381,108.337388465941,105.676252202629,,,,23017.437849,491.587348899993,443.086197799999,,,,23150.1847305159,150.387886173939,176.764763196268,23049.405735159,55.9291902204423,121.212408316485,-8.95,0.2,-6.24,0.2,2.84821530913888,0.816487507631757,0.0135388540092592,0.0030266738882004,-21150.8749583153
889,499406,0.2,64.19,calcite,not applicable,23122.1148086677,108.462210039732,113.108680686506,24322.2953860405,108.332935830746,105.240271713905,,,,23033.1601575,491.45308435,447.364216450002,,,,23176.6995379078,156.018478165468,187.708630559944,23071.2459411819,56.9995221851314,134.673848517665,-9.0,0.2,-6.27,0.2,2.56952153990384,0.790061074482561,0.0128481437371794,0.0034663912879548,-21172.1148086677
889,499407,0.2,64.58,calcite,not applicable,23151.1194567977,110.054328819249,112.538234589465,24358.5243227864,108.048948274274,105.300863256012,,,,23053.830852,501.190680600001,449.529248449995,,,,23214.0671392407,162.890700077816,202.650882935221,23102.8141467323,58.6308870636058,155.464156350576,-9.6,0.2,-6.2,0.2,1.6075610972459,0.4034889751384,0.0136745371926229,0.0039553697573595,-21201.1194567977
889,499408,0.2,65.19,calcite,not applicable,23197.5617190558,113.429278216165,113.804608028084,24414.8628200524,107.409014189099,105.855956801555,,,,23085.300562,514.0592536,447.192784449999,,,,23269.7581508424,171.840720744902,222.9990974338,23152.0852257721,60.7181424093287,187.281627588189,-9.39,0.2,-6.26,0.2,1.33389434685116,0.338016508213738,0.0173717108744186,0.0046382537616117,-21247.5617190558
889,499409,0.2,65.73,calcite,not applicable,23239.0881034243,113.905449433609,116.290946856807,24464.7569353768,106.770984189399,105.711873281842,,,,23117.2499275,511.272858299999,436.1607592,,,,23316.8235605028,182.036498375706,240.191728109774,23173.9973376684,83.1636867717752,190.805839816916,-9.48,0.2,-6.35,0.2,1.81401067143292,0.518119122043626,0.0120405375731707,0.0041147547024511,-21289.0881034243
889,499410,0.2,66.14,calcite,not applicable,23269.7168435489,117.674160991275,117.773946667628,24502.551082583,106.880897402436,105.306847077292,,,,23142.674311,518.3607385,442.363632900004,,,,23351.8165110693,189.492406037705,254.433809945211,23190.3306014344,99.927857560866,191.95429775141,-9.41,0.2,-6.17,0.2,1.53898439445673,0.570946718073067,0.0167326272451923,0.0066511026113544,-21319.7168435489
889,499411,0.2,66.66,calcite,not applicable,23309.2786452503,120.09645249075,119.537884931895,24550.4154814041,107.330234060297,105.655120697913,,,,23180.688143,523.443596000001,453.4355583,,,,23395.834581985,197.045255341,270.814576355064,23210.850567339,120.86011478912,192.724351714394,-9.5,0.2,-5.86,0.2,1.66902761093837,0.666662287902434,0.0163913974229691,0.0064232557747898,-21359.2786452503
889,499412,0.2,67.56,calcite,not applicable,23378.1689380036,126.940682442571,125.464063671963,24633.4794320915,106.732838400498,105.707743742645,,,,23239.592977,535.9310004,467.319127520001,,,,23466.3008155002,212.050149031635,292.837242506946,23245.7572747211,156.993590931379,195.12712065953,-9.62,0.2,-5.73,0.2,1.2296796129423,0.348332844956932,0.0184597595897435,0.0058418000087144,-21428.1689380036
889,499413,0.2,67.95,calcite,not applicable,23408.3182213427,130.839774464908,128.476519031356,24669.6029956596,106.53721862052,105.171768468022,,,,23266.761935,539.084781749996,477.538022250006,,,,23494.6242216734,220.343285760449,298.954814259479,23260.7384964026,172.879362598262,196.761220630928,-9.58,0.2,-5.56,0.2,1.23676927860839,0.305417554279053,0.0177170186153846,0.0049115776793482,-21458.3182213427
889,499414,0.2,68.31,calcite,not applicable,23435.3775234867,134.674761440467,129.746513448597,24703.1471933758,106.512200100718,105.491916915787,,,,23293.84209,546.687533500004,492.850271200001,,,,23521.4164084902,226.509881642505,307.860447016643,23274.5842227988,187.78180917355,198.318479244554,-9.34,0.2,-4.95,0.2,1.79400959735606,0.362391635907631,0.0135277210833333,0.0028411217486439,-21485.3775234867
889,499415,0.2,68.64,calcite,not applicable,23460.5863477605,138.330591578466,132.228376059247,24733.4791173692,106.456692764241,106.188636659081,,,,23310.886857,568.729567499995,500.1824853,,,,23545.8671991488,231.569084410487,316.020749875872,23287.3440957728,201.707474981591,199.628244674655,-9.08,0.2,-4.69,0.2,1.63507571433928,0.324870234472672,0.0118509656339285,0.0026754366076454,-21510.5863477605
889,499416,0.2,68.92,calcite,not applicable,23482.2006332261,140.830482934765,133.654962920249,24759.4274156768,106.109097904526,106.408405197773,,,,23327.671252,587.222999400001,510.202388999998,,,,23566.6981447161,234.31052171985,320.014015137644,23298.2578077586,213.765035425924,200.544186823492,-9.25,0.2,-4.79,0.2,1.51622006824603,0.504438811403965,0.0112434569682539,0.004266244526198,-21532.2006332261
889,499417,0.2,69.24,calcite,not applicable,23507.0516767649,144.467675618362,137.308332384753,24788.7552665402,106.63377134371,106.398822061066,,,,23347.518546,599.63364,515.709650699999,,,,23588.1212430044,238.998686353974,323.349235423331,23310.8614191444,227.856369650395,201.286166484944,-9.15,0.2,-4.79,0.2,2.26705123730555,2.52527758865823,0.0132994603388888,0.0053687116785409,-21557.0516767649
889,499418,0.2,69.69,calcite,not applicable,23540.6878969432,150.943899201815,142.573220426377,24830.3876223059,106.74010302301,106.210760899063,,,,23373.9530375,631.232190500003,526.995496899999,,,,23617.6758994007,245.525737680062,330.882011160847,23328.7802157178,248.192805090024,202.13502931704,-9.28,0.2,-4.72,0.2,1.08472999505729,0.307664877953668,0.0186777862083333,0.0061030309925435,-21590.6878969432
889,499419,0.2,70.17,calcite,not applicable,23576.304529627,157.719545837146,147.720386852641,24874.6673991283,106.230253865808,105.851011651765,,,,23405.1122025,645.407472649997,532.199487599999,,,,23649.537276998,249.659836088351,337.760204632978,23348.0182231483,270.420786134284,203.646581085417,-9.22,0.2,-4.57,0.2,1.10999030878571,0.228381397333949,0.0167283260238095,0.0042210322999109,-21626.304529627
889,499420,0.2,70.38,calcite,not applicable,23592.5127688587,160.653505787435,151.197811534599,24894.1435197219,106.165189493153,106.454263525233,,,,23421.210411,644.498577300001,523.617550000003,,,,23663.0938389191,253.867421945659,340.22327559426,23356.4377172136,280.279404683948,204.758843443018,-9.25,0.2,-4.84,0.2,1.27530472402962,0.303465005146768,0.0152109991555555,0.0044474313293085,-21642.5127688587
889,499421,0.2,70.72,calcite,not applicable,23618.2449376612,165.822257306703,156.575212257834,24925.3968882173,106.087347721936,106.730000929601,,,,23443.307806,648.671350399996,508.201536550001,,,,23684.2761308778,258.472132300467,344.024479664538,23370.0291504957,296.36706817778,207.438057908097,-9.22,0.2,-4.58,0.2,1.25613216562,0.281672378602274,0.01370481525,0.002894043863291,-21668.2449376612
889,499422,0.2,71.23,calcite,not applicable,23656.579292938,172.687273073254,163.626499431339,24972.5922567614,106.327714494972,107.804995241597,,,,23486.4635395,640.050958799999,505.1988857,,,,23715.135325742,265.430464007637,349.362503560042,23390.2265147769,320.67870086147,214.111226028057,-9.44,0.2,-4.06,0.2,1.28982279367441,0.261678578209956,0.0142630362093023,0.002887122173417,-21706.579292938
889,499423,0.2,71.8,calcite,not applicable,23700.1826855816,179.529093124722,169.153273396816,25025.2408766802,106.353832889043,107.980166604506,,,,23534.2258,647.754234349999,504.573943000003,,,,23749.8336573663,268.972288453333,354.188832687607,23412.6321752974,347.863991149366,223.248014437911,-9.34,0.2,-4.21,0.2,1.84386417001886,0.357568868280928,0.0109123143584905,0.0016302886752683,-21750.1826855816
889,499424,0.2,71.94,calcite,not applicable,23711.570079368,180.348162947474,170.956966731563,25037.8892582036,106.855968790071,107.724525806589,,,,23546.52975,644.534311599997,507.759920300003,,,,23757.6764641186,270.831710674298,354.887111780794,23418.1558025205,354.506239996841,225.090274629816,-9.33,0.2,-4.28,0.2,1.55296478440875,0.492671815848179,0.0147336746350364,0.0030181265087,-21761.570079368
889,499425,0.2,72.8,calcite,not applicable,23777.2942044363,195.570651990543,180.779607602122,25116.9073994427,108.889790185662,109.294650805667,,,,23613.170986,671.916567,530.357600500003,,,,23806.0720633216,283.765135391379,358.407780722904,23452.8219752145,394.59220991176,225.114919004016,-9.14,0.2,-4.09,0.2,1.24716626001449,0.286049192220514,0.0184651711449275,0.003985246540568,-21827.2942044363
889,499426,0.2,73.26,calcite,not applicable,23812.0692542878,202.321320155825,187.732874942645,25159.2716421623,109.351225839317,109.930035137193,,,,23651.2718,699.907567399998,545.367452600003,,,,23831.0404724315,289.605802617698,356.704655545498,23472.2167641119,415.284070130758,212.504806592013,-9.09,0.2,-4.06,0.2,1.24790720967841,0.365955516031279,0.0188783766387665,0.0057526396879398,-21862.0692542878
889,499427,0.2,73.68,calcite,not applicable,23844.9483131946,208.691125511865,194.307315739094,25197.9082557312,109.539370906496,109.91881586612,,,,23684.521075,713.683458649997,558.747534399998,,,,23854.2517840737,294.331674675814,353.500928269354,23490.1996231391,433.965679876397,196.973283094056,-8.86,0.2,-4.14,0.2,1.26835619497297,0.435824288030564,0.0187747663453453,0.0074254228820445,-21894.9483131946
889,499428,0.2,74.3,calcite,not applicable,23891.2654168699,218.008883752533,198.450899512376,25255.1359902456,110.43399140612,110.525845506458,,,,23735.631325,751.422952499994,582.96290975,,,,23888.9289043957,298.483801032537,354.62244212006,23515.8220163946,462.443016430199,187.544681991829,-9.3,0.2,-4.16,0.2,1.26354523938622,0.352862571235183,0.0170799671407185,0.0052875327438418,-21941.2654168699
889,499429,0.2,82.0,calcite,not applicable,24481.7286447051,331.146113261912,313.66104867158,25963.7241735393,118.255927424463,119.039627857605,,,,24337.563475,911.45913825,768.932522499999,,,,24309.3012313297,374.85739421703,344.264801145076,23543.0770522128,1047.90549393112,214.79971781002,-8.49,0.2,-3.76,0.2,1.374342815326,0.413327239459844,0.0168729058021978,0.0047137803667635,-22531.7286447051
889,499430,0.2,82.51,calcite,not applicable,24520.3313961199,340.390699618023,320.991900856978,26010.5476392967,119.31174701449,120.19666826339,,,,24384.1240865,907.695003000001,790.608788200003,,,,24340.4292303958,382.4367143989,348.285789730093,23544.8822558839,1083.30545297791,211.699592280955,-8.72,0.2,-4.43,0.2,1.32915084822962,0.393604159280714,0.020558615,0.0065850996877508,-22570.3313961199
889,499431,0.2,83.01,calcite,not applicable,24558.5375923116,347.217853967381,328.377919492028,26056.2761043909,121.030998455277,120.857506548738,,,,24431.8035425,906.918765500002,824.691396554997,,,,24371.1196443926,383.139904280219,350.565937181174,23586.4297773176,1078.26944215576,244.472425703134,-9.06,0.2,-5.26,0.2,1.45681661140363,0.411693758385136,0.0169165931054545,0.005001497930274,-22608.5375923116
889,499432,0.2,83.52,calcite,not applicable,24597.1870086923,354.875411599922,334.90344534424,26103.0288463982,122.627610978187,122.025056080205,,,,24472.805752,939.034849500003,846.100620900001,,,,24402.5687228003,390.235874574821,354.0529683124,23629.0524700672,1072.52271671829,273.505308144249,-9.05,0.2,-5.32,0.2,1.65200020526022,0.432337715250209,0.0144525843977695,0.0048959422918785,-22647.1870086923
889,499433,0.2,84.02,calcite,not applicable,24635.9031810038,362.398409574376,343.093110785601,26149.0252162886,123.919596469288,122.549898430796,,,,24513.187197,963.4408988,867.341906000001,,,,24432.8344156395,396.005357318289,357.150893254282,23670.0482088581,1067.84305936798,295.247029107213,-8.95,0.2,-5.66,0.2,1.75352975398909,0.503754044409046,0.0157636304545454,0.0054555873495208,-22685.9031810038
889,499434,0.2,84.53,calcite,not applicable,24675.8846705176,369.535942895793,352.618472404822,26196.4174278724,124.201034106274,123.812996057412,,,,24559.64643675,979.917811799998,897.013112950001,,,,24465.3100319198,404.62632575403,361.070087117889,23712.7815878437,1063.07152376879,310.682129205878,-9.26,0.2,-5.61,0.2,1.74133152894074,0.405797158623311,0.0165370198037037,0.0041523537923216,-22725.8846705176
889,499435,0.2,85.03,calcite,not applicable,24713.5417540588,377.913108691901,359.825794808363,26242.5301555388,124.94132994975,124.420546209563,,,,24596.91519,1031.389913,915.379409699999,,,,24497.7554927414,411.757037872543,364.033392335255,23757.256502336,1057.4488293769,319.317226482515,-9.34,0.2,-5.87,0.2,2.17007882158759,1.79220186078399,0.0193261924452554,0.0101597121977335,-22763.5417540588
889,499436,0.2,85.54,calcite,not applicable,24752.134489497,386.694304459772,368.828496051341,26289.4947890328,125.591567419844,125.047726155273,,,,24644.230604,1010.4027622,909.281829300002,,,,24533.5904370504,418.498219276404,370.244229693941,23806.3533105528,1050.00292440488,321.831851728741,-9.28,0.2,-5.61,0.2,1.6073417930109,0.416114903746595,0.0161128412836363,0.0045365909023084,-22802.134489497
889,499437,0.2,86.05,calcite,not applicable,24791.7749272151,393.527893942144,378.219642018114,26336.559843561,126.213255799423,126.376128435535,,,,24687.46318,1004.81160625,910.627604750007,,,,24569.5484375703,425.045701560342,373.472498018742,23858.2528952011,1040.82380214072,319.059571677033,-9.41,0.2,-5.44,0.2,1.67077604586245,0.420692082920825,0.0160182283680297,0.0043538955243457,-22841.7749272151
889,499438,0.2,86.55,calcite,not applicable,24830.2034098393,401.358714314061,386.23802090438,26382.8276492706,126.72866959784,127.627520435344,,,,24735.205705,1015.74432925,911.752999500004,,,,24607.4602857498,430.343667583737,377.158768949637,23941.9300085084,998.861035525621,343.815088824049,-9.36,0.2,-5.41,0.2,1.43647966441818,0.482175995700299,0.0180765158254545,0.0056108092739071,-22880.2034098393
889,499439,0.2,87.06,calcite,not applicable,24869.5772928426,409.576387995763,395.367102300632,26429.6685711425,127.671943229365,128.101223568243,,,,24788.787129,1028.5758646,931.60210235,,,,24646.0416503256,437.09334454923,382.970591024477,24048.5719423205,933.366055517716,387.510437397363,-9.11,0.2,-5.29,0.2,1.65550486027777,0.531380124492915,0.0167844750296296,0.0053902685242381,-22919.5772928426
889,499440,0.2,87.56,calcite,not applicable,24908.4643701488,417.13505333841,404.806458765237,26476.0664284088,127.85048355268,129.414463241748,,,,24835.24097,1050.89300634999,949.448148700001,,,,24685.8834999126,442.4365151405,390.218789319981,24151.3077687575,869.248714140042,427.7708330885,-8.93,0.2,-5.25,0.2,1.56688794176727,0.456765679146593,0.0177807768872727,0.0055884468728768,-22958.4643701488
889,499441,0.2,88.07,calcite,not applicable,24948.5706338628,424.391483616819,414.641272240857,26522.9280741109,128.852880175498,130.184708558652,,,,24881.661395,1078.06071999999,961.008034299997,,,,24731.4981737746,446.118461689573,398.069271528031,24254.7433874107,805.583071374182,467.358779606508,-8.99,0.2,-4.96,0.2,1.50390097294852,0.461748354184068,0.0197154475698529,0.0059776040757881,-22998.5706338628
889,499442,0.2,88.58,calcite,not applicable,24988.0743146523,432.005553929594,422.461192462131,26570.2518430009,129.153002734081,131.160757402809,,,,24929.717374,1096.5800867,974.627502400002,,,,24774.8435794916,449.684567698743,403.000971047451,24357.7443142638,745.339119695618,463.81198985509,-9.11,0.2,-5.25,0.2,1.60619688555762,0.54252476376818,0.0171987378698884,0.0070387762147464,-23038.0743146523
889,499443,0.2,89.08,calcite,not applicable,25026.1989776712,438.957633240883,429.414987242519,26616.7033327446,129.518204415886,131.888752822248,,,,24973.993166,1140.125698,989.415743850004,,,,24821.0795088409,454.662612301898,414.667331293549,24459.2090372648,691.218247037265,441.972719406283,-8.66,0.2,-4.22,0.2,1.45752412846181,0.601180368080971,0.0181574658945454,0.0067137520287063,-23076.1989776712
889,499444,0.2,89.59,calcite,not applicable,25065.1967957409,447.077217136033,436.562291155478,26663.9688146304,130.066068960576,132.587872080632,,,,25014.8585615,1163.0381974,996.693314549997,,,,24865.8156630611,463.09894207662,421.55739637871,24563.7407074684,642.091824113893,422.714338972837,-8.66,0.2,-3.93,0.2,1.56230150536802,0.505530165937383,0.0184722085762081,0.0061864217800817,-23115.1967957409
889,499445,0.2,90.09,calcite,not applicable,25102.5400882464,455.794621800851,442.903158584952,26710.3036376286,130.683170618599,134.418036601397,,,,25061.160433,1186.1264878,1013.29759735,,,,24913.4181522511,470.844560352816,432.442990782951,24666.8571311877,599.410281743727,406.566425598503,-8.55,0.2,-4.01,0.2,1.48840037670437,0.487482119829563,0.0191572463759124,0.0069392886864888,-23152.5400882464
889,499446,0.2,90.6,calcite,not applicable,25141.1459924243,464.136840627714,449.74011910602,26757.2816827828,131.660275618811,135.144994635139,,,,25115.699095,1176.61678,1028.5292343,,,,24963.3700038525,478.89210595348,441.758796431295,24772.1480105941,560.746915597741,392.440459414331,-8.69,0.2,-3.82,0.2,1.53477653574626,0.52764621347119,0.0196711655447761,0.0070061585500761,-23191.1459924243
889,499447,0.2,91.1,calcite,not applicable,25179.4678065251,471.790417372675,456.769103462208,26803.5421207496,133.213727714367,136.513737415571,,,,25163.82919,1176.284416,1050.397921,,,,25013.4599832295,477.99094058399,449.171669411488,24874.9639211949,526.91777319667,380.458415376652,-8.7,0.2,-3.57,0.2,1.53080970826373,0.55589011127678,0.0202116929487179,0.0083722323494533,-23229.4678065251
889,499448,0.2,91.61,calcite,not applicable,25218.198131425,480.406361115107,464.510204107308,26850.5474180195,134.834114731937,137.013026461951,,,,25210.0436745,1175.47796235,1054.808120125,,,,25068.8239153935,479.670841532916,459.55200780138,24979.0269056648,495.969524279004,369.493629281056,-8.78,0.2,-3.53,0.2,1.37687652155223,0.564345708477193,0.0185349764850746,0.0071878956429852,-23268.198131425
889,499449,0.2,92.11,calcite,not applicable,25256.3245787303,488.846932000968,472.614148732668,26896.577865876,135.743971516451,137.78241338006,,,,25254.4834345,1192.7725596,1048.3032785,,,,25123.5267893221,481.484970670117,465.68439779121,25080.1853599561,468.787199969858,358.906245284801,-8.78,0.2,-3.2,0.2,1.53816537530036,0.588953458030173,0.0180873006739926,0.0076664828636094,-23306.3245787303
889,499450,0.2,92.62,calcite,not applicable,25294.1943551056,498.169922210061,480.122740407889,26943.6955424873,136.49347439106,138.796919282584,,,,25307.128985,1204.9907085,1057.1182053,,,,25182.8376550096,490.087021444153,473.8020475181,25182.4553885971,443.981089693694,347.114207308419,-8.66,0.2,-3.11,0.2,1.47461403352205,0.525071270435265,0.01906172025,0.0067724703659169,-23344.1943551056
889,499451,0.2,93.13,calcite,not applicable,25333.8115998371,505.080628425789,489.605609499213,26990.4603973952,137.713668987326,139.547669536878,,,,25356.9132985,1204.439385,1072.18726875,,,,25242.1406211681,489.777253893259,478.914232711872,25283.7767711395,421.817633838062,333.171125369689,-8.69,0.2,-3.21,0.2,1.45819373839179,0.499297210923903,0.0212286672089552,0.0085931996540387,-23383.8115998371
889,499452,0.2,93.63,calcite,not applicable,25371.5868390053,512.596346210095,497.706993620282,27036.6236524362,138.065797303432,140.807027654228,,,,25406.6110115,1207.8982635,1097.86990085,,,,25301.9816946432,490.108421584868,484.870487542812,25382.4388572006,402.279683617544,318.685841468148,-8.72,0.2,-3.21,0.2,1.59226315851838,0.504041811314868,0.0189684789889705,0.0072939253562599,-23421.5868390053
889,499453,0.2,94.14,calcite,not applicable,25411.213858069,519.01823258385,505.165957116169,27083.840258339,137.962350482849,142.585451097213,,,,25456.694193,1227.0036177,1113.6949432,,,,25364.9188420416,499.055968521727,493.221247147107,25483.1888138122,384.050075285293,309.119895444594,-8.82,0.2,-3.36,0.2,1.31406568158801,0.436848207178837,0.0191857846367041,0.006131030656708,-23461.213858069
889,499454,0.2,94.64,calcite,not applicable,25449.9849578582,525.966591469587,513.76427892251,27129.992070956,139.289473270823,143.513307086618,,,,25505.84444,1258.4245802,1130.7038355,,,,25430.1351187736,501.419413135445,504.486183000517,25582.9164723898,367.304888156938,311.260414689248,-8.87,0.2,-3.32,0.2,1.52235148222344,0.565728529191916,0.0190496448205128,0.006653323850897,-23499.9849578582
889,499455,0.2,95.15,calcite,not applicable,25521.2365191402,527.330122769072,512.834831323056,27176.6777135734,141.482578366573,143.82698443448,,,,25567.1351,1254.210109,1154.37454875,,,,25501.0053701157,504.23054273217,518.671198681794,25686.468064187,350.828904964557,331.727056347128,-8.72,0.2,-3.13,0.2,1.47772048332234,0.43560188184317,0.0182858382161172,0.0052593752266834,-23571.2365191402
889,499456,0.2,95.66,calcite,not applicable,25674.7500241532,512.67572931914,491.840638781669,27223.642271083,142.75802476325,144.314984610104,,,,25673.700535,1233.8252901,1187.8103367,,,,25587.7763455846,504.323752008004,522.42658164294,25792.2310806718,335.046358949836,373.238443635069,-8.86,0.2,-3.16,0.2,1.72462827592537,0.504702577425863,0.0130890957388059,0.0044868570674948,-23724.7500241532
889,499457,0.2,96.16,calcite,not applicable,25829.9776050264,502.361732787846,486.444231205394,27269.8049841274,143.79931802439,145.301719184055,,,,25781.27516,1197.9477995,1244.250721,,,,25692.5560023373,497.202551042523,523.000596282913,25897.590650898,321.376247545497,430.224503228634,-8.86,0.2,-3.22,0.2,1.64373466868864,1.88957346265222,0.0156574744688644,0.0044525134362211,-23879.9776050264
889,499458,0.2,96.67,calcite,not applicable,25992.1764980087,494.280767442677,492.950870072626,27316.9219966554,144.544167002568,146.748628973215,,,,25879.513695,1234.2551035,1270.5912834,,,,25812.029302821,497.93384134701,516.589648691704,26006.1905497534,310.531111674471,500.062950532909,-8.72,0.2,-3.1,0.2,1.40224899786142,0.320540276498723,0.0183902788389513,0.0051338141704801,-24042.1764980087
889,499459,0.2,97.17,calcite,not applicable,26146.8686310773,499.904384741596,498.996339270252,27362.9191068491,144.998868737472,147.878216275261,,,,25974.1838275,1267.9507089,1299.590158,,,,25948.8552211918,487.370920111145,517.794776409071,26113.220297725,304.144633567339,575.241060323086,-8.77,0.2,-3.29,0.2,1.49787633882051,0.429968386145892,0.0182127643882783,0.004051425554855,-24196.8686310773
889,499460,0.2,97.68,calcite,not applicable,26308.7081991237,521.258456035554,523.366210799908,27409.5555832271,146.462090865691,147.96713154755,,,,26070.307785,1290.0357994,1348.0867687,,,,26099.933360906,489.809114675834,531.377500483843,26222.6391441583,302.114468412408,653.866437583813,-8.81,0.2,-3.19,0.2,1.42396365106343,0.357757192703236,0.0197761698992537,0.0050291704487071,-24358.7081991237
889,499461,0.2,98.18,calcite,not applicable,26464.0060683248,539.040052524233,552.570547512027,27455.7352241492,147.670010805181,148.817775656913,,,,26154.74558,1351.1135005,1390.49301455,,,,26255.9786691784,527.280253143043,542.089500652597,26330.2037104238,303.062916005452,728.087091211823,-8.89,0.2,-3.09,0.2,1.48641330857142,0.356111382491939,0.0192349716373626,0.0051469605679979,-24514.0060683248
889,499462,0.2,98.69,calcite,not applicable,26620.4732945294,580.030085504153,587.259196097788,27502.5792029913,148.943953103924,149.386999714108,,,,26239.540749,1433.299445,1444.371871,,,,26425.0098574885,578.03532840114,578.421738459267,26440.2960443246,305.39531971074,795.975891468654,-8.8,0.2,-2.96,0.2,1.72015940093916,0.427437483787359,0.017620454825095,0.0050830854634188,-24670.4732945294
889,499463,0.2,99.19,calcite,not applicable,26772.5841484738,617.24443272291,613.420997426481,27548.6233994683,149.759212076042,150.022907366834,,,,26336.318714,1506.4190315,1506.80875515,,,,26594.8506801336,641.725907183103,614.90409225292,26548.6728328066,307.450364701748,850.232177760066,-8.91,0.2,-3.32,0.2,1.61998734264179,0.403139214440884,0.0173171933171641,0.0053542920159778,-24822.5841484738
889,499464,0.2,99.7,calcite,not applicable,26919.6740290765,664.880788490591,660.777473530226,27595.5965450286,151.238317729214,151.389900229558,,,,26420.92525,1624.129405,1549.987329,,,,26782.998976821,704.550526768355,691.926821029629,26659.5907511308,308.626619023467,894.23709159554,-9.01,0.2,-2.82,0.2,1.65891383642971,1.10095919066267,0.0129287251526104,0.0033132265485714,-24969.6740290765
889,499465,0.2,100.21,calcite,not applicable,27078.5258997196,714.674122573517,696.168431925144,27642.5534356983,152.215053202788,152.788780729763,,,,26551.963645,1637.83371945,1533.63319505001,,,,26969.9323104147,774.393231939746,764.079907285493,26770.593786135,309.463912950821,936.256166531923,-8.68,0.2,-2.88,0.2,1.7009212142317,0.486841681036366,0.0121561909715447,0.0034677727174169,-25128.5258997196
889,499466,0.2,100.71,calcite,not applicable,27230.9255720733,772.147281260593,745.02321749059,27688.9164668222,152.727794220093,153.549430393021,,,,26726.96618,1514.1372489,1474.6871005,,,,27156.3825098225,858.9327742409,831.432978554538,26879.2046831786,310.61628761403,985.274661057061,-8.38,0.2,-2.76,0.2,1.52898982665476,0.652768799000014,0.0135933101547619,0.006320654363132,-25280.9255720733
889,499467,0.2,101.22,calcite,not applicable,27390.4100536733,815.556473881988,790.44938654844,27735.6030764892,153.893048097252,154.344344787001,,,,26912.829875,1378.1496604,1409.72206665,,,,27352.3386849482,939.718665141907,921.109695054394,26989.4697419238,312.793388511636,1052.65798194155,-8.55,0.2,-2.99,0.2,1.76522690178787,0.340225283845487,0.0188081832727272,0.003591939269614,-25440.4100536733
