year_ce,d13c,sample_id,entity_id
-24.90,-8.54,104581,209
-24.64,-8.76,104580,209
-24.39,-8.67,104579,209
-24.16,-8.83,104578,209
-23.92,-9.02,104577,209
-23.71,-8.86,104576,209
-23.43,-8.92,104575,209
-23.21,-8.84,104574,209
-22.98,-8.83,104573,209
-22.74,-8.91,104572,209
-22.46,-8.99,104571,209
-22.15,-8.74,104570,209
-21.89,-8.82,104569,209
-21.66,-8.78,104568,209
-21.42,-8.75,104567,209
-21.20,-8.89,104566,209
-20.95,-8.97,104565,209
-20.69,-8.94,104564,209
-20.39,-8.88,104563,209
-20.14,-8.88,104562,209
-19.88,-8.83,104561,209
-19.64,-9.14,104560,209
-19.39,-9.18,104559,209
-19.14,-9.13,104558,209
-18.87,-9.25,104557,209
-18.61,-9.25,104556,209
-18.34,-9.2,104555,209
-18.10,-9.35,104554,209
-17.83,-9.24,104553,209
-17.59,-9.26,104552,209
-17.29,-9.12,104551,209
-17.04,-8.95,104550,209
-16.82,-8.83,104549,209
-16.60,-8.71,104548,209
-16.34,-8.64,104547,209
-16.09,-8.48,104546,209
-15.83,-8.54,104545,209
-15.56,-8.66,104544,209
-15.34,-8.48,104543,209
-15.05,-8.63,104542,209
-14.81,-8.55,104541,209
-14.51,-8.7,104540,209
-14.24,-8.66,104539,209
-13.95,-8.55,104538,209
-13.67,-8.55,104537,209
-13.41,-8.53,104536,209
-13.14,-8.6,104535,209
-12.88,-8.61,104534,209
-12.61,-8.8,104533,209
-12.29,-8.73,104532,209
-12.03,-8.66,104531,209
-11.76,-8.75,104530,209
-11.49,-8.71,104529,209
-11.22,-8.72,104528,209
-11.00,-8.72,104527,209
-10.73,-8.66,104526,209
-10.52,-8.66,104525,209
-10.25,-8.62,104524,209
-9.96,-8.46,104523,209
-9.70,-8.47,104522,209
-9.44,-8.08,104521,209
-9.16,-8.02,104520,209
-8.87,-7.83,104519,209
-8.61,-7.83,104518,209
-8.34,-7.8,104517,209
-8.09,-7.66,104516,209
-7.80,-7.55,104515,209
-7.56,-7.48,104514,209
-7.27,-7.3,104513,209
-7.01,-7.51,104512,209
-6.74,-7.64,104511,209
-6.47,-7.8,104510,209
-6.21,-7.93,104509,209
-5.95,-8.33,104508,209
-5.71,-8.13,104507,209
-5.46,-8.22,104506,209
-5.15,-8.29,104505,209
-4.92,-8.24,104504,209
-4.67,-8.25,104503,209
-4.36,-8.28,104502,209
-4.08,-8.48,104501,209
-3.81,-8.54,104500,209
-3.57,-8.61,104499,209
-3.32,-8.71,104498,209
-3.05,-9.11,104497,209
-2.79,-8.96,104496,209
-2.55,-8.95,104495,209
-2.31,-8.94,104494,209
-2.07,-9.01,104493,209
-1.85,-9.16,104492,209
-1.60,-9.2,104491,209
-1.35,-9.24,104490,209
-1.09,-9.22,104489,209
-0.82,-9.09,104488,209
-0.58,-9.32,104487,209
-0.36,-9.23,104486,209
-0.08,-9.24,104485,209
0.20,-9.1,104484,209
0.46,-9.51,104483,209
0.70,-9.2,104482,209
0.94,-9.08,104481,209
1.18,-9.07,104480,209
1.42,-8.99,104479,209
1.67,-9.1,104478,209
1.95,-8.98,104477,209
2.21,-8.8,104476,209
2.47,-9.11,104475,209
2.72,-8.78,104474,209
2.96,-8.88,104473,209
3.22,-8.98,104472,209
3.47,-8.98,104471,209
3.73,-9.07,104470,209
3.98,-9.13,104469,209
4.24,-8.8,104468,209
4.62,-8.84,104467,209
5.02,-8.78,104466,209
5.44,-8.63,104465,209
5.82,-8.9,104464,209
6.20,-8.86,104463,209
6.59,-9.0,104462,209
6.99,-8.88,104461,209
7.40,-9.19,104460,209
7.81,-9.51,104459,209
8.21,-9.53,104458,209
8.59,-9.35,104457,209
8.99,-9.53,104456,209
9.38,-9.73,104455,209
9.78,-9.65,104454,209
10.16,-9.76,104453,209
10.55,-9.71,104452,209
10.95,-9.91,104451,209
11.33,-9.77,104450,209
11.72,-9.79,104449,209
12.13,-10.02,104448,209
12.54,-9.93,104447,209
12.94,-9.73,104446,209
13.32,-9.59,104445,209
13.71,-9.83,104444,209
14.12,-9.45,104443,209
14.50,-9.47,104442,209
14.90,-9.25,104441,209
15.31,-9.31,104440,209
15.69,-9.07,104439,209
16.08,-9.09,104438,209
16.45,-9.03,104437,209
16.84,-9.09,104436,209
17.24,-9.2,104435,209
17.63,-9.77,104434,209
18.03,-9.93,104433,209
18.43,-9.35,104432,209
18.83,-9.62,104431,209
19.21,-9.1,104430,209
19.60,-9.1,104429,209
19.99,-9.37,104428,209
20.39,-9.32,104427,209
20.77,-9.16,104426,209
21.16,-9.09,104425,209
21.56,-9.08,104424,209
21.96,-9.13,104423,209
22.36,-9.45,104422,209
22.76,-8.99,104421,209
23.16,-8.93,104420,209
23.54,-9.58,104419,209
23.93,-8.85,104418,209
24.32,-8.93,104417,209
24.72,-9.09,104416,209
25.10,-9.56,104415,209
25.50,-9.44,104414,209
25.88,-9.47,104413,209
26.27,-9.25,104412,209
26.65,-9.42,104411,209
27.07,-9.61,104410,209
27.85,-9.68,104409,209
28.23,-9.35,104408,209
28.61,-9.31,104407,209
28.99,-8.63,104406,209
29.39,-8.72,104405,209
29.78,-8.37,104404,209
30.18,-8.49,104403,209
30.57,-8.33,104402,209
31.00,-8.17,104401,209
31.42,-8.28,104400,209
31.83,-9.59,104399,209
32.23,-8.78,104398,209
32.62,-8.24,104397,209
33.01,-8.25,104396,209
33.41,-8.29,104395,209
33.82,-8.3,104394,209
34.21,-8.44,104393,209
34.61,-8.45,104392,209
35.01,-8.38,104391,209
35.40,-8.46,104390,209
35.79,-8.55,104389,209
36.19,-8.5,104388,209
36.59,-8.49,104387,209
36.98,-8.43,104386,209
37.37,-8.58,104385,209
37.75,-8.55,104384,209
38.14,-8.45,104383,209
38.54,-8.62,104382,209
38.94,-9.03,104381,209
39.33,-8.4,104380,209
39.71,-8.54,104379,209
40.11,-8.67,104378,209
40.50,-8.73,104377,209
40.89,-8.73,104376,209
41.26,-8.67,104375,209
41.65,-8.65,104374,209
42.03,-8.55,104373,209
42.41,-8.42,104372,209
42.81,-8.59,104371,209
43.22,-8.41,104370,209
43.62,-8.6,104369,209
44.00,-8.62,104368,209
44.38,-8.7,104367,209
44.76,-8.64,104366,209
45.17,-8.34,104365,209
45.58,-8.4,104364,209
45.99,-8.05,104363,209
46.39,-7.98,104362,209
46.78,-7.94,104361,209
47.18,-8.18,104360,209
47.57,-7.97,104359,209
47.98,-8.07,104358,209
48.37,-8.12,104357,209
48.77,-8.31,104356,209
49.17,-8.41,104355,209
49.56,-8.39,104354,209
49.97,-8.19,104353,209
50.38,-8.41,104352,209
50.78,-8.44,104351,209
51.16,-8.36,104350,209
51.96,-8.56,104349,209
52.35,-8.65,104348,209
52.75,-8.65,104347,209
53.14,-8.66,104346,209
53.55,-8.75,104345,209
53.94,-8.57,104344,209
54.35,-8.47,104343,209
54.72,-8.85,104342,209
55.12,-8.75,104341,209
55.52,-8.62,104340,209
55.94,-8.69,104339,209
56.32,-8.7,104338,209
56.73,-8.61,104337,209
57.13,-8.71,104336,209
57.54,-8.66,104335,209
57.95,-8.64,104334,209
58.35,-8.74,104333,209
58.74,-8.69,104332,209
59.14,-8.69,104331,209
59.54,-8.77,104330,209
59.95,-8.65,104329,209
60.36,-8.7,104328,209
60.77,-8.78,104327,209
61.18,-8.65,104326,209
61.58,-8.61,104325,209
61.99,-8.74,104324,209
62.39,-8.69,104323,209
62.81,-8.65,104322,209
63.20,-8.68,104321,209
63.61,-8.67,104320,209
64.02,-8.67,104319,209
64.41,-8.64,104318,209
64.81,-8.61,104317,209
65.19,-8.67,104316,209
65.58,-8.6,104315,209
66.00,-8.6,104314,209
66.38,-8.57,104313,209
66.79,-8.63,104312,209
67.19,-8.61,104311,209
67.59,-8.58,104310,209
67.98,-8.66,104309,209
68.37,-8.71,104308,209
68.77,-8.73,104307,209
69.17,-8.69,104306,209
69.57,-8.71,104305,209
69.97,-8.78,104304,209
70.36,-8.66,104303,209
70.76,-8.61,104302,209
71.17,-8.5,104301,209
71.57,-8.63,104300,209
71.98,-8.74,104299,209
72.36,-8.74,104298,209
72.75,-8.79,104297,209
73.14,-8.73,104296,209
73.53,-8.77,104295,209
73.92,-8.84,104294,209
74.33,-8.48,104293,209
74.72,-8.47,104292,209
75.12,-8.74,104291,209
75.51,-8.51,104290,209
75.91,-8.48,104289,209
76.29,-8.61,104288,209
76.69,-8.31,104287,209
77.09,-8.4,104286,209
77.48,-8.37,104285,209
77.88,-8.4,104284,209
78.27,-8.6,104283,209
78.66,-8.72,104282,209
79.06,-8.35,104281,209
79.46,-8.34,104280,209
79.87,-8.26,104279,209
80.26,-8.12,104278,209
80.65,-8.36,104277,209
81.05,-8.43,104276,209
81.43,-8.23,104275,209
81.65,-8.26,104274,209
81.81,-8.55,104273,209
81.99,-8.44,104272,209
82.24,-8.3,104271,209
82.44,-8.37,104270,209
82.60,-8.33,104269,209
82.84,-8.34,104268,209
83.07,-8.55,104267,209
83.31,-8.32,104266,209
83.50,-8.47,104265,209
83.68,-8.52,104264,209
83.92,-8.36,104263,209
84.13,-8.2,104262,209
84.34,-8.36,104261,209
84.77,-8.24,104260,209
84.97,-8.29,104259,209
85.18,-8.35,104258,209
85.37,-8.29,104257,209
85.79,-8.41,104256,209
85.99,-8.17,104255,209
86.21,-8.33,104254,209
86.42,-8.19,104253,209
86.64,-8.19,104252,209
86.83,-8.15,104251,209
87.06,-8.23,104250,209
87.25,-8.33,104249,209
87.47,-8.27,104248,209
87.65,-8.29,104247,209
87.84,-8.39,104246,209
88.06,-8.09,104245,209
88.30,-8.25,104244,209
88.52,-8.26,104243,209
88.77,-8.18,104242,209
88.94,-8.17,104241,209
89.12,-8.18,104240,209
89.32,-8.05,104239,209
89.55,-8.13,104238,209
89.69,-8.03,104237,209
89.91,-8.09,104236,209
90.12,-8.07,104235,209
90.31,-8.29,104234,209
90.46,-8.27,104233,209
90.66,-8.21,104232,209
90.90,-8.2,104231,209
91.14,-8.1,104230,209
91.31,-8.19,104229,209
91.50,-8.31,104228,209
92.04,-8.16,104227,209
92.57,-8.15,104226,209
93.07,-8.18,104225,209
93.61,-8.07,104224,209
94.17,-8.22,104223,209
94.69,-8.17,104222,209
95.22,-7.85,104221,209
95.74,-8.03,104220,209
96.30,-8.01,104219,209
96.81,-8.03,104218,209
97.40,-8.1,104217,209
97.94,-8.03,104216,209
98.55,-8.04,104215,209
99.08,-8.43,104214,209
99.66,-8.2,104213,209
100.27,-8.34,104212,209
100.85,-8.17,104211,209
102.51,-8.65,104210,209
103.09,-8.58,104209,209
103.63,-8.75,104208,209
104.22,-8.7,104207,209
104.75,-8.77,104206,209
105.30,-8.44,104205,209
105.81,-8.68,104204,209
106.37,-8.33,104203,209
106.91,-8.81,104202,209
107.45,-8.77,104201,209
108.01,-8.45,104200,209
108.58,-8.38,104199,209
109.10,-8.35,104198,209
109.66,-8.06,104197,209
110.25,-8.42,104196,209
111.40,-8.7,104195,209
111.95,-8.37,104194,209
112.54,-8.43,104193,209
113.16,-8.62,104192,209
113.71,-8.05,104191,209
114.26,-7.8,104190,209
114.82,-8.11,104189,209
115.98,-7.85,104188,209
116.57,-8.0,104187,209
117.15,-7.81,104186,209
117.72,-7.88,104185,209
118.29,-8.02,104184,209
118.84,-7.8,104183,209
119.43,-7.89,104182,209
119.96,-8.1,104181,209
120.55,-7.9,104180,209
121.12,-7.89,104179,209
121.69,-7.82,104178,209
122.25,-7.86,104177,209
122.82,-7.77,104176,209
123.41,-7.91,104175,209
124.00,-7.92,104174,209
125.10,-7.92,104173,209
126.27,-8.16,104172,209
127.98,-8.26,104171,209
128.49,-7.2,104170,209
129.06,-6.65,104169,209
129.67,-8.21,104168,209
130.26,-7.93,104167,209
130.80,-8.0,104166,209
131.33,-8.14,104165,209
131.83,-8.2,104164,209
132.43,-8.03,104163,209
132.99,-8.12,104162,209
134.13,-8.08,104161,209
134.73,-8.06,104160,209
135.28,-8.2,104159,209
135.87,-7.76,104158,209
136.43,-7.98,104157,209
137.01,-8.02,104156,209
137.57,-8.09,104155,209
138.12,-7.95,104154,209
138.67,-8.04,104153,209
139.22,-8.1,104152,209
139.72,-8.22,104151,209
140.31,-7.95,104150,209
140.89,-7.97,104149,209
141.42,-7.75,104148,209
141.93,-8.11,104147,209
142.46,-7.94,104146,209
143.06,-8.17,104145,209
143.62,-7.96,104144,209
144.16,-7.93,104143,209
144.71,-7.83,104142,209
145.31,-8.18,104141,209
145.86,-7.91,104140,209
146.44,-7.69,104139,209
146.97,-7.83,104138,209
147.48,-8.0,104137,209
148.04,-7.92,104136,209
148.59,-7.97,104135,209
149.13,-7.79,104134,209
149.32,-7.95,104133,209
149.57,-8.1,104132,209
149.79,-7.82,104131,209
150.01,-8.16,104130,209
150.21,-8.01,104129,209
150.48,-8.02,104128,209
150.69,-7.93,104127,209
150.95,-7.85,104126,209
151.17,-7.81,104125,209
151.38,-7.81,104124,209
151.58,-7.86,104123,209
151.78,-7.93,104122,209
151.96,-7.88,104121,209
152.22,-7.79,104120,209
155.09,-8.19,104119,209
156.09,-8.04,104118,209
156.33,-8.04,104117,209
156.56,-8.01,104116,209
156.76,-7.96,104115,209
157.02,-8.01,104114,209
157.29,-8.0,104113,209
157.55,-8.06,104112,209
157.78,-8.04,104111,209
158.03,-8.09,104110,209
158.24,-8.07,104109,209
158.50,-7.96,104108,209
158.76,-8.01,104107,209
158.95,-8.02,104106,209
159.21,-7.74,104105,209
159.49,-7.82,104104,209
159.74,-7.75,104103,209
160.06,-7.71,104102,209
160.31,-7.87,104101,209
160.56,-7.77,104100,209
160.89,-7.85,104099,209
161.15,-7.86,104098,209
161.44,-7.9,104097,209
161.67,-7.93,104096,209
161.93,-7.96,104095,209
162.16,-7.95,104094,209
162.48,-8.03,104093,209
162.72,-8.06,104092,209
162.94,-8.19,104091,209
163.19,-8.15,104090,209
163.46,-8.11,104089,209
163.66,-8.17,104088,209
163.95,-8.15,104087,209
164.25,-8.02,104086,209
164.45,-8.06,104085,209
164.69,-8.01,104084,209
164.94,-7.8,104083,209
165.25,-7.83,104082,209
165.58,-7.72,104081,209
165.82,-7.89,104080,209
166.11,-7.64,104079,209
166.37,-7.7,104078,209
166.63,-7.68,104077,209
166.87,-7.64,104076,209
167.13,-7.72,104075,209
167.41,-7.64,104074,209
167.70,-7.59,104073,209
167.95,-7.7,104072,209
168.22,-7.67,104071,209
168.48,-7.71,104070,209
168.79,-7.57,104069,209
169.33,-7.62,104068,209
169.89,-7.62,104067,209
170.44,-7.51,104066,209
170.98,-7.38,104065,209
171.51,-7.38,104064,209
172.07,-7.35,104063,209
172.60,-7.37,104062,209
173.17,-7.27,104061,209
173.75,-7.3,104060,209
174.31,-7.32,104059,209
174.85,-7.49,104058,209
175.39,-7.41,104057,209
175.96,-7.35,104056,209
176.52,-7.34,104055,209
177.09,-7.46,104054,209
177.66,-7.57,104053,209
178.23,-7.51,104052,209
178.81,-7.66,104051,209
179.37,-7.61,104050,209
179.94,-7.59,104049,209
180.51,-7.86,104048,209
181.08,-8.01,104047,209
181.65,-7.93,104046,209
182.21,-7.89,104045,209
182.76,-7.85,104044,209
183.32,-8.02,104043,209
183.88,-7.91,104042,209
184.45,-8.02,104041,209
184.99,-8.0,104040,209
185.55,-8.03,104039,209
186.11,-8.0,104038,209
186.67,-7.97,104037,209
187.23,-8.07,104036,209
187.78,-8.03,104035,209
188.35,-8.17,104034,209
188.90,-8.01,104033,209
189.46,-8.06,104032,209
190.03,-7.95,104031,209
190.59,-7.98,104030,209
191.16,-7.92,104029,209
191.72,-7.66,104028,209
192.29,-7.69,104027,209
192.87,-7.13,104026,209
193.42,-6.95,104025,209
193.99,-7.2,104024,209
194.54,-6.96,104023,209
195.09,-6.44,104022,209
195.64,-6.88,104021,209
196.20,-6.11,104020,209
196.76,-5.92,104019,209
197.31,-5.9,104018,209
197.88,-5.84,104017,209
198.46,-5.88,104016,209
199.01,-6.18,104015,209
199.57,-6.11,104014,209
200.12,-6.48,104013,209
200.69,-6.6,104012,209
201.27,-6.76,104011,209
201.82,-6.8,104010,209
202.38,-6.89,104009,209
202.96,-7.09,104008,209
203.53,-7.06,104007,209
204.11,-7.31,104006,209
204.65,-7.18,104005,209
205.21,-7.2,104004,209
205.77,-7.46,104003,209
206.33,-7.5,104002,209
206.88,-7.66,104001,209
207.45,-7.61,104000,209
208.02,-7.61,103999,209
208.59,-7.64,103998,209
209.17,-7.69,103997,209
209.71,-7.64,103996,209
210.29,-7.65,103995,209
210.85,-7.55,103994,209
211.43,-7.57,103993,209
211.97,-7.58,103992,209
212.55,-7.59,103991,209
213.09,-7.63,103990,209
213.65,-7.66,103989,209
214.21,-7.64,103988,209
214.75,-7.63,103987,209
215.32,-7.53,103986,209
215.89,-7.49,103985,209
216.44,-7.66,103984,209
217.00,-7.59,103983,209
217.55,-7.57,103982,209
218.10,-7.64,103981,209
218.66,-7.67,103980,209
219.24,-7.74,103979,209
219.80,-7.69,103978,209
220.35,-7.58,103977,209
220.89,-7.7,103976,209
221.42,-7.86,103975,209
221.97,-7.83,103974,209
222.55,-7.9,103973,209
223.10,-7.99,103972,209
223.68,-8.08,103971,209
224.25,-8.03,103970,209
224.81,-8.09,103969,209
225.35,-8.03,103968,209
225.90,-7.94,103967,209
226.48,-7.92,103966,209
227.05,-7.97,103965,209
227.61,-7.94,103964,209
228.19,-7.66,103963,209
228.77,-7.87,103962,209
229.31,-7.79,103961,209
229.85,-7.7,103960,209
230.39,-7.56,103959,209
230.96,-7.4,103958,209
231.53,-7.36,103957,209
232.09,-7.27,103956,209
232.63,-7.24,103955,209
233.20,-7.2,103954,209
233.76,-7.1,103953,209
234.30,-7.15,103952,209
234.82,-7.22,103951,209
235.38,-7.11,103950,209
235.95,-7.12,103949,209
236.51,-7.15,103948,209
237.08,-7.15,103947,209
237.64,-7.1,103946,209
238.22,-7.22,103945,209
238.78,-7.19,103944,209
239.32,-7.18,103943,209
239.89,-7.21,103942,209
240.45,-7.3,103941,209
241.01,-7.29,103940,209
241.57,-7.34,103939,209
242.13,-7.45,103938,209
242.70,-7.36,103937,209
243.25,-7.45,103936,209
243.82,-7.55,103935,209
244.37,-7.52,103934,209
244.93,-7.67,103933,209
245.48,-7.62,103932,209
246.03,-7.69,103931,209
246.60,-7.85,103930,209
247.16,-8.01,103929,209
247.68,-7.95,103928,209
248.26,-8.04,103927,209
248.82,-8.07,103926,209
249.35,-8.12,103925,209
249.92,-7.96,103924,209
250.50,-8.07,103923,209
251.05,-8.2,103922,209
251.61,-7.85,103921,209
252.15,-7.72,103920,209
252.69,-7.67,103919,209
253.26,-7.72,103918,209
253.81,-7.52,103917,209
254.36,-7.38,103916,209
254.91,-7.48,103915,209
255.48,-7.62,103914,209
256.05,-7.71,103913,209
256.62,-7.98,103912,209
257.17,-8.19,103911,209
257.72,-8.35,103910,209
258.29,-8.28,103909,209
258.84,-8.22,103908,209
259.40,-8.31,103907,209
259.95,-8.52,103906,209
260.51,-8.52,103905,209
261.08,-8.44,103904,209
261.64,-8.4,103903,209
262.21,-8.22,103902,209
262.78,-8.41,103901,209
263.35,-8.35,103900,209
263.91,-8.21,103899,209
264.50,-8.24,103898,209
265.05,-8.19,103897,209
265.59,-8.12,103896,209
266.14,-8.26,103895,209
266.72,-8.13,103894,209
267.28,-7.98,103893,209
267.83,-7.97,103892,209
268.39,-7.89,103891,209
268.95,-7.91,103890,209
269.51,-7.88,103889,209
270.07,-7.97,103888,209
270.64,-7.85,103887,209
271.19,-7.65,103886,209
271.78,-7.65,103885,209
272.32,-7.61,103884,209
272.89,-7.58,103883,209
273.45,-7.39,103882,209
274.01,-7.29,103881,209
274.56,-7.29,103880,209
275.09,-7.38,103879,209
275.65,-7.22,103878,209
276.21,-7.31,103877,209
276.79,-7.23,103876,209
277.38,-7.4,103875,209
277.93,-7.33,103874,209
278.47,-7.49,103873,209
279.03,-7.58,103872,209
279.61,-7.52,103871,209
280.18,-7.6,103870,209
280.74,-7.71,103869,209
281.31,-7.85,103868,209
281.85,-7.67,103867,209
282.59,-7.68,103866,209
283.31,-7.66,103865,209
284.02,-7.78,103864,209
284.70,-7.82,103863,209
286.16,-7.5,103862,209
286.92,-7.69,103861,209
287.65,-7.69,103860,209
288.43,-7.68,103859,209
289.15,-7.84,103858,209
289.89,-7.59,103857,209
290.59,-7.74,103856,209
291.30,-7.89,103855,209
291.97,-8.02,103854,209
292.76,-7.57,103853,209
293.48,-7.4,103852,209
294.24,-7.14,103851,209
294.99,-6.84,103850,209
295.72,-6.13,103849,209
296.49,-5.45,103848,209
297.26,-4.93,103847,209
298.02,-4.97,103846,209
298.76,-5.31,103845,209
299.52,-5.06,103844,209
300.27,-5.07,103843,209
301.00,-5.36,103842,209
301.72,-5.58,103841,209
302.44,-6.08,103840,209
303.17,-6.87,103839,209
303.88,-7.04,103838,209
304.61,-7.22,103837,209
305.34,-7.53,103836,209
306.06,-7.79,103835,209
306.78,-7.93,103834,209
307.48,-8.02,103833,209
308.22,-7.98,103832,209
308.92,-8.11,103831,209
309.69,-8.18,103830,209
310.41,-8.01,103829,209
311.13,-8.11,103828,209
311.82,-7.9,103827,209
312.59,-8.09,103826,209
313.29,-8.05,103825,209
314.00,-8.06,103824,209
314.74,-7.88,103823,209
315.46,-7.93,103822,209
316.19,-8.02,103821,209
316.93,-7.91,103820,209
317.67,-7.98,103819,209
318.40,-7.93,103818,209
319.12,-7.98,103817,209
319.86,-7.86,103816,209
320.56,-7.9,103815,209
321.33,-8.04,103814,209
322.08,-8.33,103813,209
322.81,-8.15,103812,209
323.54,-8.14,103811,209
324.31,-8.4,103810,209
325.07,-8.43,103809,209
325.81,-8.48,103808,209
326.53,-8.42,103807,209
327.26,-8.27,103806,209
328.03,-8.28,103805,209
328.74,-8.31,103804,209
329.46,-8.4,103803,209
330.18,-8.23,103802,209
330.92,-8.2,103801,209
331.66,-8.29,103800,209
332.35,-8.43,103799,209
333.02,-8.49,103798,209
333.46,-8.49,103797,209
333.85,-8.42,103796,209
334.24,-8.12,103795,209
334.62,-8.36,103794,209
334.98,-8.24,103793,209
335.36,-8.17,103792,209
335.73,-8.28,103791,209
336.14,-8.36,103790,209
336.53,-8.38,103789,209
336.91,-8.3,103788,209
337.29,-8.5,103787,209
337.66,-8.32,103786,209
338.01,-7.84,103785,209
338.39,-7.69,103784,209
338.79,-7.95,103783,209
339.21,-7.77,103782,209
339.61,-7.72,103781,209
340.00,-7.96,103780,209
340.35,-7.76,103779,209
340.72,-7.63,103778,209
341.07,-7.72,103777,209
341.45,-8.0,103776,209
341.87,-7.84,103775,209
342.24,-7.82,103774,209
342.65,-7.86,103773,209
343.02,-7.83,103772,209
343.40,-7.94,103771,209
343.80,-7.91,103770,209
344.17,-7.85,103769,209
344.57,-7.74,103768,209
344.99,-7.86,103767,209
345.37,-7.8,103766,209
345.75,-7.69,103765,209
346.12,-7.51,103764,209
346.49,-7.75,103763,209
346.87,-7.61,103762,209
347.29,-7.5,103761,209
347.62,-7.69,103760,209
348.00,-7.6,103759,209
348.79,-7.85,103758,209
349.23,-7.85,103757,209
349.67,-8.24,103756,209
350.03,-8.32,103755,209
350.79,-8.76,103754,209
351.17,-8.35,103753,209
351.89,-7.98,103752,209
352.33,-8.26,103751,209
352.72,-8.3,103750,209
353.10,-7.82,103749,209
353.47,-7.71,103748,209
353.87,-7.71,103747,209
354.24,-7.64,103746,209
354.62,-7.48,103745,209
355.03,-7.78,103744,209
355.44,-7.35,103743,209
355.82,-7.16,103742,209
356.21,-7.36,103741,209
356.58,-7.02,103740,209
356.99,-6.98,103739,209
357.40,-7.07,103738,209
357.83,-7.14,103737,209
358.22,-7.17,103736,209
358.60,-7.37,103735,209
359.01,-7.96,103734,209
359.36,-7.75,103733,209
359.71,-7.86,103732,209
360.13,-7.96,103731,209
360.53,-7.96,103730,209
360.94,-8.08,103729,209
361.35,-8.22,103728,209
362.11,-7.92,103727,209
362.94,-7.94,103726,209
363.35,-7.75,103725,209
363.72,-7.93,103724,209
364.13,-7.96,103723,209
364.53,-7.8,103722,209
364.94,-7.92,103721,209
365.32,-7.93,103720,209
365.71,-8.36,103719,209
366.47,-7.99,103718,209
366.89,-7.89,103717,209
367.24,-7.95,103716,209
367.64,-7.89,103715,209
373.13,-8.37,103714,209
373.69,-7.94,103713,209
374.24,-8.36,103712,209
374.81,-8.46,103711,209
375.38,-8.09,103710,209
375.95,-8.07,103709,209
376.52,-8.0,103708,209
377.06,-8.46,103707,209
377.62,-8.05,103706,209
378.19,-8.4,103705,209
378.76,-8.19,103704,209
379.30,-8.21,103703,209
379.87,-8.15,103702,209
380.42,-8.15,103701,209
380.97,-8.02,103700,209
381.52,-8.06,103699,209
382.09,-7.92,103698,209
382.67,-7.87,103697,209
383.22,-8.05,103696,209
383.78,-8.28,103695,209
384.34,-8.12,103694,209
384.92,-7.91,103693,209
385.48,-7.92,103692,209
386.01,-8.0,103691,209
386.55,-7.85,103690,209
387.14,-8.03,103689,209
387.71,-8.32,103688,209
388.25,-8.13,103687,209
388.80,-8.22,103686,209
389.36,-8.14,103685,209
389.92,-8.24,103684,209
390.46,-8.26,103683,209
391.01,-8.24,103682,209
391.57,-8.38,103681,209
392.15,-8.23,103680,209
392.72,-8.31,103679,209
393.28,-8.2,103678,209
394.40,-8.48,103677,209
394.96,-8.51,103676,209
395.54,-8.54,103675,209
396.10,-8.63,103674,209
396.68,-8.64,103673,209
397.24,-8.66,103672,209
397.78,-8.8,103671,209
398.32,-8.77,103670,209
398.87,-8.8,103669,209
399.45,-8.76,103668,209
399.99,-8.77,103667,209
400.56,-8.89,103666,209
401.11,-8.74,103665,209
401.70,-8.67,103664,209
402.26,-8.73,103663,209
402.84,-8.72,103662,209
403.40,-8.68,103661,209
403.98,-8.76,103660,209
404.54,-8.71,103659,209
405.10,-8.5,103658,209
405.67,-8.84,103657,209
406.23,-8.59,103656,209
406.80,-8.53,103655,209
407.37,-8.53,103654,209
407.93,-8.53,103653,209
408.49,-8.65,103652,209
409.07,-8.54,103651,209
409.63,-8.41,103650,209
410.22,-8.44,103649,209
410.77,-8.26,103648,209
411.32,-8.4,103647,209
411.87,-8.28,103646,209
412.44,-8.3,103645,209
413.00,-8.39,103644,209
413.53,-8.57,103643,209
414.09,-8.59,103642,209
414.66,-8.62,103641,209
415.21,-8.67,103640,209
415.78,-8.69,103639,209
416.35,-8.8,103638,209
416.90,-8.7,103637,209
417.47,-8.76,103636,209
418.04,-8.62,103635,209
418.59,-8.63,103634,209
419.14,-8.64,103633,209
419.70,-8.66,103632,209
420.23,-8.65,103631,209
420.79,-8.63,103630,209
421.34,-8.6,103629,209
421.90,-8.55,103628,209
422.46,-8.63,103627,209
423.02,-8.61,103626,209
423.58,-8.65,103625,209
424.13,-8.74,103624,209
424.69,-8.64,103623,209
425.29,-8.65,103622,209
425.85,-8.67,103621,209
426.41,-8.75,103620,209
426.95,-8.55,103619,209
427.06,-8.51,103618,209
427.20,-8.66,103617,209
427.33,-8.76,103616,209
427.45,-8.63,103615,209
427.55,-8.62,103614,209
427.67,-8.66,103613,209
427.79,-8.75,103612,209
427.92,-8.77,103611,209
428.03,-8.72,103610,209
428.16,-8.72,103609,209
428.30,-8.75,103608,209
428.42,-8.72,103607,209
428.57,-8.71,103606,209
428.70,-8.73,103605,209
428.80,-8.7,103604,209
428.91,-8.93,103603,209
429.02,-8.79,103602,209
429.13,-8.81,103601,209
429.27,-8.71,103600,209
429.41,-8.75,103599,209
429.55,-8.68,103598,209
429.68,-8.83,103597,209
429.79,-8.79,103596,209
429.92,-8.78,103595,209
430.05,-8.58,103594,209
430.15,-8.73,103593,209
430.29,-8.67,103592,209
430.42,-8.78,103591,209
430.53,-8.84,103590,209
430.64,-8.8,103589,209
430.77,-8.87,103588,209
430.99,-8.67,103587,209
431.10,-8.73,103586,209
431.32,-8.83,103585,209
431.44,-8.71,103584,209
431.55,-8.76,103583,209
431.66,-8.7,103582,209
431.80,-8.62,103581,209
431.95,-8.61,103580,209
432.08,-8.61,103579,209
432.22,-8.49,103578,209
432.35,-8.39,103577,209
432.47,-8.68,103576,209
432.59,-8.52,103575,209
432.72,-8.32,103574,209
432.84,-8.37,103573,209
432.99,-8.46,103572,209
433.11,-8.46,103571,209
433.23,-8.49,103570,209
433.36,-8.48,103569,209
433.48,-8.71,103568,209
433.62,-8.72,103567,209
433.72,-8.68,103566,209
433.84,-8.69,103565,209
433.95,-8.69,103564,209
434.02,-8.56,103563,209
434.12,-8.74,103562,209
434.25,-8.83,103561,209
434.38,-8.72,103560,209
434.52,-8.96,103559,209
434.64,-8.85,103558,209
434.74,-8.77,103557,209
434.85,-8.79,103556,209
434.96,-8.69,103555,209
435.09,-8.74,103554,209
435.23,-8.74,103553,209
435.35,-8.71,103552,209
435.48,-8.75,103551,209
435.62,-8.79,103550,209
435.72,-8.74,103549,209
435.85,-8.71,103548,209
435.95,-8.68,103547,209
436.08,-8.65,103546,209
436.21,-8.71,103545,209
436.34,-8.66,103544,209
436.45,-8.6,103543,209
436.59,-8.54,103542,209
436.72,-8.46,103541,209
436.84,-8.41,103540,209
436.97,-8.11,103539,209
437.08,-8.23,103538,209
437.21,-8.17,103537,209
437.35,-8.26,103536,209
437.46,-8.25,103535,209
437.58,-8.37,103534,209
437.71,-8.56,103533,209
437.84,-8.66,103532,209
437.95,-9.06,103531,209
438.06,-8.91,103530,209
438.19,-8.78,103529,209
438.32,-8.88,103528,209
438.44,-8.94,103527,209
438.57,-8.65,103526,209
438.72,-8.84,103525,209
438.80,-8.78,103524,209
438.95,-8.61,103523,209
439.08,-8.53,103522,209
439.23,-8.54,103521,209
439.32,-8.37,103520,209
439.46,-8.2,103519,209
439.61,-8.11,103518,209
439.73,-7.75,103517,209
439.83,-7.77,103516,209
439.95,-7.66,103515,209
440.07,-7.75,103514,209
440.20,-7.85,103513,209
440.33,-7.76,103512,209
440.46,-8.01,103511,209
440.58,-8.21,103510,209
440.71,-8.19,103509,209
440.82,-8.06,103508,209
440.93,-8.28,103507,209
441.04,-8.35,103506,209
441.17,-8.32,103505,209
441.31,-8.59,103504,209
441.44,-8.68,103503,209
441.54,-8.64,103502,209
441.66,-8.69,103501,209
441.77,-8.67,103500,209
441.89,-8.7,103499,209
441.99,-8.66,103498,209
442.11,-8.57,103497,209
442.23,-8.63,103496,209
442.37,-8.67,103495,209
442.49,-8.73,103494,209
442.60,-8.57,103493,209
442.72,-8.65,103492,209
442.84,-8.77,103491,209
442.98,-8.55,103490,209
443.09,-8.66,103489,209
443.24,-8.6,103488,209
443.35,-8.67,103487,209
443.47,-8.62,103486,209
443.57,-8.65,103485,209
443.71,-8.54,103484,209
443.84,-8.46,103483,209
443.94,-8.28,103482,209
444.09,-8.15,103481,209
444.22,-8.12,103480,209
444.38,-8.47,103479,209
444.51,-8.39,103478,209
444.61,-8.61,103477,209
444.74,-8.54,103476,209
444.83,-8.49,103475,209
444.97,-8.56,103474,209
445.12,-8.6,103473,209
445.26,-8.62,103472,209
445.40,-8.39,103471,209
445.53,-8.46,103470,209
445.67,-8.1,103469,209
445.81,-8.01,103468,209
445.96,-8.45,103467,209
446.10,-8.47,103466,209
446.24,-8.55,103465,209
446.38,-8.57,103464,209
446.52,-8.59,103463,209
446.67,-8.71,103462,209
446.80,-8.46,103461,209
446.95,-8.32,103460,209
447.11,-8.13,103459,209
447.23,-7.87,103458,209
447.34,-7.82,103457,209
447.50,-7.97,103456,209
447.65,-7.96,103455,209
447.76,-8.73,103454,209
447.90,-8.32,103453,209
448.11,-8.55,103452,209
448.27,-8.29,103451,209
448.38,-8.31,103450,209
448.58,-8.21,103449,209
448.76,-7.91,103448,209
448.91,-7.47,103447,209
449.07,-7.1,103446,209
449.20,-6.84,103445,209
449.37,-6.84,103444,209
449.53,-7.05,103443,209
449.68,-7.63,103442,209
449.82,-7.19,103441,209
450.01,-7.39,103440,209
450.15,-7.63,103439,209
450.25,-7.91,103438,209
450.38,-8.1,103437,209
450.53,-8.32,103436,209
450.66,-8.66,103435,209
450.83,-8.92,103434,209
450.97,-8.88,103433,209
451.10,-8.99,103432,209
451.21,-8.93,103431,209
451.38,-8.91,103430,209
451.49,-8.7,103429,209
451.67,-8.41,103428,209
452.37,-8.32,103427,209
453.05,-8.1,103426,209
453.75,-8.32,103425,209
454.44,-8.28,103424,209
455.14,-8.39,103423,209
455.85,-8.13,103422,209
456.56,-7.97,103421,209
457.27,-7.57,103420,209
457.97,-7.01,103419,209
458.69,-7.16,103418,209
459.38,-7.45,103417,209
460.06,-7.7,103416,209
460.77,-7.95,103415,209
461.48,-8.14,103414,209
462.15,-8.27,103413,209
462.85,-8.37,103412,209
463.56,-8.5,103411,209
464.26,-8.65,103410,209
464.97,-8.61,103409,209
465.67,-8.7,103408,209
466.36,-8.71,103407,209
467.06,-8.66,103406,209
467.76,-8.77,103405,209
468.46,-8.83,103404,209
469.16,-8.95,103403,209
469.85,-8.98,103402,209
470.52,-9.06,103401,209
471.21,-9.14,103400,209
471.91,-9.2,103399,209
472.60,-9.36,103398,209
473.28,-9.36,103397,209
473.98,-9.46,103396,209
474.68,-9.47,103395,209
475.39,-9.64,103394,209
476.09,-9.59,103393,209
476.80,-9.68,103392,209
477.49,-9.71,103391,209
478.22,-9.68,103390,209
478.91,-9.51,103389,209
479.61,-9.47,103388,209
480.30,-9.51,103387,209
480.99,-9.56,103386,209
481.70,-9.48,103385,209
482.40,-9.56,103384,209
483.10,-9.39,103383,209
483.82,-9.23,103382,209
484.53,-9.3,103381,209
485.23,-9.16,103380,209
485.93,-9.07,103379,209
486.64,-9.17,103378,209
487.34,-8.97,103377,209
488.04,-9.04,103376,209
488.74,-9.04,103375,209
489.44,-8.93,103374,209
490.16,-9.07,103373,209
490.84,-9.12,103372,209
491.52,-9.16,103371,209
492.20,-9.34,103370,209
492.90,-9.67,103369,209
493.58,-9.71,103368,209
494.28,-9.98,103367,209
494.98,-9.86,103366,209
495.67,-10.13,103365,209
496.36,-10.48,103364,209
497.07,-10.72,103363,209
497.76,-10.8,103362,209
498.46,-11.34,103361,209
499.15,-11.55,103360,209
499.86,-11.77,103359,209
500.58,-11.92,103358,209
501.29,-11.81,103357,209
501.99,-11.88,103356,209
502.71,-11.82,103355,209
503.40,-11.86,103354,209
504.08,-11.17,103353,209
504.77,-10.85,103352,209
505.48,-10.57,103351,209
506.19,-10.21,103350,209
506.89,-9.9,103349,209
507.58,-9.84,103348,209
508.29,-10.16,103347,209
508.99,-10.05,103346,209
509.69,-9.87,103345,209
510.39,-10.6,103344,209
511.08,-9.37,103343,209
511.77,-9.31,103342,209
512.47,-9.56,103341,209
513.18,-9.9,103340,209
513.89,-9.84,103339,209
514.58,-9.45,103338,209
515.27,-9.46,103337,209
515.96,-9.57,103336,209
516.68,-9.38,103335,209
517.37,-9.53,103334,209
518.08,-9.47,103333,209
518.79,-9.3,103332,209
519.49,-9.38,103331,209
520.18,-9.46,103330,209
520.89,-9.3,103329,209
521.59,-9.49,103328,209
522.28,-9.67,103327,209
522.98,-9.52,103326,209
523.68,-9.57,103325,209
524.39,-9.6,103324,209
525.08,-9.43,103323,209
525.79,-9.65,103322,209
526.49,-9.69,103321,209
527.20,-9.51,103320,209
527.90,-9.61,103319,209
528.60,-9.71,103318,209
529.27,-9.71,103317,209
529.98,-10.08,103316,209
530.67,-10.55,103315,209
531.37,-10.44,103314,209
532.05,-10.38,103313,209
532.76,-10.23,103312,209
533.46,-10.17,103311,209
534.17,-9.96,103310,209
534.88,-9.99,103309,209
535.60,-9.93,103308,209
536.31,-9.9,103307,209
537.00,-10.39,103306,209
537.71,-10.11,103305,209
538.41,-9.68,103304,209
539.11,-9.9,103303,209
539.83,-9.53,103302,209
540.53,-9.42,103301,209
541.23,-9.86,103300,209
541.94,-9.64,103299,209
542.63,-9.8,103298,209
543.32,-9.86,103297,209
544.02,-9.76,103296,209
544.71,-9.8,103295,209
545.44,-10.0,103294,209
546.14,-9.99,103293,209
546.84,-9.91,103292,209
547.53,-9.92,103291,209
548.23,-10.0,103290,209
548.93,-10.03,103289,209
549.62,-10.05,103288,209
550.31,-10.05,103287,209
551.01,-10.23,103286,209
551.71,-10.34,103285,209
552.42,-10.41,103284,209
553.12,-10.44,103283,209
553.82,-10.48,103282,209
554.51,-10.61,103281,209
555.22,-10.49,103280,209
555.92,-10.21,103279,209
556.64,-10.41,103278,209
557.33,-10.35,103277,209
558.04,-9.93,103276,209
558.74,-9.95,103275,209
559.45,-10.33,103274,209
560.16,-10.29,103273,209
560.87,-10.27,103272,209
561.59,-9.95,103271,209
562.29,-9.97,103270,209
563.00,-10.24,103269,209
563.72,-9.99,103268,209
564.42,-10.32,103267,209
565.13,-10.06,103266,209
565.84,-10.25,103265,209
566.54,-10.21,103264,209
567.26,-10.02,103263,209
567.96,-10.04,103262,209
568.65,-9.71,103261,209
569.36,-9.34,103260,209
570.05,-9.27,103259,209
570.76,-8.89,103258,209
571.44,-8.78,103257,209
572.11,-8.57,103256,209
572.81,-8.52,103255,209
573.51,-8.4,103254,209
574.20,-8.24,103253,209
574.90,-8.54,103252,209
575.59,-8.45,103251,209
576.28,-8.52,103250,209
576.98,-9.06,103249,209
577.68,-9.16,103248,209
578.39,-8.92,103247,209
579.08,-8.6,103246,209
579.49,-8.64,103245,209
579.89,-8.37,103244,209
580.30,-8.14,103243,209
580.69,-7.81,103242,209
581.10,-7.95,103241,209
581.50,-7.9,103240,209
581.91,-7.96,103239,209
582.31,-8.07,103238,209
582.72,-8.51,103237,209
583.13,-8.66,103236,209
583.53,-8.53,103235,209
583.93,-8.71,103234,209
584.33,-8.83,103233,209
584.73,-8.88,103232,209
585.12,-8.9,103231,209
585.52,-8.69,103230,209
585.92,-8.69,103229,209
586.32,-8.67,103228,209
586.72,-8.66,103227,209
587.12,-8.77,103226,209
587.52,-8.74,103225,209
587.92,-8.74,103224,209
588.33,-8.73,103223,209
588.72,-8.73,103222,209
589.13,-8.81,103221,209
589.53,-8.8,103220,209
589.93,-8.93,103219,209
590.33,-8.94,103218,209
590.72,-8.96,103217,209
591.12,-9.2,103216,209
591.52,-9.37,103215,209
591.94,-9.44,103214,209
592.35,-9.42,103213,209
592.76,-9.36,103212,209
593.16,-9.41,103211,209
593.56,-9.42,103210,209
593.96,-9.4,103209,209
594.35,-9.44,103208,209
594.75,-9.46,103207,209
595.16,-9.33,103206,209
595.57,-9.26,103205,209
595.97,-9.28,103204,209
596.38,-9.17,103203,209
596.78,-9.33,103202,209
597.18,-9.41,103201,209
597.58,-9.27,103200,209
597.99,-9.26,103199,209
598.39,-9.14,103198,209
598.79,-8.9,103197,209
599.19,-8.83,103196,209
599.60,-8.54,103195,209
600.01,-8.46,103194,209
600.41,-8.34,103193,209
600.81,-8.57,103192,209
601.21,-8.41,103191,209
601.62,-8.42,103190,209
602.02,-8.42,103189,209
602.41,-8.15,103188,209
602.81,-8.28,103187,209
603.23,-8.23,103186,209
603.63,-7.91,103185,209
604.03,-7.97,103184,209
604.43,-7.68,103183,209
604.83,-7.75,103182,209
605.22,-7.63,103181,209
605.63,-7.32,103180,209
606.03,-7.22,103179,209
606.42,-7.21,103178,209
606.82,-7.03,103177,209
607.23,-7.13,103176,209
607.63,-7.39,103175,209
608.03,-7.36,103174,209
608.44,-7.47,103173,209
608.85,-7.49,103172,209
609.25,-7.66,103171,209
609.64,-7.71,103170,209
610.03,-7.88,103169,209
610.44,-8.01,103168,209
610.85,-8.12,103167,209
611.26,-8.22,103166,209
611.65,-8.24,103165,209
612.06,-8.26,103164,209
612.46,-8.26,103163,209
612.87,-8.45,103162,209
613.27,-8.49,103161,209
613.68,-8.41,103160,209
614.10,-8.63,103159,209
614.50,-8.71,103158,209
614.91,-8.92,103157,209
615.31,-9.0,103156,209
615.73,-9.45,103155,209
616.14,-9.53,103154,209
616.55,-9.52,103153,209
616.95,-9.56,103152,209
617.36,-9.61,103151,209
617.78,-9.62,103150,209
618.18,-9.44,103149,209
618.59,-9.34,103148,209
618.98,-9.31,103147,209
619.39,-9.35,103146,209
619.80,-9.23,103145,209
620.20,-9.02,103144,209
620.62,-9.13,103143,209
621.03,-9.07,103142,209
621.43,-9.09,103141,209
621.82,-9.15,103140,209
622.23,-9.49,103139,209
622.63,-9.49,103138,209
623.04,-9.41,103137,209
623.43,-9.48,103136,209
623.83,-9.43,103135,209
624.24,-9.1,103134,209
624.63,-9.61,103133,209
625.04,-9.56,103132,209
625.44,-9.69,103131,209
625.85,-9.6,103130,209
626.26,-9.8,103129,209
626.66,-9.96,103128,209
627.07,-9.7,103127,209
627.46,-10.11,103126,209
627.86,-9.98,103125,209
628.27,-9.97,103124,209
628.68,-10.03,103123,209
629.07,-9.98,103122,209
629.47,-10.14,103121,209
629.86,-9.88,103120,209
630.26,-9.79,103119,209
630.66,-9.69,103118,209
631.09,-9.74,103117,209
631.49,-9.57,103116,209
631.89,-9.35,103115,209
632.30,-9.61,103114,209
632.71,-9.56,103113,209
633.13,-9.54,103112,209
633.54,-9.43,103111,209
633.95,-9.36,103110,209
634.36,-9.31,103109,209
634.78,-9.37,103108,209
635.18,-9.3,103107,209
635.57,-9.62,103106,209
635.97,-9.49,103105,209
636.38,-9.88,103104,209
636.77,-10.01,103103,209
637.20,-10.13,103102,209
637.61,-9.97,103101,209
638.01,-9.77,103100,209
638.41,-9.74,103099,209
638.82,-9.66,103098,209
639.22,-9.71,103097,209
639.63,-9.64,103096,209
640.03,-9.46,103095,209
640.44,-9.36,103094,209
640.84,-9.19,103093,209
641.25,-9.25,103092,209
641.65,-9.21,103091,209
642.05,-8.88,103090,209
642.45,-8.72,103089,209
642.86,-8.97,103088,209
643.28,-8.97,103087,209
643.68,-8.81,103086,209
644.08,-8.77,103085,209
644.50,-8.74,103084,209
644.92,-8.6,103083,209
645.33,-8.59,103082,209
645.74,-8.47,103081,209
646.15,-8.35,103080,209
646.56,-8.34,103079,209
646.97,-8.37,103078,209
647.37,-8.21,103077,209
647.79,-8.18,103076,209
648.19,-8.23,103075,209
648.60,-8.19,103074,209
649.00,-8.13,103073,209
649.41,-8.21,103072,209
649.83,-8.61,103071,209
650.23,-8.46,103070,209
650.62,-8.47,103069,209
651.03,-8.61,103068,209
651.43,-8.99,103067,209
651.84,-8.54,103066,209
652.25,-8.46,103065,209
652.65,-8.44,103064,209
653.05,-8.74,103063,209
653.47,-8.78,103062,209
653.89,-8.63,103061,209
654.31,-8.61,103060,209
654.71,-8.71,103059,209
655.11,-8.8,103058,209
655.52,-8.68,103057,209
655.91,-8.82,103056,209
656.32,-8.71,103055,209
656.74,-9.03,103054,209
657.14,-8.97,103053,209
657.55,-9.07,103052,209
657.95,-9.24,103051,209
658.35,-9.34,103050,209
658.76,-9.35,103049,209
659.16,-9.4,103048,209
659.58,-9.56,103047,209
659.99,-9.35,103046,209
660.40,-9.45,103045,209
660.81,-9.59,103044,209
661.21,-9.71,103043,209
661.60,-9.71,103042,209
662.02,-9.66,103041,209
662.42,-9.78,103040,209
662.81,-9.65,103039,209
663.22,-9.53,103038,209
663.64,-9.43,103037,209
664.04,-9.38,103036,209
664.44,-9.06,103035,209
664.85,-9.11,103034,209
665.25,-9.23,103033,209
665.65,-9.19,103032,209
666.05,-9.2,103031,209
666.45,-9.01,103030,209
666.86,-9.07,103029,209
667.26,-9.14,103028,209
667.67,-8.95,103027,209
668.07,-9.02,103026,209
668.48,-8.91,103025,209
668.87,-8.92,103024,209
669.28,-8.9,103023,209
669.69,-8.82,103022,209
670.09,-8.89,103021,209
670.50,-8.7,103020,209
670.90,-8.76,103019,209
671.38,-8.85,103018,209
671.87,-8.65,103017,209
672.41,-8.84,103016,209
672.91,-8.75,103015,209
673.41,-8.78,103014,209
673.92,-8.71,103013,209
674.41,-8.56,103012,209
674.91,-8.64,103011,209
675.41,-8.68,103010,209
675.91,-8.55,103009,209
676.43,-8.75,103008,209
676.91,-8.58,103007,209
677.41,-8.68,103006,209
677.89,-8.85,103005,209
678.40,-8.8,103004,209
678.91,-8.93,103003,209
679.42,-8.87,103002,209
679.92,-8.74,103001,209
680.42,-8.74,103000,209
680.91,-8.92,102999,209
681.42,-8.62,102998,209
681.91,-8.88,102997,209
682.39,-8.72,102996,209
682.90,-8.83,102995,209
683.42,-8.86,102994,209
683.90,-8.65,102993,209
684.41,-8.8,102992,209
684.91,-8.82,102991,209
685.42,-8.67,102990,209
685.90,-8.69,102989,209
686.41,-8.41,102988,209
686.91,-8.59,102987,209
687.44,-8.57,102986,209
687.96,-8.58,102985,209
688.45,-8.44,102984,209
688.93,-8.48,102983,209
689.44,-8.67,102982,209
689.97,-8.64,102981,209
690.46,-8.72,102980,209
690.95,-8.63,102979,209
691.45,-8.84,102978,209
691.96,-8.71,102977,209
692.45,-8.94,102976,209
692.93,-8.63,102975,209
693.43,-9.1,102974,209
693.93,-9.37,102973,209
694.43,-9.22,102972,209
694.93,-9.47,102971,209
695.43,-9.51,102970,209
695.93,-9.29,102969,209
696.44,-9.29,102968,209
696.93,-9.08,102967,209
697.45,-9.4,102966,209
697.96,-9.45,102965,209
698.46,-9.52,102964,209
698.98,-9.68,102963,209
699.48,-9.41,102962,209
699.99,-9.44,102961,209
700.49,-9.3,102960,209
701.00,-9.27,102959,209
701.39,-9.1,102958,209
701.70,-8.88,102957,209
702.01,-8.84,102956,209
702.31,-8.77,102955,209
702.59,-8.57,102954,209
702.90,-8.48,102953,209
703.20,-8.72,102952,209
703.52,-8.72,102951,209
703.79,-8.6,102950,209
704.07,-8.75,102949,209
704.41,-8.7,102948,209
704.70,-8.81,102947,209
704.99,-8.75,102946,209
705.27,-8.69,102945,209
705.58,-8.8,102944,209
705.85,-8.64,102943,209
706.11,-8.77,102942,209
706.39,-8.71,102941,209
706.67,-8.63,102940,209
706.95,-8.61,102939,209
707.22,-8.33,102938,209
707.50,-8.41,102937,209
707.79,-8.45,102936,209
708.07,-8.74,102935,209
708.36,-8.69,102934,209
708.64,-9.02,102933,209
708.94,-8.95,102932,209
709.23,-9.03,102931,209
709.54,-9.22,102930,209
709.77,-8.97,102929,209
710.04,-9.05,102928,209
710.33,-9.17,102927,209
710.60,-8.93,102926,209
710.90,-8.84,102925,209
711.16,-8.77,102924,209
711.42,-8.74,102923,209
711.69,-8.75,102922,209
712.02,-8.4,102921,209
712.33,-8.46,102920,209
712.60,-8.12,102919,209
712.92,-7.96,102918,209
713.21,-7.75,102917,209
713.51,-7.58,102916,209
713.78,-7.13,102915,209
714.02,-7.15,102914,209
714.28,-7.07,102913,209
714.54,-7.05,102912,209
714.78,-7.13,102911,209
715.08,-7.43,102910,209
715.39,-7.72,102909,209
715.67,-8.05,102908,209
716.01,-8.27,102907,209
716.56,-8.17,102906,209
717.12,-8.21,102905,209
717.66,-8.18,102904,209
718.24,-8.25,102903,209
718.81,-8.0,102902,209
719.34,-8.32,102901,209
719.87,-8.34,102900,209
720.40,-8.42,102899,209
720.93,-8.49,102898,209
721.46,-8.63,102897,209
722.05,-8.4,102896,209
722.60,-8.61,102895,209
723.16,-8.63,102894,209
723.71,-8.7,102893,209
724.30,-8.64,102892,209
724.83,-8.71,102891,209
725.38,-8.7,102890,209
725.95,-8.55,102889,209
726.49,-8.55,102888,209
727.05,-8.39,102887,209
727.58,-8.6,102886,209
728.13,-8.35,102885,209
728.67,-8.49,102884,209
729.21,-8.54,102883,209
729.78,-8.63,102882,209
730.34,-8.61,102881,209
730.88,-8.65,102880,209
731.43,-8.4,102879,209
731.98,-8.34,102878,209
732.54,-8.46,102877,209
733.08,-8.56,102876,209
733.61,-8.36,102875,209
734.18,-8.44,102874,209
734.76,-8.44,102873,209
735.27,-8.42,102872,209
735.83,-8.26,102871,209
736.39,-8.0,102870,209
736.93,-8.19,102869,209
737.51,-7.97,102868,209
738.05,-7.83,102867,209
738.59,-8.12,102866,209
739.17,-8.44,102865,209
739.72,-8.53,102864,209
740.26,-8.51,102863,209
740.82,-8.63,102862,209
741.40,-8.59,102861,209
741.95,-8.53,102860,209
742.53,-8.64,102859,209
743.12,-8.87,102858,209
743.68,-8.8,102857,209
744.23,-8.77,102856,209
744.76,-8.85,102855,209
745.31,-8.96,102854,209
745.85,-8.72,102853,209
746.39,-8.55,102852,209
746.93,-8.24,102851,209
747.46,-8.21,102850,209
748.02,-8.26,102849,209
748.54,-8.4,102848,209
749.07,-8.74,102847,209
749.63,-8.6,102846,209
750.16,-8.64,102845,209
750.73,-8.53,102844,209
751.27,-8.55,102843,209
751.88,-8.51,102842,209
752.42,-8.44,102841,209
753.00,-8.38,102840,209
753.55,-8.49,102839,209
754.11,-8.67,102838,209
754.64,-8.9,102837,209
755.20,-8.97,102836,209
755.70,-8.92,102835,209
756.31,-8.85,102834,209
756.88,-8.62,102833,209
757.45,-8.51,102832,209
758.00,-8.42,102831,209
758.56,-8.59,102830,209
759.12,-8.76,102829,209
759.63,-8.84,102828,209
760.19,-8.92,102827,209
760.73,-9.0,102826,209
761.30,-8.66,102825,209
761.84,-8.6,102824,209
762.38,-8.4,102823,209
762.92,-8.56,102822,209
763.49,-8.53,102821,209
764.03,-8.86,102820,209
764.60,-8.73,102819,209
765.16,-8.49,102818,209
765.70,-8.38,102817,209
766.24,-8.23,102816,209
766.78,-8.33,102815,209
767.31,-8.23,102814,209
767.88,-8.41,102813,209
768.40,-8.34,102812,209
768.98,-8.38,102811,209
769.55,-8.24,102810,209
770.11,-8.37,102809,209
770.66,-8.31,102808,209
771.18,-8.34,102807,209
771.71,-8.28,102806,209
772.27,-8.23,102805,209
772.82,-8.15,102804,209
773.35,-8.11,102803,209
773.91,-8.22,102802,209
774.47,-8.23,102801,209
775.02,-8.28,102800,209
775.59,-8.22,102799,209
776.15,-8.31,102798,209
776.74,-8.42,102797,209
777.30,-8.3,102796,209
777.88,-8.36,102795,209
778.44,-8.32,102794,209
778.97,-8.38,102793,209
779.53,-8.41,102792,209
780.08,-8.49,102791,209
780.62,-8.41,102790,209
781.14,-8.37,102789,209
781.69,-8.36,102788,209
782.29,-8.34,102787,209
782.80,-8.37,102786,209
783.33,-8.22,102785,209
783.89,-8.35,102784,209
784.41,-8.51,102783,209
784.94,-8.59,102782,209
785.45,-8.68,102781,209
785.99,-8.58,102780,209
786.55,-8.65,102779,209
786.86,-8.72,102778,209
787.01,-8.59,102777,209
787.19,-8.81,102776,209
787.38,-8.92,102775,209
787.58,-8.9,102774,209
787.79,-8.97,102773,209
787.99,-8.82,102772,209
788.19,-8.74,102771,209
788.41,-8.62,102770,209
788.60,-8.6,102769,209
788.80,-8.0,102768,209
789.01,-8.38,102767,209
789.21,-8.39,102766,209
789.39,-8.38,102765,209
789.57,-8.33,102764,209
789.79,-8.06,102763,209
789.96,-8.2,102762,209
790.18,-8.25,102761,209
790.40,-7.96,102760,209
790.60,-8.13,102759,209
790.81,-8.29,102758,209
791.03,-8.06,102757,209
791.23,-8.3,102756,209
791.44,-8.0,102755,209
791.64,-8.06,102754,209
791.80,-8.07,102753,209
792.01,-8.23,102752,209
792.18,-8.38,102751,209
792.33,-8.14,102750,209
792.56,-8.24,102749,209
792.75,-8.34,102748,209
792.95,-8.18,102747,209
793.16,-8.32,102746,209
793.33,-8.39,102745,209
793.57,-8.55,102744,209
793.76,-8.58,102743,209
793.96,-8.54,102742,209
794.18,-8.34,102741,209
794.42,-8.26,102740,209
794.62,-8.19,102739,209
794.82,-7.98,102738,209
795.02,-8.04,102737,209
795.25,-8.14,102736,209
795.44,-8.03,102735,209
795.65,-8.04,102734,209
795.87,-8.0,102733,209
796.11,-8.06,102732,209
796.37,-8.03,102731,209
796.52,-8.18,102730,209
796.75,-8.19,102729,209
797.00,-8.16,102728,209
797.20,-8.13,102727,209
797.40,-7.94,102726,209
797.58,-8.08,102725,209
797.76,-8.02,102724,209
797.98,-8.23,102723,209
798.18,-8.08,102722,209
798.36,-8.06,102721,209
798.57,-8.19,102720,209
798.78,-8.2,102719,209
799.00,-8.19,102718,209
799.20,-8.28,102717,209
799.39,-8.05,102716,209
799.58,-8.11,102715,209
799.79,-8.03,102714,209
799.98,-8.09,102713,209
800.21,-8.06,102712,209
800.42,-8.07,102711,209
800.65,-8.09,102710,209
800.84,-7.96,102709,209
801.02,-8.24,102708,209
801.24,-8.12,102707,209
801.42,-8.27,102706,209
801.63,-8.22,102705,209
801.84,-8.37,102704,209
802.06,-8.33,102703,209
802.24,-8.13,102702,209
802.43,-8.34,102701,209
802.62,-8.11,102700,209
802.86,-8.36,102699,209
803.04,-8.2,102698,209
803.27,-8.39,102697,209
803.46,-8.21,102696,209
803.65,-8.5,102695,209
803.85,-8.26,102694,209
804.05,-8.33,102693,209
804.25,-8.23,102692,209
804.44,-8.13,102691,209
804.67,-8.07,102690,209
804.87,-8.19,102689,209
805.07,-8.08,102688,209
805.29,-8.08,102687,209
805.50,-8.36,102686,209
805.68,-8.39,102685,209
805.89,-8.47,102684,209
806.10,-8.56,102683,209
806.29,-8.85,102682,209
806.50,-8.77,102681,209
806.73,-8.53,102680,209
806.92,-9.02,102679,209
807.12,-8.45,102678,209
807.33,-8.82,102677,209
807.52,-8.55,102676,209
807.75,-8.67,102675,209
807.95,-8.64,102674,209
808.16,-8.98,102673,209
808.37,-8.84,102672,209
808.58,-8.89,102671,209
808.76,-8.43,102670,209
808.99,-8.46,102669,209
809.18,-8.34,102668,209
809.41,-8.17,102667,209
809.61,-8.02,102666,209
809.80,-8.07,102665,209
810.03,-8.13,102664,209
810.28,-8.08,102663,209
810.48,-8.52,102662,209
810.72,-8.56,102661,209
810.93,-8.8,102660,209
811.12,-8.46,102659,209
811.36,-8.48,102658,209
811.54,-8.33,102657,209
811.78,-8.32,102656,209
811.96,-8.27,102655,209
812.16,-8.1,102654,209
812.35,-8.4,102653,209
812.55,-8.34,102652,209
812.76,-8.34,102651,209
812.97,-8.42,102650,209
813.19,-8.53,102649,209
813.39,-8.65,102648,209
813.78,-8.74,102647,209
814.23,-8.78,102646,209
814.63,-8.73,102645,209
815.11,-8.61,102644,209
815.52,-8.6,102643,209
816.02,-9.17,102642,209
816.41,-8.99,102641,209
816.86,-9.24,102640,209
817.32,-9.21,102639,209
817.74,-9.22,102638,209
818.19,-9.54,102637,209
818.64,-9.11,102636,209
819.15,-9.3,102635,209
819.59,-9.03,102634,209
820.04,-9.11,102633,209
820.49,-9.0,102632,209
820.92,-9.13,102631,209
821.43,-9.0,102630,209
821.88,-9.18,102629,209
822.37,-9.03,102628,209
822.84,-9.37,102627,209
823.31,-9.26,102626,209
823.77,-9.25,102625,209
824.28,-9.26,102624,209
824.70,-9.5,102623,209
825.17,-9.43,102622,209
825.63,-9.19,102621,209
826.09,-9.32,102620,209
826.54,-9.05,102619,209
826.97,-9.48,102618,209
827.42,-9.55,102617,209
827.88,-9.35,102616,209
828.38,-9.13,102615,209
828.86,-9.26,102614,209
829.32,-9.12,102613,209
829.79,-9.13,102612,209
830.24,-9.22,102611,209
830.67,-9.09,102610,209
831.13,-9.05,102609,209
831.58,-9.01,102608,209
832.02,-8.95,102607,209
832.46,-8.79,102606,209
832.94,-8.76,102605,209
833.42,-8.61,102604,209
833.90,-8.52,102603,209
834.36,-8.37,102602,209
834.83,-8.24,102601,209
835.31,-8.03,102600,209
835.75,-7.74,102599,209
836.20,-7.57,102598,209
836.64,-7.46,102597,209
837.33,-7.46,102596,209
839.58,-7.08,102595,209
841.74,-7.04,102594,209
844.06,-7.02,102593,209
846.27,-6.92,102592,209
848.47,-7.17,102591,209
850.69,-7.26,102590,209
852.86,-7.36,102589,209
855.11,-7.27,102588,209
857.26,-7.37,102587,209
859.47,-7.62,102586,209
861.72,-7.33,102585,209
863.92,-7.27,102584,209
866.14,-7.29,102583,209
868.30,-7.57,102582,209
870.51,-7.56,102581,209
872.69,-7.59,102580,209
874.91,-7.61,102579,209
877.13,-7.85,102578,209
879.37,-7.89,102577,209
881.71,-8.0,102576,209
883.93,-8.04,102575,209
886.13,-8.11,102574,209
888.32,-8.24,102573,209
890.57,-8.2,102572,209
892.81,-8.24,102571,209
895.05,-7.98,102570,209
897.31,-7.9,102569,209
899.48,-8.03,102568,209
903.99,-8.29,102567,209
906.16,-8.2,102566,209
908.34,-7.84,102565,209
910.63,-7.86,102564,209
912.11,-7.95,102563,209
912.47,-8.1,102562,209
912.78,-8.08,102561,209
913.14,-8.16,102560,209
913.47,-8.25,102559,209
913.81,-8.37,102558,209
914.17,-8.33,102557,209
914.58,-8.37,102556,209
914.93,-8.38,102555,209
915.29,-8.38,102554,209
915.56,-8.38,102553,209
915.91,-8.21,102552,209
916.22,-8.21,102551,209
916.57,-8.05,102550,209
916.90,-8.18,102549,209
917.24,-7.9,102548,209
917.60,-7.91,102547,209
917.99,-7.81,102546,209
918.34,-7.8,102545,209
918.71,-7.74,102544,209
919.03,-7.64,102543,209
919.39,-7.67,102542,209
919.74,-7.9,102541,209
920.10,-7.86,102540,209
920.48,-7.95,102539,209
920.81,-7.85,102538,209
921.15,-7.85,102537,209
921.54,-7.93,102536,209
921.87,-7.53,102535,209
922.21,-7.74,102534,209
922.56,-7.6,102533,209
922.89,-7.59,102532,209
923.25,-7.64,102531,209
923.62,-7.55,102530,209
924.00,-7.75,102529,209
924.36,-7.54,102528,209
924.67,-7.64,102527,209
925.06,-7.65,102526,209
925.46,-7.54,102525,209
925.86,-7.78,102524,209
929.23,-7.77,102523,209
929.67,-7.86,102522,209
930.10,-7.7,102521,209
930.52,-7.98,102520,209
930.95,-7.79,102519,209
931.35,-8.03,102518,209
931.84,-7.79,102517,209
932.26,-7.9,102516,209
932.68,-7.64,102515,209
933.09,-7.7,102514,209
933.53,-7.55,102513,209
933.99,-7.61,102512,209
934.42,-7.31,102511,209
934.83,-7.37,102510,209
935.28,-6.58,102509,209
935.70,-6.91,102508,209
936.13,-7.43,102507,209
936.58,-7.61,102506,209
936.98,-7.6,102505,209
937.44,-7.57,102504,209
937.86,-7.59,102503,209
938.30,-7.59,102502,209
938.74,-7.54,102501,209
939.10,-7.58,102500,209
939.57,-7.35,102499,209
939.98,-7.69,102498,209
940.43,-7.53,102497,209
940.89,-7.78,102496,209
941.37,-7.93,102495,209
941.84,-7.66,102494,209
942.33,-7.99,102493,209
942.80,-7.82,102492,209
943.27,-8.03,102491,209
943.75,-7.68,102490,209
944.23,-7.99,102489,209
944.71,-7.97,102488,209
945.19,-8.02,102487,209
945.67,-8.04,102486,209
946.16,-8.2,102485,209
946.63,-8.1,102484,209
947.12,-8.45,102483,209
947.60,-8.24,102482,209
948.07,-8.46,102481,209
948.55,-8.29,102480,209
949.04,-8.54,102479,209
949.53,-8.26,102478,209
950.00,-8.31,102477,209
950.49,-8.23,102476,209
950.97,-8.15,102475,209
951.46,-8.29,102474,209
951.94,-8.15,102473,209
952.42,-8.36,102472,209
952.90,-8.18,102471,209
953.37,-8.28,102470,209
953.86,-8.22,102469,209
954.35,-8.35,102468,209
954.82,-8.36,102467,209
955.32,-8.47,102466,209
955.79,-8.31,102465,209
956.28,-8.47,102464,209
956.76,-8.44,102463,209
957.25,-8.46,102462,209
957.73,-8.44,102461,209
958.22,-8.3,102460,209
958.69,-8.33,102459,209
959.17,-8.23,102458,209
959.66,-8.28,102457,209
960.15,-8.14,102456,209
960.63,-8.26,102455,209
961.11,-8.19,102454,209
961.59,-8.31,102453,209
962.08,-8.22,102452,209
962.56,-8.25,102451,209
963.05,-8.46,102450,209
963.54,-8.62,102449,209
964.02,-8.61,102448,209
964.50,-8.46,102447,209
964.99,-8.62,102446,209
965.49,-8.66,102445,209
965.98,-8.49,102444,209
966.47,-8.65,102443,209
966.95,-8.73,102442,209
967.44,-8.51,102441,209
967.93,-8.66,102440,209
968.42,-8.68,102439,209
968.91,-8.59,102438,209
969.39,-8.58,102437,209
969.87,-8.46,102436,209
970.36,-8.59,102435,209
970.86,-8.56,102434,209
971.34,-8.51,102433,209
971.82,-8.72,102432,209
972.29,-8.59,102431,209
972.78,-8.51,102430,209
973.28,-8.68,102429,209
973.77,-8.56,102428,209
974.25,-8.54,102427,209
974.73,-8.6,102426,209
975.22,-8.59,102425,209
975.71,-8.59,102424,209
976.19,-8.58,102423,209
976.68,-8.5,102422,209
977.16,-8.5,102421,209
977.63,-8.55,102420,209
978.11,-8.49,102419,209
978.60,-8.55,102418,209
979.09,-8.47,102417,209
979.56,-8.42,102416,209
980.04,-8.43,102415,209
980.52,-8.33,102414,209
981.01,-8.34,102413,209
981.52,-8.37,102412,209
981.98,-8.35,102411,209
982.45,-8.29,102410,209
982.95,-8.22,102409,209
983.44,-8.19,102408,209
983.94,-8.29,102407,209
984.42,-8.32,102406,209
984.90,-8.21,102405,209
985.38,-8.15,102404,209
985.86,-8.14,102403,209
986.33,-8.06,102402,209
986.81,-8.16,102401,209
987.30,-8.07,102400,209
987.79,-8.21,102399,209
988.27,-8.35,102398,209
988.76,-8.29,102397,209
989.25,-8.33,102396,209
989.73,-8.38,102395,209
990.23,-8.17,102394,209
990.71,-8.3,102393,209
991.20,-8.21,102392,209
991.68,-8.24,102391,209
992.16,-8.23,102390,209
992.64,-7.99,102389,209
993.13,-8.22,102388,209
993.61,-8.3,102387,209
994.11,-8.35,102386,209
994.61,-8.39,102385,209
995.09,-8.38,102384,209
995.58,-8.41,102383,209
996.06,-8.45,102382,209
996.55,-8.5,102381,209
997.05,-8.51,102380,209
997.53,-8.43,102379,209
998.04,-8.65,102378,209
998.51,-8.66,102377,209
999.00,-8.69,102376,209
999.47,-8.76,102375,209
999.96,-8.77,102374,209
1000.45,-8.95,102373,209
1000.92,-8.9,102372,209
1001.39,-8.69,102371,209
1001.87,-8.6,102370,209
1002.36,-8.73,102369,209
1002.84,-8.51,102368,209
1003.33,-8.61,102367,209
1003.83,-8.67,102366,209
1004.31,-8.63,102365,209
1004.78,-8.56,102364,209
1005.26,-8.61,102363,209
1005.75,-8.78,102362,209
1006.24,-8.87,102361,209
1006.71,-8.82,102360,209
1007.27,-8.9,102359,209
1007.98,-8.97,102358,209
1008.72,-8.92,102357,209
1009.44,-8.88,102356,209
1010.15,-9.01,102355,209
1010.86,-8.97,102354,209
1011.59,-8.92,102353,209
1012.28,-8.99,102352,209
1012.99,-8.97,102351,209
1013.72,-8.95,102350,209
1014.40,-8.82,102349,209
1015.11,-8.83,102348,209
1015.81,-8.78,102347,209
1016.52,-8.43,102346,209
1017.22,-8.38,102345,209
1017.92,-8.33,102344,209
1018.62,-8.28,102343,209
1019.30,-8.04,102342,209
1020.03,-8.0,102341,209
1020.76,-7.95,102340,209
1021.47,-7.99,102339,209
1022.18,-7.84,102338,209
1022.90,-7.89,102337,209
1023.62,-7.77,102336,209
1024.33,-7.54,102335,209
1025.02,-7.44,102334,209
1025.75,-7.62,102333,209
1026.46,-7.68,102332,209
1027.18,-7.72,102331,209
1027.90,-7.75,102330,209
1028.60,-7.89,102329,209
1029.30,-7.7,102328,209
1030.02,-7.65,102327,209
1030.72,-7.4,102326,209
1031.45,-7.2,102325,209
1032.17,-6.82,102324,209
1034.30,-6.26,102323,209
1035.01,-6.4,102322,209
1035.72,-6.59,102321,209
1036.43,-6.7,102320,209
1037.13,-6.73,102319,209
1037.83,-6.86,102318,209
1038.52,-6.87,102317,209
1039.24,-6.9,102316,209
1039.94,-6.84,102315,209
1040.66,-6.75,102314,209
1041.41,-6.72,102313,209
1042.12,-6.88,102312,209
1042.83,-6.51,102311,209
1043.54,-6.82,102310,209
1044.27,-6.61,102309,209
1044.95,-6.34,102308,209
1045.65,-6.25,102307,209
1046.36,-6.23,102306,209
1047.04,-6.14,102305,209
1047.77,-5.81,102304,209
1048.49,-5.53,102303,209
1049.19,-5.74,102302,209
1049.89,-6.29,102301,209
1050.58,-5.59,102300,209
1051.28,-5.58,102299,209
1052.02,-5.73,102298,209
1052.72,-5.86,102297,209
1053.44,-5.91,102296,209
1054.17,-6.32,102295,209
1054.88,-6.63,102294,209
1055.60,-6.94,102293,209
1056.26,-7.06,102292,209
1056.94,-7.2,102291,209
1057.65,-7.25,102290,209
1058.38,-7.36,102289,209
1059.12,-7.51,102288,209
1059.83,-7.58,102287,209
1060.54,-7.55,102286,209
1061.26,-7.55,102285,209
1061.97,-7.57,102284,209
1062.68,-7.51,102283,209
1063.42,-7.37,102282,209
1064.16,-7.55,102281,209
1064.86,-7.03,102280,209
1065.58,-6.68,102279,209
1066.27,-6.1,102278,209
1066.99,-5.75,102277,209
1067.59,-5.14,102276,209
1068.10,-5.04,102275,209
1068.63,-4.63,102274,209
1069.12,-4.55,102273,209
1069.65,-4.42,102272,209
1070.19,-4.47,102271,209
1070.72,-4.35,102270,209
1071.26,-4.34,102269,209
1071.80,-4.18,102268,209
1072.30,-4.39,102267,209
1072.83,-4.66,102266,209
1073.37,-4.61,102265,209
1073.87,-4.83,102264,209
1074.38,-5.1,102263,209
1074.92,-4.96,102262,209
1075.45,-4.96,102261,209
1075.97,-4.83,102260,209
1076.50,-4.75,102259,209
1077.01,-4.51,102258,209
1077.57,-4.25,102257,209
1078.08,-4.2,102256,209
1078.58,-4.28,102255,209
1079.10,-4.22,102254,209
1079.62,-4.34,102253,209
1080.15,-4.39,102252,209
1080.66,-4.56,102251,209
1081.20,-4.66,102250,209
1081.72,-4.87,102249,209
1082.28,-4.71,102248,209
1082.78,-4.83,102247,209
1083.29,-4.73,102246,209
1083.82,-4.64,102245,209
1084.35,-5.04,102244,209
1084.85,-5.0,102243,209
1085.38,-4.97,102242,209
1085.86,-5.25,102241,209
1086.38,-6.14,102240,209
1086.89,-6.69,102239,209
1087.40,-6.88,102238,209
1087.94,-6.84,102237,209
1088.46,-7.94,102236,209
1089.01,-7.94,102235,209
1089.54,-7.94,102234,209
1090.04,-7.84,102233,209
1090.58,-8.17,102232,209
1091.11,-8.14,102231,209
1091.62,-7.99,102230,209
1092.16,-7.88,102229,209
1092.69,-7.92,102228,209
1093.24,-7.97,102227,209
1093.75,-8.01,102226,209
1094.27,-8.13,102225,209
1094.78,-8.11,102224,209
1095.31,-8.29,102223,209
1095.85,-8.53,102222,209
1096.40,-8.32,102221,209
1096.92,-8.37,102220,209
1097.45,-8.44,102219,209
1098.00,-8.26,102218,209
1098.50,-8.11,102217,209
1099.04,-8.0,102216,209
1099.55,-7.73,102215,209
1100.09,-8.05,102214,209
1100.59,-7.66,102213,209
1101.09,-7.79,102212,209
1101.60,-7.94,102211,209
1102.13,-7.8,102210,209
1102.63,-7.68,102209,209
1103.11,-7.75,102208,209
1103.63,-7.88,102207,209
1104.10,-7.56,102206,209
1104.61,-7.72,102205,209
1105.14,-8.26,102204,209
1105.66,-8.26,102203,209
1106.15,-8.14,102202,209
1106.68,-8.04,102201,209
1107.22,-7.96,102200,209
1107.78,-7.89,102199,209
1108.26,-8.13,102198,209
1108.78,-7.79,102197,209
1109.34,-7.86,102196,209
1109.84,-7.76,102195,209
1110.35,-7.73,102194,209
1110.86,-7.9,102193,209
1111.38,-8.13,102192,209
1111.90,-8.22,102191,209
1112.42,-7.73,102190,209
1112.90,-8.18,102189,209
1113.43,-8.14,102188,209
1113.99,-8.57,102187,209
1114.53,-7.93,102186,209
1115.06,-8.15,102185,209
1115.57,-8.04,102184,209
1116.11,-8.09,102183,209
1116.66,-8.73,102182,209
1117.19,-8.17,102181,209
1117.71,-8.35,102180,209
1118.24,-8.33,102179,209
1118.77,-8.04,102178,209
1119.32,-8.24,102177,209
1119.85,-8.48,102176,209
1120.37,-8.11,102175,209
1120.87,-7.77,102174,209
1121.41,-8.06,102173,209
1121.92,-7.81,102172,209
1122.48,-7.89,102171,209
1123.00,-7.96,102170,209
1123.53,-7.94,102169,209
1124.59,-8.02,102168,209
1125.12,-8.1,102167,209
1125.62,-8.17,102166,209
1126.13,-8.16,102165,209
1126.65,-8.19,102164,209
1127.69,-8.08,102163,209
1128.21,-8.09,102162,209
1128.71,-8.14,102161,209
1129.25,-8.24,102160,209
1129.77,-8.5,102159,209
1130.82,-8.37,102158,209
1131.32,-8.0,102157,209
1131.83,-8.09,102156,209
1132.34,-8.07,102155,209
1132.85,-8.15,102154,209
1133.39,-8.05,102153,209
1133.92,-7.9,102152,209
1134.46,-8.27,102151,209
1135.00,-7.97,102150,209
1135.50,-8.14,102149,209
1136.01,-8.21,102148,209
1136.55,-8.09,102147,209
1137.08,-8.29,102146,209
1137.59,-8.19,102145,209
1138.10,-8.32,102144,209
1138.60,-8.34,102143,209
1139.13,-8.33,102142,209
1139.66,-8.5,102141,209
1140.17,-8.48,102140,209
1140.68,-8.62,102139,209
1141.22,-8.45,102138,209
1141.72,-8.31,102137,209
1142.23,-8.4,102136,209
1142.73,-8.39,102135,209
1143.25,-8.17,102134,209
1143.77,-8.17,102133,209
1144.32,-8.35,102132,209
1144.81,-8.08,102131,209
1145.35,-8.05,102130,209
1145.87,-7.91,102129,209
1146.40,-7.9,102128,209
1146.95,-7.86,102127,209
1147.47,-7.7,102126,209
1148.00,-7.72,102125,209
1148.51,-7.54,102124,209
1149.07,-7.6,102123,209
1149.60,-7.5,102122,209
1150.08,-7.5,102121,209
1150.59,-7.61,102120,209
1151.14,-7.81,102119,209
1151.63,-8.01,102118,209
1152.15,-7.97,102117,209
1152.66,-8.24,102116,209
1153.15,-8.27,102115,209
1153.68,-8.48,102114,209
1154.19,-8.54,102113,209
1154.71,-8.47,102112,209
1155.22,-8.39,102111,209
1155.74,-8.34,102110,209
1156.25,-8.46,102109,209
1156.76,-8.47,102108,209
1157.27,-8.57,102107,209
1157.81,-9.02,102106,209
1158.35,-8.9,102105,209
1158.87,-8.79,102104,209
1159.35,-9.32,102103,209
1159.85,-9.46,102102,209
1160.35,-9.27,102101,209
1160.90,-9.66,102100,209
1161.38,-9.64,102099,209
1161.90,-9.14,102098,209
1162.43,-9.19,102097,209
1162.94,-8.48,102096,209
1163.49,-8.28,102095,209
1164.03,-8.47,102094,209
1164.56,-8.07,102093,209
1165.08,-8.07,102092,209
1165.62,-8.07,102091,209
1166.16,-8.23,102090,209
1166.71,-8.29,102089,209
1167.22,-8.31,102088,209
1167.75,-8.01,102087,209
1168.28,-7.95,102086,209
1168.80,-7.93,102085,209
1169.29,-7.83,102084,209
1169.79,-8.05,102083,209
1170.30,-8.15,102082,209
1170.83,-8.33,102081,209
1171.34,-8.15,102080,209
1171.89,-8.32,102079,209
1172.38,-7.94,102078,209
1172.87,-8.16,102077,209
1173.39,-8.34,102076,209
1173.94,-8.49,102075,209
1174.48,-8.79,102074,209
1175.37,-8.66,102073,209
1176.26,-8.73,102072,209
1177.20,-8.42,102071,209
1178.12,-8.5,102070,209
1179.04,-8.44,102069,209
1179.99,-8.6,102068,209
1180.96,-8.29,102067,209
1181.90,-8.17,102066,209
1182.86,-7.94,102065,209
1183.79,-7.99,102064,209
1184.76,-7.87,102063,209
1185.69,-7.92,102062,209
1186.62,-8.13,102061,209
1187.61,-7.92,102060,209
1188.57,-7.81,102059,209
1189.54,-7.61,102058,209
1190.45,-7.6,102057,209
1191.39,-8.15,102056,209
1192.33,-7.9,102055,209
1193.23,-8.2,102054,209
1194.20,-8.11,102053,209
1195.12,-8.39,102052,209
1196.04,-8.04,102051,209
1197.01,-7.86,102050,209
1197.93,-7.98,102049,209
1198.85,-7.99,102048,209
1199.72,-8.14,102047,209
1200.65,-8.3,102046,209
1201.64,-8.04,102045,209
1202.56,-8.41,102044,209
1203.42,-8.18,102043,209
1204.34,-8.22,102042,209
1205.28,-8.32,102041,209
1206.22,-8.37,102040,209
1207.22,-8.27,102039,209
1209.04,-7.97,102038,209
1210.00,-8.01,102037,209
1210.97,-8.19,102036,209
1211.95,-8.15,102035,209
1212.88,-8.27,102034,209
1213.79,-8.1,102033,209
1214.69,-7.98,102032,209
1215.63,-8.08,102031,209
1216.46,-8.35,102030,209
1217.39,-8.76,102029,209
1218.34,-9.01,102028,209
1219.26,-9.18,102027,209
1220.10,-9.05,102026,209
1221.06,-9.01,102025,209
1221.96,-9.02,102024,209
1222.87,-9.04,102023,209
1223.80,-9.39,102022,209
1224.71,-9.52,102021,209
1225.64,-9.7,102020,209
1226.59,-9.76,102019,209
1227.53,-9.44,102018,209
1228.39,-9.32,102017,209
1229.32,-9.09,102016,209
1230.27,-8.99,102015,209
1231.21,-9.12,102014,209
1232.09,-9.43,102013,209
1232.98,-9.48,102012,209
1233.90,-9.42,102011,209
1234.87,-9.13,102010,209
1235.81,-9.46,102009,209
1236.80,-9.63,102008,209
1237.74,-9.77,102007,209
1238.63,-9.53,102006,209
1239.61,-9.47,102005,209
1240.57,-9.32,102004,209
1241.49,-9.02,102003,209
1242.45,-8.54,102002,209
1243.43,-8.11,102001,209
1244.40,-7.92,102000,209
1245.40,-8.41,101999,209
1246.29,-8.54,101998,209
1247.23,-8.51,101997,209
1248.14,-8.99,101996,209
1249.07,-9.31,101995,209
1249.98,-9.48,101994,209
1250.91,-9.46,101993,209
1251.85,-9.34,101992,209
1252.73,-9.14,101991,209
1253.65,-9.04,101990,209
1254.55,-8.54,101989,209
1255.45,-8.47,101988,209
1256.39,-8.66,101987,209
1257.40,-8.95,101986,209
1258.27,-9.15,101985,209
1259.19,-9.35,101984,209
1260.09,-9.06,101983,209
1261.05,-8.78,101982,209
1262.02,-8.86,101981,209
1262.99,-8.57,101980,209
1263.91,-8.56,101979,209
1264.82,-8.27,101978,209
1265.72,-8.4,101977,209
1266.62,-8.51,101976,209
1267.55,-8.55,101975,209
1268.40,-8.34,101974,209
1269.39,-8.34,101973,209
1270.34,-8.62,101972,209
1271.28,-8.67,101971,209
1272.24,-8.88,101970,209
1273.25,-8.87,101969,209
1274.22,-9.18,101968,209
1275.09,-8.51,101967,209
1275.98,-8.79,101966,209
1276.88,-8.53,101965,209
1277.78,-8.57,101964,209
1278.72,-8.64,101963,209
1279.62,-8.72,101962,209
1280.57,-8.93,101961,209
1281.49,-9.12,101960,209
1282.46,-8.62,101959,209
1283.45,-8.84,101958,209
1284.41,-8.72,101957,209
1285.34,-8.77,101956,209
1286.28,-9.51,101955,209
1287.24,-8.91,101954,209
1288.16,-8.9,101953,209
1289.09,-8.71,101952,209
1290.04,-9.08,101951,209
1290.67,-8.92,101950,209
1291.25,-9.66,101949,209
1291.81,-10.03,101948,209
1292.40,-9.57,101947,209
1293.00,-9.66,101946,209
1293.56,-9.84,101945,209
1294.13,-10.2,101944,209
1294.68,-10.11,101943,209
1295.29,-9.99,101942,209
1295.88,-9.78,101941,209
1296.48,-9.91,101940,209
1297.07,-9.66,101939,209
1297.64,-10.05,101938,209
1298.23,-10.01,101937,209
1298.81,-9.9,101936,209
1299.37,-9.15,101935,209
1299.92,-8.9,101934,209
1300.50,-8.85,101933,209
1301.10,-8.95,101932,209
1301.71,-8.96,101931,209
1302.28,-9.2,101930,209
1302.91,-9.48,101929,209
1303.48,-9.62,101928,209
1304.11,-10.0,101927,209
1304.73,-9.86,101926,209
1305.38,-10.08,101925,209
1305.98,-9.94,101924,209
1306.56,-10.02,101923,209
1307.18,-10.18,101922,209
1307.78,-10.04,101921,209
1308.41,-10.08,101920,209
1309.05,-9.96,101919,209
1309.67,-9.96,101918,209
1310.24,-9.86,101917,209
1310.84,-9.93,101916,209
1311.40,-9.83,101915,209
1312.06,-9.86,101914,209
1312.72,-9.85,101913,209
1313.28,-9.73,101912,209
1313.83,-9.63,101911,209
1314.45,-9.5,101910,209
1315.00,-9.24,101909,209
1315.61,-9.31,101908,209
1316.20,-9.22,101907,209
1316.81,-9.24,101906,209
1317.41,-9.28,101905,209
1318.00,-9.18,101904,209
1318.61,-9.25,101903,209
1319.22,-9.5,101902,209
1319.76,-9.48,101901,209
1320.38,-9.03,101900,209
1320.90,-8.84,101899,209
1321.47,-8.97,101898,209
1322.09,-9.14,101897,209
1322.67,-8.96,101896,209
1323.28,-8.67,101895,209
1323.91,-8.44,101894,209
1324.47,-8.31,101893,209
1325.12,-8.48,101892,209
1325.69,-8.32,101891,209
1326.33,-7.23,101890,209
1327.52,-7.94,101889,209
1328.15,-7.83,101888,209
1328.73,-7.81,101887,209
1329.33,-7.81,101886,209
1329.89,-7.69,101885,209
1330.49,-7.64,101884,209
1331.09,-7.67,101883,209
1331.63,-7.66,101882,209
1332.23,-7.74,101881,209
1332.79,-7.62,101880,209
1333.40,-7.65,101879,209
1333.98,-7.68,101878,209
1334.57,-7.76,101877,209
1335.18,-7.88,101876,209
1335.79,-7.82,101875,209
1336.36,-7.9,101874,209
1336.99,-7.88,101873,209
1337.57,-7.89,101872,209
1338.23,-7.74,101871,209
1338.88,-7.77,101870,209
1339.49,-7.75,101869,209
1340.07,-7.49,101868,209
1340.64,-7.69,101867,209
1341.18,-7.6,101866,209
1341.73,-7.68,101865,209
1342.33,-7.85,101864,209
1342.88,-8.11,101863,209
1343.49,-7.81,101862,209
1344.10,-8.0,101861,209
1344.69,-7.84,101860,209
1345.34,-8.01,101859,209
1345.94,-7.72,101858,209
1346.50,-7.82,101857,209
1347.10,-7.84,101856,209
1347.70,-7.94,101855,209
1348.27,-7.93,101854,209
1348.79,-7.96,101853,209
1349.43,-7.75,101852,209
1350.06,-7.94,101851,209
1350.68,-7.86,101850,209
1351.25,-7.74,101849,209
1351.87,-7.81,101848,209
1352.52,-7.83,101847,209
1353.06,-7.93,101846,209
1353.69,-8.07,101845,209
1354.32,-7.95,101844,209
1354.90,-8.08,101843,209
1355.54,-8.08,101842,209
1356.16,-8.19,101841,209
1356.77,-8.29,101840,209
1357.34,-8.22,101839,209
1358.02,-8.41,101838,209
1358.61,-8.4,101837,209
1359.23,-8.57,101836,209
1359.79,-8.56,101835,209
1360.43,-8.63,101834,209
1361.04,-8.58,101833,209
1361.61,-8.72,101832,209
1362.24,-8.79,101831,209
1362.86,-8.75,101830,209
1363.42,-8.85,101829,209
1364.01,-8.54,101828,209
1364.61,-8.38,101827,209
1365.23,-8.57,101826,209
1365.80,-8.53,101825,209
1366.47,-8.5,101824,209
1367.06,-8.58,101823,209
1367.69,-8.65,101822,209
1368.33,-8.81,101821,209
1368.92,-8.77,101820,209
1369.52,-8.87,101819,209
1370.10,-8.7,101818,209
1370.64,-8.89,101817,209
1371.24,-8.9,101816,209
1371.83,-9.1,101815,209
1372.50,-9.1,101814,209
1373.07,-9.13,101813,209
1373.60,-9.08,101812,209
1374.18,-9.03,101811,209
1374.75,-9.16,101810,209
1375.35,-9.47,101809,209
1375.98,-9.23,101808,209
1376.58,-8.93,101807,209
1377.17,-8.84,101806,209
1377.79,-8.77,101805,209
1378.33,-8.86,101804,209
1378.93,-9.07,101803,209
1379.55,-9.19,101802,209
1380.17,-9.29,101801,209
1380.84,-9.07,101800,209
1381.49,-9.08,101799,209
1382.09,-9.26,101798,209
1382.71,-9.28,101797,209
1383.33,-8.83,101796,209
1383.88,-8.59,101795,209
1384.47,-8.39,101794,209
1385.08,-8.15,101793,209
1385.67,-8.24,101792,209
1386.24,-8.16,101791,209
1386.83,-8.05,101790,209
1387.36,-8.09,101789,209
1387.97,-7.98,101788,209
1388.57,-7.85,101787,209
1389.20,-7.77,101786,209
1389.74,-7.71,101785,209
1390.31,-7.73,101784,209
1390.91,-7.78,101783,209
1391.52,-7.74,101782,209
1392.07,-7.84,101781,209
1392.68,-7.97,101780,209
1393.23,-8.08,101779,209
1393.89,-8.35,101778,209
1394.53,-8.49,101777,209
1394.88,-8.48,101776,209
1395.22,-8.57,101775,209
1395.56,-8.55,101774,209
1395.90,-8.63,101773,209
1396.26,-8.71,101772,209
1396.61,-8.57,101771,209
1397.29,-8.83,101770,209
1397.65,-8.92,101769,209
1398.00,-8.77,101768,209
1398.37,-8.94,101767,209
1398.73,-8.93,101766,209
1399.08,-9.12,101765,209
1399.42,-9.27,101764,209
1399.76,-9.42,101763,209
1400.10,-9.18,101762,209
1400.45,-9.18,101761,209
1400.81,-9.02,101760,209
1401.15,-8.76,101759,209
1401.51,-8.78,101758,209
1401.85,-8.67,101757,209
1402.20,-8.59,101756,209
1402.54,-8.53,101755,209
1402.88,-8.56,101754,209
1403.23,-8.43,101753,209
1403.59,-8.62,101752,209
1403.96,-8.53,101751,209
1404.31,-8.62,101750,209
1404.65,-8.71,101749,209
1404.99,-8.66,101748,209
1405.32,-8.78,101747,209
1405.68,-8.86,101746,209
1406.01,-8.76,101745,209
1406.34,-8.81,101744,209
1406.71,-8.8,101743,209
1407.04,-9.03,101742,209
1407.39,-8.93,101741,209
1407.75,-8.84,101740,209
1408.09,-8.98,101739,209
1408.44,-8.9,101738,209
1408.79,-8.84,101737,209
1409.14,-8.75,101736,209
1409.48,-8.53,101735,209
1409.83,-8.27,101734,209
1410.15,-8.35,101733,209
1410.48,-8.34,101732,209
1410.83,-8.28,101731,209
1411.19,-8.32,101730,209
1411.53,-8.38,101729,209
1411.89,-8.34,101728,209
1412.25,-8.33,101727,209
1412.61,-8.18,101726,209
1412.95,-8.19,101725,209
1413.31,-8.2,101724,209
1413.68,-8.21,101723,209
1414.01,-8.26,101722,209
1414.37,-8.2,101721,209
1414.72,-8.12,101720,209
1415.07,-8.1,101719,209
1415.40,-7.95,101718,209
1415.74,-7.87,101717,209
1416.08,-7.83,101716,209
1416.44,-7.85,101715,209
1416.82,-7.95,101714,209
1417.16,-7.84,101713,209
1417.52,-7.96,101712,209
1417.87,-8.09,101711,209
1418.24,-8.08,101710,209
1418.57,-8.21,101709,209
1418.95,-8.21,101708,209
1419.30,-8.36,101707,209
1419.63,-8.3,101706,209
1420.01,-8.32,101705,209
1420.33,-8.4,101704,209
1420.70,-8.32,101703,209
1421.05,-8.35,101702,209
1421.41,-8.29,101701,209
1421.90,-8.18,101700,209
1422.39,-8.13,101699,209
1422.88,-8.03,101698,209
1423.37,-8.0,101697,209
1423.87,-7.92,101696,209
1424.36,-8.13,101695,209
1424.86,-8.23,101694,209
1425.34,-8.11,101693,209
1425.84,-8.1,101692,209
1426.32,-8.12,101691,209
1426.82,-8.06,101690,209
1427.32,-8.07,101689,209
1427.81,-8.14,101688,209
1428.30,-8.08,101687,209
1428.79,-7.96,101686,209
1429.29,-7.96,101685,209
1429.78,-8.02,101684,209
1430.27,-7.92,101683,209
1430.76,-7.97,101682,209
1431.26,-8.03,101681,209
1431.74,-7.96,101680,209
1432.23,-7.88,101679,209
1432.72,-7.88,101678,209
1433.21,-7.8,101677,209
1433.71,-8.09,101676,209
1434.20,-8.33,101675,209
1434.70,-7.82,101674,209
1435.18,-8.06,101673,209
1435.66,-7.73,101672,209
1436.15,-8.05,101671,209
1436.64,-7.83,101670,209
1437.13,-7.88,101669,209
1437.63,-7.62,101668,209
1438.12,-7.88,101667,209
1438.60,-8.35,101666,209
1439.09,-7.94,101665,209
1439.58,-8.25,101664,209
1440.07,-8.11,101663,209
1440.56,-8.19,101662,209
1441.06,-7.77,101661,209
1441.55,-7.94,101660,209
1442.04,-8.02,101659,209
1442.54,-7.78,101658,209
1443.02,-7.95,101657,209
1443.51,-7.92,101656,209
1444.01,-7.69,101655,209
1444.50,-8.0,101654,209
1444.98,-7.65,101653,209
1445.47,-7.85,101652,209
1445.97,-7.77,101651,209
1446.46,-7.72,101650,209
1446.95,-7.45,101649,209
1447.43,-7.6,101648,209
1447.92,-7.63,101647,209
1448.42,-7.47,101646,209
1448.90,-7.36,101645,209
1449.40,-7.39,101644,209
1449.90,-7.69,101643,209
1450.39,-7.53,101642,209
1450.88,-7.72,101641,209
1451.37,-7.57,101640,209
1451.86,-7.81,101639,209
1452.35,-8.18,101638,209
1452.85,-7.56,101637,209
1453.34,-7.57,101636,209
1453.83,-7.38,101635,209
1454.32,-7.45,101634,209
1454.81,-7.52,101633,209
1455.30,-7.44,101632,209
1455.79,-7.41,101631,209
1456.28,-7.41,101630,209
1456.78,-7.38,101629,209
1457.26,-7.56,101628,209
1457.76,-7.61,101627,209
1458.25,-7.58,101626,209
1458.75,-7.6,101625,209
1459.73,-7.73,101624,209
1460.71,-7.52,101623,209
1461.19,-7.66,101622,209
1461.69,-7.66,101621,209
1462.18,-7.9,101620,209
1462.67,-7.88,101619,209
1463.16,-7.88,101618,209
1463.65,-7.97,101617,209
1464.14,-8.01,101616,209
1464.64,-7.91,101615,209
1465.13,-7.94,101614,209
1465.61,-7.79,101613,209
1466.09,-7.74,101612,209
1466.58,-7.8,101611,209
1467.08,-7.79,101610,209
1467.57,-7.68,101609,209
1468.06,-7.67,101608,209
1468.56,-7.45,101607,209
1469.04,-7.11,101606,209
1469.54,-6.95,101605,209
1470.04,-6.81,101604,209
1470.53,-6.5,101603,209
1471.03,-5.96,101602,209
1471.52,-5.7,101601,209
1472.00,-5.73,101600,209
1472.49,-6.52,101599,209
1472.97,-7.29,101598,209
1473.45,-7.31,101597,209
1473.93,-7.4,101596,209
1474.41,-7.29,101595,209
1474.89,-7.14,101594,209
1475.37,-7.15,101593,209
1475.86,-7.07,101592,209
1476.34,-6.97,101591,209
1476.82,-7.15,101590,209
1477.30,-7.09,101589,209
1477.77,-7.27,101588,209
1478.25,-7.34,101587,209
1478.73,-7.34,101586,209
1479.21,-7.35,101585,209
1479.69,-7.38,101584,209
1480.17,-7.44,101583,209
1480.66,-7.47,101582,209
1481.13,-7.48,101581,209
1481.61,-7.51,101580,209
1482.09,-7.44,101579,209
1482.57,-7.33,101578,209
1483.05,-7.54,101577,209
1483.52,-7.46,101576,209
1483.99,-7.48,101575,209
1484.47,-7.41,101574,209
1484.95,-7.41,101573,209
1485.43,-7.37,101572,209
1485.90,-7.37,101571,209
1486.38,-7.3,101570,209
1486.86,-7.36,101569,209
1487.34,-7.31,101568,209
1487.82,-7.4,101567,209
1488.30,-7.44,101566,209
1488.78,-7.45,101565,209
1489.26,-7.57,101564,209
1489.74,-7.59,101563,209
1490.22,-7.55,101562,209
1490.70,-7.64,101561,209
1491.18,-7.64,101560,209
1491.66,-7.66,101559,209
1492.14,-7.7,101558,209
1492.62,-7.65,101557,209
1493.09,-7.69,101556,209
1493.57,-7.68,101555,209
1494.04,-7.62,101554,209
1494.51,-7.6,101553,209
1494.99,-7.61,101552,209
1495.47,-7.67,101551,209
1495.94,-7.56,101550,209
1496.42,-7.51,101549,209
1496.90,-7.38,101548,209
1497.38,-7.3,101547,209
1497.86,-7.48,101546,209
1498.34,-7.53,101545,209
1498.82,-7.61,101544,209
1499.30,-7.57,101543,209
1499.78,-7.4,101542,209
1500.26,-7.43,101541,209
1500.74,-7.55,101540,209
1501.22,-7.58,101539,209
1501.70,-7.68,101538,209
1502.17,-7.67,101537,209
1502.65,-7.68,101536,209
1503.13,-7.53,101535,209
1503.60,-7.7,101534,209
1504.08,-7.69,101533,209
1504.56,-7.88,101532,209
1505.04,-7.91,101531,209
1505.51,-7.89,101530,209
1506.00,-7.88,101529,209
1506.47,-8.2,101528,209
1506.95,-8.36,101527,209
1507.44,-8.34,101526,209
1507.91,-8.4,101525,209
1508.39,-8.39,101524,209
1508.87,-8.36,101523,209
1509.35,-8.47,101522,209
1509.83,-8.44,101521,209
1510.31,-8.41,101520,209
1510.79,-8.44,101519,209
1511.27,-8.36,101518,209
1511.74,-8.35,101517,209
1512.22,-8.41,101516,209
1512.70,-8.44,101515,209
1513.18,-8.43,101514,209
1513.65,-8.42,101513,209
1514.13,-8.3,101512,209
1514.61,-8.29,101511,209
1515.10,-8.37,101510,209
1515.57,-8.38,101509,209
1516.05,-8.37,101508,209
1516.53,-8.24,101507,209
1517.00,-8.19,101506,209
1517.48,-8.16,101505,209
1517.96,-8.14,101504,209
1518.44,-8.27,101503,209
1518.91,-8.16,101502,209
1519.39,-8.21,101501,209
1519.87,-8.12,101500,209
1520.35,-8.05,101499,209
1520.82,-8.32,101498,209
1521.31,-8.14,101497,209
1521.79,-8.13,101496,209
1522.27,-8.3,101495,209
1522.74,-8.39,101494,209
1523.22,-8.39,101493,209
1523.70,-8.42,101492,209
1524.18,-8.35,101491,209
1524.66,-8.47,101490,209
1525.13,-8.39,101489,209
1525.61,-8.39,101488,209
1526.09,-8.36,101487,209
1526.57,-8.41,101486,209
1527.05,-8.41,101485,209
1527.53,-8.35,101484,209
1528.01,-8.37,101483,209
1528.49,-8.3,101482,209
1528.97,-8.21,101481,209
1529.46,-8.32,101480,209
1529.93,-8.22,101479,209
1530.41,-8.1,101478,209
1530.89,-8.35,101477,209
1531.37,-8.4,101476,209
1531.85,-8.24,101475,209
1532.33,-8.37,101474,209
1532.81,-8.31,101473,209
1533.29,-8.07,101472,209
1533.76,-8.03,101471,209
1534.24,-7.94,101470,209
1534.72,-7.73,101469,209
1535.20,-7.64,101468,209
1535.68,-7.69,101467,209
1536.16,-7.6,101466,209
1536.64,-8.02,101465,209
1537.11,-7.69,101464,209
1537.59,-7.59,101463,209
1538.07,-7.74,101462,209
1538.54,-7.3,101461,209
1539.02,-7.32,101460,209
1539.50,-7.41,101459,209
1539.98,-7.81,101458,209
1540.46,-7.67,101457,209
1540.94,-7.49,101456,209
1541.42,-7.66,101455,209
1541.90,-7.74,101454,209
1542.38,-7.69,101453,209
1542.86,-7.65,101452,209
1543.34,-7.55,101451,209
1543.83,-7.55,101450,209
1544.31,-7.54,101449,209
1544.78,-7.41,101448,209
1545.26,-7.4,101447,209
1545.74,-7.16,101446,209
1546.22,-7.15,101445,209
1546.69,-7.13,101444,209
1547.07,-7.21,101443,209
1547.44,-7.36,101442,209
1547.82,-7.38,101441,209
1548.19,-7.17,101440,209
1548.56,-7.1,101439,209
1548.95,-6.76,101438,209
1549.31,-6.68,101437,209
1549.68,-6.68,101436,209
1550.05,-6.84,101435,209
1550.42,-6.9,101434,209
1550.79,-7.0,101433,209
1551.17,-7.35,101432,209
1551.55,-7.39,101431,209
1551.93,-7.27,101430,209
1552.29,-7.25,101429,209
1552.65,-7.31,101428,209
1553.02,-7.48,101427,209
1553.38,-7.24,101426,209
1553.75,-7.25,101425,209
1554.12,-7.27,101424,209
1554.50,-7.29,101423,209
1554.88,-7.39,101422,209
1555.24,-7.41,101421,209
1555.61,-7.42,101420,209
1555.98,-7.42,101419,209
1556.37,-7.67,101418,209
1556.74,-7.63,101417,209
1557.11,-7.64,101416,209
1557.48,-7.76,101415,209
1557.84,-7.9,101414,209
1558.21,-7.89,101413,209
1558.58,-8.04,101412,209
1558.96,-8.09,101411,209
1559.35,-8.47,101410,209
1559.71,-8.17,101409,209
1560.08,-8.39,101408,209
1560.45,-8.34,101407,209
1560.83,-8.41,101406,209
1561.20,-8.23,101405,209
1561.57,-8.19,101404,209
1561.94,-8.16,101403,209
1562.32,-8.49,101402,209
1562.69,-8.29,101401,209
1563.06,-8.13,101400,209
1563.44,-8.14,101399,209
1563.81,-8.31,101398,209
1564.17,-8.15,101397,209
1564.55,-7.96,101396,209
1564.93,-8.17,101395,209
1565.30,-8.07,101394,209
1565.66,-8.05,101393,209
1566.02,-8.37,101392,209
1566.41,-8.16,101391,209
1566.78,-8.08,101390,209
1567.17,-8.0,101389,209
1567.56,-7.92,101388,209
1567.94,-8.11,101387,209
1568.33,-7.96,101386,209
1568.70,-7.87,101385,209
1569.06,-7.92,101384,209
1569.43,-7.95,101383,209
1569.82,-8.44,101382,209
1570.19,-8.16,101381,209
1570.94,-8.06,101380,209
1571.32,-8.34,101379,209
1571.70,-8.14,101378,209
1572.07,-8.18,101377,209
1572.44,-8.2,101376,209
1572.81,-8.17,101375,209
1573.19,-8.11,101374,209
1573.57,-8.29,101373,209
1573.94,-8.17,101372,209
1574.32,-8.12,101371,209
1574.69,-8.29,101370,209
1575.06,-7.9,101369,209
1575.43,-8.27,101368,209
1575.81,-8.11,101367,209
1576.19,-8.0,101366,209
1576.56,-8.14,101365,209
1576.94,-8.26,101364,209
1577.32,-7.99,101363,209
1577.71,-7.97,101362,209
1578.08,-7.94,101361,209
1578.45,-7.92,101360,209
1578.82,-7.98,101359,209
1579.19,-7.95,101358,209
1579.56,-8.15,101357,209
1579.93,-7.94,101356,209
1580.30,-8.04,101355,209
1580.67,-8.07,101354,209
1581.04,-8.13,101353,209
1581.41,-8.03,101352,209
1581.78,-8.13,101351,209
1582.16,-8.33,101350,209
1582.54,-8.36,101349,209
1582.91,-8.07,101348,209
1583.29,-8.13,101347,209
1583.67,-8.18,101346,209
1584.05,-8.2,101345,209
1584.81,-8.05,101344,209
1585.18,-8.11,101343,209
1585.54,-8.27,101342,209
1585.92,-7.77,101341,209
1586.30,-7.82,101340,209
1586.66,-7.92,101339,209
1587.03,-8.07,101338,209
1587.40,-7.69,101337,209
1587.78,-7.67,101336,209
1588.15,-7.87,101335,209
1588.52,-8.03,101334,209
1588.90,-7.98,101333,209
1589.27,-8.05,101332,209
1589.64,-7.97,101331,209
1590.02,-7.95,101330,209
1590.40,-7.94,101329,209
1590.77,-8.08,101328,209
1591.15,-8.08,101327,209
1591.53,-7.81,101326,209
1591.91,-7.81,101325,209
1592.29,-7.66,101324,209
1592.66,-8.31,101323,209
1593.03,-8.01,101322,209
1593.41,-7.92,101321,209
1594.92,-8.09,101320,209
1595.30,-8.02,101319,209
1595.67,-7.97,101318,209
1596.05,-7.98,101317,209
1596.42,-7.94,101316,209
1596.79,-8.03,101315,209
1597.16,-8.04,101314,209
1597.54,-8.08,101313,209
1597.92,-8.18,101312,209
1598.29,-8.27,101311,209
1598.67,-8.16,101310,209
1599.05,-8.15,101309,209
1599.43,-8.17,101308,209
1599.81,-8.11,101307,209
1600.18,-8.08,101306,209
1600.55,-8.15,101305,209
1600.93,-8.08,101304,209
1601.31,-8.03,101303,209
1601.68,-8.06,101302,209
1602.06,-7.94,101301,209
1602.44,-7.88,101300,209
1602.81,-7.99,101299,209
1603.56,-7.88,101298,209
1603.94,-7.99,101297,209
1604.32,-7.98,101296,209
1604.70,-8.08,101295,209
1605.06,-7.87,101294,209
1605.43,-8.05,101293,209
1605.81,-8.09,101292,209
1606.18,-8.03,101291,209
1606.55,-8.06,101290,209
1606.92,-8.13,101289,209
1607.30,-8.27,101288,209
1607.67,-8.13,101287,209
1608.04,-8.17,101286,209
1608.41,-8.1,101285,209
1608.78,-8.02,101284,209
1609.15,-8.12,101283,209
1609.52,-8.06,101282,209
1609.89,-7.97,101281,209
1610.26,-8.02,101280,209
1610.63,-8.05,101279,209
1611.00,-8.1,101278,209
1611.38,-8.03,101277,209
1611.75,-8.06,101276,209
1612.12,-8.1,101275,209
1612.49,-8.04,101274,209
1612.85,-8.1,101273,209
1613.22,-8.02,101272,209
1613.59,-7.97,101271,209
1613.95,-7.97,101270,209
1614.33,-7.87,101269,209
1614.71,-8.05,101268,209
1615.08,-8.0,101267,209
1615.46,-8.45,101266,209
1616.08,-6.94,101265,209
1616.65,-6.83,101264,209
1617.31,-6.97,101263,209
1617.90,-6.76,101262,209
1618.52,-7.65,101261,209
1619.13,-7.56,101260,209
1619.76,-7.52,101259,209
1620.37,-7.45,101258,209
1620.96,-7.39,101257,209
1621.52,-7.33,101256,209
1622.14,-7.14,101255,209
1622.74,-7.42,101254,209
1623.31,-7.83,101253,209
1623.93,-7.67,101252,209
1624.47,-7.52,101251,209
1625.07,-7.69,101250,209
1625.66,-6.95,101249,209
1626.26,-6.81,101248,209
1626.91,-7.16,101247,209
1627.54,-7.0,101246,209
1628.15,-6.95,101245,209
1628.74,-6.92,101244,209
1629.30,-6.88,101243,209
1629.87,-6.4,101242,209
1632.27,-6.51,101241,209
1632.85,-6.84,101240,209
1633.44,-7.1,101239,209
1634.07,-7.26,101238,209
1634.64,-7.05,101237,209
1635.23,-7.8,101236,209
1635.81,-7.71,101235,209
1636.42,-8.11,101234,209
1637.04,-7.56,101233,209
1637.65,-8.11,101232,209
1638.25,-7.73,101231,209
1638.81,-7.44,101230,209
1639.42,-7.38,101229,209
1640.08,-7.34,101228,209
1640.68,-7.66,101227,209
1641.29,-6.94,101226,209
1641.89,-6.68,101225,209
1642.46,-6.37,101224,209
1643.59,-6.76,101223,209
1644.23,-6.81,101222,209
1644.80,-7.3,101221,209
1645.36,-7.16,101220,209
1645.93,-7.25,101219,209
1646.56,-7.67,101218,209
1647.19,-7.71,101217,209
1647.79,-8.03,101216,209
1648.44,-7.59,101215,209
1649.02,-7.44,101214,209
1649.62,-7.77,101213,209
1650.25,-7.61,101212,209
1650.82,-7.71,101211,209
1651.44,-7.99,101210,209
1653.29,-7.8,101209,209
1653.92,-8.03,101208,209
1654.49,-7.99,101207,209
1655.05,-7.91,101206,209
1655.70,-7.93,101205,209
1656.26,-7.81,101204,209
1656.84,-7.7,101203,209
1657.42,-7.79,101202,209
1658.05,-7.68,101201,209
1658.64,-7.85,101200,209
1659.17,-7.7,101199,209
1659.75,-7.92,101198,209
1660.35,-7.76,101197,209
1660.92,-7.78,101196,209
1661.46,-7.65,101195,209
1661.99,-7.54,101194,209
1662.59,-7.62,101193,209
1663.20,-7.11,101192,209
1663.80,-7.03,101191,209
1664.45,-7.07,101190,209
1665.08,-6.97,101189,209
1665.67,-6.87,101188,209
1666.27,-7.19,101187,209
1666.83,-7.04,101186,209
1667.16,-7.17,101185,209
1667.48,-7.8,101184,209
1667.84,-7.96,101183,209
1668.21,-8.3,101182,209
1668.47,-8.34,101181,209
1668.81,-8.34,101180,209
1669.16,-8.23,101179,209
1669.45,-8.32,101178,209
1669.70,-8.23,101177,209
1670.08,-8.29,101176,209
1670.43,-8.41,101175,209
1670.74,-8.26,101174,209
1671.07,-8.2,101173,209
1671.41,-8.35,101172,209
1671.70,-8.31,101171,209
1672.03,-8.1,101170,209
1672.38,-8.22,101169,209
1672.68,-8.36,101168,209
1673.01,-8.05,101167,209
1673.29,-8.0,101166,209
1673.65,-8.1,101165,209
1674.04,-8.04,101164,209
1674.27,-8.13,101163,209
1674.55,-8.14,101162,209
1674.88,-7.96,101161,209
1675.21,-8.0,101160,209
1675.48,-8.06,101159,209
1675.80,-7.75,101158,209
1676.13,-7.79,101157,209
1676.39,-7.76,101156,209
1676.77,-7.78,101155,209
1677.03,-7.77,101154,209
1677.28,-7.61,101153,209
1677.57,-7.56,101152,209
1677.90,-7.72,101151,209
1678.25,-7.65,101150,209
1678.55,-7.78,101149,209
1678.86,-7.64,101148,209
1679.14,-7.56,101147,209
1679.35,-7.65,101146,209
1679.62,-7.21,101145,209
1679.95,-7.35,101144,209
1680.21,-7.38,101143,209
1680.47,-7.42,101142,209
1680.82,-7.52,101141,209
1681.17,-7.37,101140,209
1681.49,-7.3,101139,209
1681.78,-7.34,101138,209
1682.06,-7.5,101137,209
1682.36,-7.59,101136,209
1682.72,-7.45,101135,209
1682.94,-7.49,101134,209
1683.29,-7.53,101133,209
1683.55,-7.47,101132,209
1683.76,-7.51,101131,209
1684.01,-7.47,101130,209
1684.38,-7.31,101129,209
1684.68,-7.72,101128,209
1684.90,-7.51,101127,209
1685.20,-7.67,101126,209
1685.52,-7.65,101125,209
1685.73,-7.68,101124,209
1686.66,-7.61,101123,209
1687.58,-7.76,101122,209
1688.50,-7.96,101121,209
1689.40,-7.56,101120,209
1690.30,-7.52,101119,209
1691.27,-7.47,101118,209
1692.17,-7.71,101117,209
1696.80,-7.34,101116,209
1697.76,-7.6,101115,209
1699.70,-7.81,101114,209
1700.65,-7.82,101113,209
1701.59,-7.65,101112,209
1702.59,-8.02,101111,209
1703.56,-7.99,101110,209
1705.50,-8.16,101109,209
1706.36,-8.16,101108,209
1707.25,-8.06,101107,209
1715.71,-7.93,101106,209
1716.71,-7.85,101105,209
1718.54,-7.94,101104,209
1719.46,-7.75,101103,209
1720.45,-7.69,101102,209
1721.39,-7.54,101101,209
1722.31,-7.98,101100,209
1723.31,-7.99,101099,209
1724.29,-7.93,101098,209
1725.16,-7.82,101097,209
1726.04,-7.69,101096,209
1726.92,-7.69,101095,209
1727.88,-7.71,101094,209
1728.77,-7.53,101093,209
1729.76,-7.53,101092,209
1730.69,-7.38,101091,209
1731.62,-7.33,101090,209
1732.59,-7.38,101089,209
1733.52,-7.44,101088,209
1734.48,-7.58,101087,209
1736.39,-7.44,101086,209
1737.24,-7.45,101085,209
1738.17,-7.46,101084,209
1739.05,-7.51,101083,209
1739.90,-7.15,101082,209
1740.68,-7.46,101081,209
1741.64,-7.37,101080,209
1742.49,-7.52,101079,209
1743.41,-7.42,101078,209
1744.41,-7.75,101077,209
1745.25,-7.79,101076,209
1747.04,-7.8,101075,209
1748.05,-7.65,101074,209
1748.97,-7.41,101073,209
1749.92,-7.29,101072,209
1750.83,-7.3,101071,209
1751.77,-7.63,101070,209
1753.59,-7.15,101069,209
1754.49,-7.13,101068,209
1755.41,-7.17,101067,209
1756.30,-7.18,101066,209
1757.20,-7.19,101065,209
1758.12,-7.01,101064,209
1759.07,-7.62,101063,209
1760.08,-6.98,101062,209
1760.96,-7.32,101061,209
1761.89,-7.03,101060,209
1762.81,-7.06,101059,209
1763.69,-6.98,101058,209
1764.58,-7.35,101057,209
1765.44,-6.8,101056,209
1766.34,-6.48,101055,209
1767.23,-6.23,101054,209
1768.21,-5.96,101053,209
1769.21,-5.45,101052,209
1770.16,-5.41,101051,209
1771.01,-5.32,101050,209
1771.92,-5.87,101049,209
1772.28,-6.53,101048,209
1772.59,-5.97,101047,209
1772.96,-6.15,101046,209
1773.28,-6.39,101045,209
1773.63,-6.34,101044,209
1774.01,-6.11,101043,209
1774.36,-6.47,101042,209
1774.71,-6.72,101041,209
1775.06,-6.82,101040,209
1775.41,-6.75,101039,209
1775.76,-6.77,101038,209
1776.14,-7.26,101037,209
1776.51,-7.22,101036,209
1776.88,-7.3,101035,209
1777.23,-7.61,101034,209
1777.53,-7.63,101033,209
1777.84,-7.76,101032,209
1778.15,-7.67,101031,209
1778.50,-7.66,101030,209
1778.87,-7.75,101029,209
1779.26,-7.78,101028,209
1779.63,-7.87,101027,209
1780.02,-7.73,101026,209
1780.39,-7.6,101025,209
1780.78,-7.6,101024,209
1781.18,-7.56,101023,209
1781.53,-7.38,101022,209
1781.85,-7.43,101021,209
1782.17,-7.36,101020,209
1782.55,-7.31,101019,209
1782.90,-7.31,101018,209
1783.28,-7.34,101017,209
1783.64,-7.46,101016,209
1784.01,-7.36,101015,209
1784.34,-7.47,101014,209
1784.66,-7.22,101013,209
1784.96,-7.05,101012,209
1785.29,-7.1,101011,209
1785.59,-7.16,101010,209
1785.92,-7.29,101009,209
1786.29,-7.21,101008,209
1786.64,-7.14,101007,209
1786.99,-7.27,101006,209
1787.27,-7.5,101005,209
1787.63,-7.34,101004,209
1787.96,-7.27,101003,209
1788.33,-7.48,101002,209
1788.70,-7.4,101001,209
1789.03,-7.21,101000,209
1789.39,-7.34,100999,209
1789.72,-8.08,100998,209
1790.07,-7.49,100997,209
1790.47,-7.7,100996,209
1790.84,-7.16,100995,209
1791.18,-7.53,100994,209
1791.55,-7.2,100993,209
1791.90,-7.39,100992,209
1792.25,-7.21,100991,209
1792.61,-7.44,100990,209
1792.99,-7.63,100989,209
1793.31,-7.68,100988,209
1793.63,-7.5,100987,209
1793.92,-7.54,100986,209
1794.22,-7.64,100985,209
1794.56,-7.42,100984,209
1794.91,-7.51,100983,209
1795.27,-7.24,100982,209
1795.65,-7.3,100981,209
1796.03,-7.2,100980,209
1796.34,-7.45,100979,209
1796.73,-7.47,100978,209
1797.07,-7.46,100977,209
1797.37,-7.87,100976,209
1797.74,-7.39,100975,209
1798.06,-7.75,100974,209
1798.39,-7.76,100973,209
1798.72,-8.05,100972,209
1799.04,-8.09,100971,209
1799.35,-7.87,100970,209
1799.70,-7.74,100969,209
1799.99,-8.04,100968,209
1800.36,-7.83,100967,209
1800.73,-8.18,100966,209
1801.13,-7.94,100965,209
1801.50,-7.77,100964,209
1801.88,-7.85,100963,209
1802.26,-7.85,100962,209
1802.63,-7.76,100961,209
1802.95,-7.85,100960,209
1803.31,-7.45,100959,209
1803.67,-7.17,100958,209
1804.03,-7.99,100957,209
1804.44,-7.48,100956,209
1804.86,-7.53,100955,209
1805.22,-7.82,100954,209
1805.58,-7.59,100953,209
1805.95,-7.92,100952,209
1806.33,-8.13,100951,209
1806.68,-7.98,100950,209
1807.07,-7.42,100949,209
1807.42,-7.5,100948,209
1807.72,-7.69,100947,209
1808.07,-7.77,100946,209
1808.41,-7.97,100945,209
1808.73,-7.85,100944,209
1809.08,-7.78,100943,209
1809.43,-7.85,100942,209
1809.80,-7.91,100941,209
1810.10,-7.51,100940,209
1810.43,-7.96,100939,209
1810.72,-7.36,100938,209
1811.07,-7.8,100937,209
1811.40,-7.77,100936,209
1811.69,-6.95,100935,209
1812.02,-7.54,100934,209
1812.37,-7.55,100933,209
1812.74,-7.32,100932,209
1813.10,-7.7,100931,209
1813.47,-7.68,100930,209
1813.83,-8.23,100929,209
1814.18,-8.17,100928,209
1814.51,-8.13,100927,209
1814.90,-8.27,100926,209
1815.23,-8.13,100925,209
1815.51,-8.0,100924,209
1815.83,-8.12,100923,209
1816.21,-8.33,100922,209
1816.61,-8.45,100921,209
1816.92,-8.52,100920,209
1817.38,-8.43,100919,209
1817.75,-8.45,100918,209
1818.13,-8.45,100917,209
1818.56,-8.29,100916,209
1818.90,-8.4,100915,209
1819.28,-8.5,100914,209
1819.69,-7.96,100913,209
1820.06,-8.43,100912,209
1820.43,-8.4,100911,209
1820.78,-8.37,100910,209
1821.12,-8.4,100909,209
1821.47,-8.46,100908,209
1822.99,-8.3,100907,209
1823.32,-8.14,100906,209
1823.64,-8.14,100905,209
1823.98,-8.02,100904,209
1824.32,-8.22,100903,209
1824.64,-8.18,100902,209
1824.96,-8.31,100901,209
1825.29,-8.37,100900,209
1825.64,-8.62,100899,209
1825.92,-8.63,100898,209
1826.26,-8.5,100897,209
1826.60,-8.59,100896,209
1826.94,-8.82,100895,209
1827.30,-8.82,100894,209
1827.68,-8.71,100893,209
1828.10,-8.93,100892,209
1828.42,-8.83,100891,209
1828.79,-8.78,100890,209
1829.14,-8.79,100889,209
1829.45,-8.77,100888,209
1829.78,-8.74,100887,209
1830.12,-8.76,100886,209
1830.50,-8.68,100885,209
1830.85,-8.58,100884,209
1831.13,-8.35,100883,209
1831.49,-8.46,100882,209
1831.79,-8.29,100881,209
1832.11,-8.28,100880,209
1832.40,-8.17,100879,209
1832.71,-7.96,100878,209
1833.12,-7.76,100877,209
1833.46,-7.6,100876,209
1833.81,-7.88,100875,209
1834.17,-7.68,100874,209
1834.47,-7.96,100873,209
1834.87,-7.87,100872,209
1835.16,-7.95,100871,209
1835.55,-8.06,100870,209
1835.94,-8.12,100869,209
1836.27,-8.3,100868,209
1836.58,-8.21,100867,209
1836.92,-8.27,100866,209
1837.25,-8.37,100865,209
1837.54,-8.13,100864,209
1837.95,-8.09,100863,209
1838.30,-8.22,100862,209
1838.66,-8.4,100861,209
1839.01,-8.27,100860,209
1839.38,-8.15,100859,209
1839.72,-7.93,100858,209
1840.03,-8.12,100857,209
1840.34,-8.07,100856,209
1840.73,-7.94,100855,209
1841.09,-8.2,100854,209
1841.48,-8.21,100853,209
1841.87,-8.44,100852,209
1842.24,-8.43,100851,209
1842.59,-8.5,100850,209
1842.90,-8.25,100849,209
1843.25,-8.33,100848,209
1843.61,-8.25,100847,209
1843.92,-8.24,100846,209
1844.28,-8.22,100845,209
1844.60,-8.21,100844,209
1844.96,-7.93,100843,209
1845.30,-7.81,100842,209
1845.64,-7.97,100841,209
1846.03,-7.76,100840,209
1846.36,-7.9,100839,209
1846.68,-7.97,100838,209
1847.05,-7.97,100837,209
1847.38,-8.12,100836,209
1847.70,-8.02,100835,209
1848.02,-8.03,100834,209
1848.38,-8.17,100833,209
1848.73,-8.48,100832,209
1849.03,-8.52,100831,209
1849.34,-8.39,100830,209
1849.66,-8.42,100829,209
1850.04,-8.35,100828,209
1850.38,-8.39,100827,209
1850.72,-8.54,100826,209
1851.04,-8.4,100825,209
1851.42,-8.38,100824,209
1851.78,-8.45,100823,209
1852.16,-8.27,100822,209
1852.51,-8.35,100821,209
1852.86,-8.35,100820,209
1853.26,-8.31,100819,209
1853.60,-7.9,100818,209
1854.00,-7.4,100817,209
1854.37,-7.17,100816,209
1854.71,-6.8,100815,209
1855.08,-6.5,100814,209
1855.38,-6.07,100813,209
1855.74,-6.35,100812,209
1856.08,-6.51,100811,209
1856.39,-6.6,100810,209
1856.77,-6.88,100809,209
1857.11,-6.95,100808,209
1857.48,-7.2,100807,209
1857.87,-7.45,100806,209
1858.18,-7.77,100805,209
1858.56,-7.88,100804,209
1858.91,-8.07,100803,209
1859.28,-8.36,100802,209
1859.65,-8.36,100801,209
1860.02,-8.44,100800,209
1860.40,-8.39,100799,209
1860.76,-8.53,100798,209
1861.12,-8.5,100797,209
1861.46,-8.59,100796,209
1861.83,-8.59,100795,209
1862.22,-8.28,100794,209
1862.59,-8.59,100793,209
1862.96,-8.62,100792,209
1863.29,-8.32,100791,209
1863.64,-8.45,100790,209
1863.94,-8.58,100789,209
1864.27,-8.45,100788,209
1864.61,-8.75,100787,209
1864.95,-8.73,100786,209
1865.28,-8.7,100785,209
1865.65,-8.48,100784,209
1866.01,-8.32,100783,209
1866.31,-8.3,100782,209
1866.66,-8.19,100781,209
1866.96,-8.52,100780,209
1867.27,-8.1,100779,209
1867.64,-8.16,100778,209
1868.01,-7.84,100777,209
1868.37,-7.66,100776,209
1868.76,-7.62,100775,209
1869.10,-7.69,100774,209
1869.40,-7.47,100773,209
1869.76,-7.43,100772,209
1870.13,-7.3,100771,209
1870.50,-7.46,100770,209
1870.88,-7.61,100769,209
1871.28,-7.66,100768,209
1871.66,-7.57,100767,209
1872.00,-7.63,100766,209
1872.29,-7.81,100765,209
1872.68,-7.74,100764,209
1873.39,-7.89,100763,209
1873.78,-7.73,100762,209
1874.16,-7.64,100761,209
1874.53,-8.06,100760,209
1874.89,-8.11,100759,209
1875.45,-7.8,100758,209
1875.98,-7.77,100757,209
1876.50,-7.88,100756,209
1877.03,-8.38,100755,209
1877.54,-7.83,100754,209
1878.08,-7.75,100753,209
1878.59,-7.76,100752,209
1879.12,-7.75,100751,209
1879.67,-7.54,100750,209
1880.22,-7.45,100749,209
1880.80,-7.38,100748,209
1881.36,-7.26,100747,209
1881.92,-7.42,100746,209
1882.49,-7.33,100745,209
1883.06,-7.32,100744,209
1883.61,-7.69,100743,209
1884.15,-7.61,100742,209
1884.71,-7.83,100741,209
1885.27,-7.82,100740,209
1885.85,-7.84,100739,209
1886.39,-8.04,100738,209
1886.90,-8.19,100737,209
1887.44,-8.14,100736,209
1888.00,-8.22,100735,209
1888.58,-8.02,100734,209
1889.15,-8.22,100733,209
1889.73,-7.94,100732,209
1890.23,-8.1,100731,209
1890.76,-8.07,100730,209
1891.29,-8.12,100729,209
1891.82,-8.08,100728,209
1892.34,-8.12,100727,209
1892.90,-7.82,100726,209
1893.47,-7.78,100725,209
1894.01,-7.38,100724,209
1894.58,-7.72,100723,209
1895.16,-7.53,100722,209
1895.72,-7.4,100721,209
1896.33,-7.59,100720,209
1896.92,-7.45,100719,209
1897.45,-7.84,100718,209
1898.00,-7.81,100717,209
1898.54,-7.91,100716,209
1899.08,-7.7,100715,209
1899.60,-7.73,100714,209
1900.19,-8.0,100713,209
1900.77,-7.99,100712,209
1901.34,-7.95,100711,209
1901.91,-8.09,100710,209
1902.48,-8.01,100709,209
1903.04,-8.09,100708,209
1903.55,-7.96,100707,209
1904.12,-7.97,100706,209
1904.70,-8.05,100705,209
1905.27,-7.94,100704,209
1905.84,-8.0,100703,209
1906.39,-8.09,100702,209
1906.96,-8.03,100701,209
1907.52,-8.05,100700,209
1908.06,-8.27,100699,209
1908.61,-8.31,100698,209
1909.17,-8.34,100697,209
1909.74,-8.42,100696,209
1910.29,-8.32,100695,209
1910.81,-8.22,100694,209
1911.36,-8.17,100693,209
1911.93,-8.25,100692,209
1912.48,-8.11,100691,209
1913.02,-8.32,100690,209
1913.54,-7.8,100689,209
1914.08,-7.73,100688,209
1914.64,-7.74,100687,209
1915.21,-7.54,100686,209
1915.78,-7.36,100685,209
1916.34,-7.15,100684,209
1916.88,-7.33,100683,209
1917.45,-7.71,100682,209
1917.99,-7.85,100681,209
1918.55,-7.76,100680,209
1919.15,-7.72,100679,209
1919.69,-8.95,100678,209
1920.28,-8.49,100677,209
1920.87,-8.45,100676,209
1921.47,-8.52,100675,209
1922.03,-8.46,100674,209
1922.59,-8.42,100673,209
1923.16,-8.4,100672,209
1923.77,-8.28,100671,209
1924.33,-8.26,100670,209
1924.91,-8.17,100669,209
1925.47,-8.22,100668,209
1926.02,-7.97,100667,209
1926.57,-8.03,100666,209
1927.15,-8.04,100665,209
1927.73,-7.95,100664,209
1928.29,-7.89,100663,209
1928.82,-7.8,100662,209
1929.41,-7.66,100661,209
1929.96,-7.54,100660,209
1930.47,-7.48,100659,209
1931.03,-7.65,100658,209
1931.61,-7.81,100657,209
1932.20,-7.66,100656,209
1932.76,-7.8,100655,209
1933.35,-7.87,100654,209
1933.91,-7.91,100653,209
1934.45,-8.03,100652,209
1935.04,-8.07,100651,209
1935.61,-8.14,100650,209
1936.21,-8.12,100649,209
1936.76,-8.18,100648,209
1937.30,-8.07,100647,209
1937.90,-8.09,100646,209
1938.47,-8.08,100645,209
1939.03,-8.11,100644,209
1939.64,-8.03,100643,209
1940.24,-8.12,100642,209
1940.78,-8.16,100641,209
1941.37,-8.27,100640,209
1941.90,-8.14,100639,209
1942.44,-8.25,100638,209
1942.96,-8.01,100637,209
1943.55,-7.97,100636,209
1944.15,-7.96,100635,209
1944.74,-7.78,100634,209
1945.28,-7.75,100633,209
1945.84,-7.82,100632,209
1946.39,-7.85,100631,209
1946.55,-7.89,100630,209
1946.69,-7.86,100629,209
1946.87,-7.83,100628,209
1947.03,-7.81,100627,209
1947.19,-7.7,100626,209
1947.38,-7.62,100625,209
1947.57,-7.55,100624,209
1947.72,-7.63,100623,209
1947.89,-7.76,100622,209
1948.06,-7.95,100621,209
1948.22,-8.07,100620,209
1948.36,-8.13,100619,209
1948.53,-8.16,100618,209
1948.68,-8.3,100617,209
1948.85,-8.25,100616,209
1948.99,-8.27,100615,209
1949.16,-8.34,100614,209
1949.30,-8.39,100613,209
1949.48,-8.49,100612,209
1949.63,-8.46,100611,209
1949.83,-8.49,100610,209
1950.01,-8.27,100609,209
1950.14,-8.21,100608,209
1950.28,-7.83,100607,209
1950.44,-7.55,100606,209
1950.60,-7.43,100605,209
1950.81,-7.5,100604,209
1950.95,-7.65,100603,209
1951.13,-7.59,100602,209
1951.26,-7.6,100601,209
1951.44,-7.62,100600,209
1951.61,-7.73,100599,209
1951.78,-7.76,100598,209
1951.95,-7.84,100597,209
1952.12,-7.87,100596,209
1952.30,-8.06,100595,209
1952.49,-8.17,100594,209
1952.67,-8.33,100593,209
1952.85,-8.27,100592,209
1953.00,-8.35,100591,209
1953.19,-8.48,100590,209
1953.39,-8.57,100589,209
1953.57,-8.58,100588,209
1953.90,-8.48,100587,209
1954.08,-8.44,100586,209
1954.24,-8.43,100585,209
1954.40,-8.55,100584,209
1955.20,-8.31,100583,209
1956.07,-8.36,100582,209
1956.91,-8.48,100581,209
1957.77,-8.64,100580,209
1958.64,-8.5,100579,209
1959.49,-8.55,100578,209
1960.33,-8.54,100577,209
1961.17,-8.55,100576,209
1962.02,-8.61,100575,209
1962.90,-8.72,100574,209
1963.77,-8.72,100573,209
1964.63,-8.99,100572,209
1965.52,-8.98,100571,209
1966.38,-9.26,100570,209
1967.18,-9.12,100569,209
1968.05,-9.0,100568,209
1968.89,-8.82,100567,209
1969.72,-8.72,100566,209
1970.56,-8.58,100565,209
1971.38,-8.57,100564,209
1972.18,-8.55,100563,209
1973.04,-8.66,100562,209
1973.85,-8.61,100561,209
1974.70,-8.56,100560,209
1975.52,-8.53,100559,209
1976.37,-8.58,100558,209
1977.23,-8.52,100557,209
1978.07,-8.5,100556,209
1978.94,-8.42,100555,209
1979.75,-8.44,100554,209
1980.62,-8.48,100553,209
1981.47,-8.35,100552,209
1982.35,-8.35,100551,209
1983.16,-8.29,100550,209
1983.96,-8.11,100549,209
1984.82,-8.11,100548,209
1985.68,-7.86,100547,209
1986.52,-7.67,100546,209
1988.29,-7.37,100545,209
1990.06,-7.36,100544,209
1991.83,-6.89,100543,209
1993.60,-6.88,100542,209
1995.37,-6.9,100541,209
1997.14,-7.03,100540,209
1998.92,-7.04,100539,209
2000.69,-7.08,100538,209
2002.46,-7.14,100537,209
2004.23,-7.12,100536,209
2006.00,-7.16,100535,209
