year_CE,d18O
-24.9,-3.5700
-24.6,-3.5100
-24.4,-3.5100
-24.2,-3.5600
-23.9,-3.8500
-23.7,-3.7600
-23.4,-3.9000
-23.2,-3.7300
-23.0,-3.8100
-22.7,-3.9700
-22.5,-4.0700
-22.2,-3.7000
-21.9,-3.9700
-21.7,-3.7100
-21.4,-3.6800
-21.2,-3.8400
-20.9,-4.0000
-20.7,-3.7600
-20.4,-3.6600
-20.1,-3.5900
-19.9,-3.5900
-19.6,-3.7600
-19.4,-3.6800
-19.1,-3.7300
-18.9,-3.8200
-18.6,-3.6000
-18.3,-3.5200
-18.1,-3.7700
-17.8,-3.6100
-17.6,-3.7700
-17.3,-3.7300
-17.0,-3.8500
-16.8,-3.8900
-16.6,-3.8800
-16.3,-4.1500
-16.1,-4.2100
-15.8,-4.2000
-15.6,-4.4400
-15.3,-4.1100
-15.1,-4.1700
-14.8,-3.8400
-14.5,-3.8000
-14.2,-3.8000
-13.9,-3.6600
-13.7,-3.5500
-13.4,-3.4800
-13.1,-3.6100
-12.9,-3.5700
-12.6,-3.6800
-12.3,-3.5400
-12.0,-3.4400
-11.8,-3.4000
-11.5,-3.4000
-11.2,-3.4400
-11.0,-3.4400
-10.7,-3.4500
-10.5,-3.4900
-10.3,-3.6100
-10.0,-3.6300
-9.7,-3.7600
-9.4,-3.6100
-9.2,-3.5000
-8.9,-3.4900
-8.6,-3.4700
-8.3,-3.5400
-8.1,-3.5700
-7.8,-3.5700
-7.6,-3.5300
-7.3,-3.5600
-7.0,-3.5000
-6.7,-3.5300
-6.5,-3.4900
-6.2,-3.4900
-5.9,-3.5200
-5.7,-3.4500
-5.5,-3.4300
-5.1,-3.5400
-4.9,-3.4800
-4.7,-3.5100
-4.4,-3.4500
-4.1,-3.4600
-3.8,-3.6100
-3.6,-3.5400
-3.3,-3.6800
-3.1,-3.8900
-2.8,-3.8500
-2.5,-3.7500
-2.3,-3.8000
-2.1,-3.9000
-1.8,-4.1200
-1.6,-3.9000
-1.3,-4.0000
-1.1,-4.0000
-0.8,-4.0000
-0.6,-3.9900
-0.4,-3.9900
-0.1,-3.9800
0.2,-3.8600
0.5,-3.8700
0.7,-3.9200
0.9,-4.0700
1.2,-3.9300
1.4,-4.1300
1.7,-3.8100
1.9,-3.9800
2.2,-4.2700
2.5,-3.9600
2.7,-3.9300
3.0,-4.3100
3.2,-4.4600
3.5,-4.0700
3.7,-3.8700
4.0,-3.9100
4.2,-4.0100
4.6,-4.0500
5.0,-4.3400
5.4,-4.2000
5.8,-3.8000
6.2,-4.1600
6.6,-3.7300
7.0,-3.9500
7.4,-3.7100
7.8,-3.7800
8.2,-3.8200
8.6,-4.0400
9.0,-4.2900
9.4,-3.9400
9.8,-3.9200
10.2,-3.9400
10.6,-3.8900
11.0,-3.9800
11.3,-3.9500
11.7,-4.3400
12.1,-4.1100
12.5,-4.0900
12.9,-4.0600
13.3,-3.9500
13.7,-4.1300
14.1,-3.8500
14.5,-3.9900
14.9,-4.3800
15.3,-3.9200
15.7,-3.9200
16.1,-3.8500
16.5,-3.8600
16.8,-3.7800
17.2,-3.8700
17.6,-4.1100
18.0,-4.0700
18.4,-3.9200
18.8,-4.0500
19.2,-3.9800
19.6,-3.9500
20.0,-4.3200
20.4,-4.1800
20.8,-4.1400
21.2,-4.0600
21.6,-4.0600
22.0,-4.1300
22.4,-4.6600
22.8,-4.1300
23.2,-4.0700
23.5,-4.0500
23.9,-4.1800
24.3,-4.1200
24.7,-3.9600
25.1,-3.9700
25.5,-3.9200
25.9,-3.9500
26.3,-3.9100
26.7,-3.8600
27.1,-3.9400
27.8,-3.9800
28.2,-3.8700
28.6,-3.7800
29.0,-3.8300
29.4,-3.7800
29.8,-3.9700
30.2,-3.8300
30.6,-3.7000
31.0,-3.9000
31.4,-3.8500
31.8,-3.9200
32.2,-3.7000
32.6,-3.8000
33.0,-3.7300
33.4,-3.7400
33.8,-3.6500
34.2,-3.6400
34.6,-3.7200
35.0,-3.6800
35.4,-3.6600
35.8,-3.8000
36.2,-3.7000
36.6,-3.6500
37.0,-3.5800
37.4,-3.6900
37.8,-3.7100
38.1,-3.6300
38.5,-3.7600
38.9,-3.4400
39.3,-3.3500
39.7,-3.5300
40.1,-3.6100
40.5,-3.6000
40.9,-3.6200
41.3,-3.7600
41.7,-3.8800
42.0,-3.8900
42.4,-4.1500
42.8,-4.1200
43.2,-4.1000
43.6,-4.1400
44.0,-4.0800
44.4,-3.9600
44.8,-4.1400
45.2,-4.3300
45.6,-3.9100
46.0,-3.9700
46.4,-4.0100
46.8,-4.1000
47.2,-4.2100
47.6,-4.2400
48.0,-4.1300
48.4,-4.4500
48.8,-4.1200
49.2,-4.3100
49.6,-4.2100
50.0,-4.0900
50.4,-3.7500
50.8,-3.6300
51.2,-4.5100
52.0,-3.5000
52.4,-3.6500
52.7,-3.5700
53.1,-3.7300
53.5,-3.7200
53.9,-3.8400
54.3,-4.0900
54.7,-3.6400
55.1,-3.7100
55.5,-3.7200
55.9,-3.8200
56.3,-3.9200
56.7,-3.8700
57.1,-3.9300
57.5,-3.8600
57.9,-3.9300
58.3,-3.8800
58.7,-3.9900
59.1,-3.6900
59.5,-3.7400
59.9,-3.5700
60.4,-3.6400
60.8,-3.6500
61.2,-3.6500
61.6,-3.8100
62.0,-3.8300
62.4,-3.8300
62.8,-3.7100
63.2,-3.7600
63.6,-3.7200
64.0,-3.7200
64.4,-3.6600
64.8,-3.7300
65.2,-3.6700
65.6,-3.6900
66.0,-3.6800
66.4,-3.7600
66.8,-3.8400
67.2,-3.7400
67.6,-3.7800
68.0,-3.7100
68.4,-3.7400
68.8,-3.7200
69.2,-3.6800
69.6,-3.6900
70.0,-3.7300
70.4,-3.6900
70.8,-3.6900
71.2,-3.6800
71.6,-3.7300
72.0,-3.7000
72.4,-3.7600
72.8,-3.7900
73.1,-3.8000
73.5,-3.9200
73.9,-3.8400
74.3,-3.7500
74.7,-3.7000
75.1,-3.8600
75.5,-3.7600
75.9,-3.9100
76.3,-4.2100
76.7,-4.1700
77.1,-3.6400
77.5,-3.7400
77.9,-3.7900
78.3,-3.8700
78.7,-4.1300
79.1,-3.6500
79.5,-3.8100
79.9,-3.8500
80.3,-3.5800
80.7,-4.0400
81.0,-4.0300
81.4,-3.6800
81.6,-3.6100
81.8,-3.9500
82.0,-4.0600
82.2,-3.8000
82.4,-3.8600
82.6,-3.7600
82.8,-3.9400
83.1,-4.0700
83.3,-3.7700
83.5,-4.3300
83.7,-4.1400
83.9,-4.0400
84.1,-3.6100
84.3,-3.8800
84.8,-3.7200
85.0,-3.7800
85.2,-3.9900
85.4,-3.9000
85.8,-4.1100
86.0,-3.9100
86.2,-4.0000
86.4,-3.7100
86.6,-3.9000
86.8,-3.8300
87.1,-3.7700
87.2,-4.0500
87.5,-3.7000
87.7,-3.7700
87.8,-4.0000
88.1,-3.8800
88.3,-3.8000
88.5,-3.6400
88.8,-3.6200
88.9,-3.5800
89.1,-3.4300
89.3,-3.4500
89.5,-3.5200
89.7,-3.5000
89.9,-3.5200
90.1,-3.5200
90.3,-3.7800
90.5,-3.8500
90.7,-3.6400
90.9,-3.5300
91.1,-3.6200
91.3,-3.7100
91.5,-3.9400
92.0,-3.9600
92.6,-3.8400
93.1,-3.8500
93.6,-3.8200
94.2,-3.9400
94.7,-4.1000
95.2,-3.6000
95.7,-4.1400
96.3,-3.7300
96.8,-3.8300
97.4,-3.9100
97.9,-3.6800
98.5,-3.7400
99.1,-4.1000
99.7,-3.4800
100.3,-3.5000
100.8,-3.7000
102.5,-3.4900
103.1,-3.5900
103.6,-3.6300
104.2,-3.6600
104.7,-3.6200
105.3,-3.6600
105.8,-3.6700
106.4,-3.5700
106.9,-3.7400
107.5,-3.7300
108.0,-3.7200
108.6,-3.6900
109.1,-3.7300
109.7,-3.7600
110.3,-3.7800
111.4,-3.6700
111.9,-3.7000
112.5,-3.5900
113.2,-3.6800
113.7,-3.6800
114.3,-3.6400
114.8,-3.7700
116.0,-3.7900
116.6,-4.2500
117.2,-3.9700
117.7,-3.9300
118.3,-4.0300
118.8,-4.0000
119.4,-3.8500
120.0,-3.6800
120.6,-3.6700
121.1,-3.5700
121.7,-3.5800
122.2,-3.4900
122.8,-3.5800
123.4,-3.7500
124.0,-3.5600
125.1,-3.5000
126.3,-3.4800
128.0,-3.7200
128.5,-3.9300
129.1,-3.4400
129.7,-4.1700
130.3,-4.0600
130.8,-3.9600
131.3,-4.0100
131.8,-4.2000
132.4,-3.9100
133.0,-3.8800
134.1,-3.8700
134.7,-3.7600
135.3,-3.9100
135.9,-3.3500
136.4,-3.5000
137.0,-3.5000
137.6,-3.5300
138.1,-3.4400
138.7,-3.6700
139.2,-3.7000
139.7,-3.9800
140.3,-3.5300
140.9,-3.6000
141.4,-3.4700
141.9,-3.8200
142.5,-3.6300
143.1,-3.7100
143.6,-3.5900
144.2,-3.4700
144.7,-3.5500
145.3,-3.9100
145.9,-3.6200
146.4,-3.3900
147.0,-3.4900
147.5,-3.6800
148.0,-3.4900
148.6,-3.4700
149.1,-3.2500
149.3,-3.3700
149.6,-3.5000
149.8,-3.3700
150.0,-3.8600
150.2,-3.5400
150.5,-3.5600
150.7,-3.5000
150.9,-3.4300
151.2,-3.4400
151.4,-3.5100
151.6,-3.5300
151.8,-3.7300
152.0,-3.6300
152.2,-3.5700
155.1,-3.9700
156.1,-3.7100
156.3,-3.9700
156.6,-3.8500
156.8,-3.7000
157.0,-3.7100
157.3,-3.8900
157.5,-3.5700
157.8,-3.6700
158.0,-3.5900
158.2,-3.6100
158.5,-3.8100
158.8,-3.7400
159.0,-3.7100
159.2,-3.7900
159.5,-3.6800
159.7,-3.8300
160.1,-3.7600
160.3,-3.8200
160.6,-3.7300
160.9,-3.6600
161.1,-3.7000
161.4,-3.5600
161.7,-3.5300
161.9,-3.4800
162.2,-3.5500
162.5,-3.4000
162.7,-3.4500
162.9,-3.5600
163.2,-3.5400
163.5,-3.5100
163.7,-3.5000
163.9,-3.6400
164.3,-3.6900
164.5,-3.6900
164.7,-3.6200
164.9,-3.7100
165.2,-3.6700
165.6,-3.6300
165.8,-3.7400
166.1,-3.6000
166.4,-3.7100
166.6,-3.6500
166.9,-3.6500
167.1,-3.6700
167.4,-3.5700
167.7,-3.6500
168.0,-3.6700
168.2,-3.6600
168.5,-3.7200
168.8,-3.6600
169.3,-3.6500
169.9,-3.7000
170.4,-3.6400
171.0,-3.6100
171.5,-3.6200
172.1,-3.6200
172.6,-3.6800
173.2,-3.7400
173.7,-3.8000
174.3,-3.8200
174.9,-3.9000
175.4,-3.7200
176.0,-3.5900
176.5,-3.6600
177.1,-3.5900
177.7,-3.5900
178.2,-3.5000
178.8,-3.6200
179.4,-3.5100
179.9,-3.7000
180.5,-3.7900
181.1,-3.6900
181.6,-3.7800
182.2,-3.5700
182.8,-3.5300
183.3,-3.6400
183.9,-3.5200
184.4,-3.6000
185.0,-3.6200
185.5,-3.6400
186.1,-3.5900
186.7,-3.6800
187.2,-3.6500
187.8,-3.7000
188.4,-3.7800
188.9,-3.6300
189.5,-3.7600
190.0,-3.5100
190.6,-3.5500
191.2,-3.6100
191.7,-3.5400
192.3,-3.5900
192.9,-3.6700
193.4,-3.4900
194.0,-3.4900
194.5,-3.4200
195.1,-3.5200
195.6,-3.8300
196.2,-3.1500
196.8,-2.9600
197.3,-3.0400
197.9,-2.9800
198.5,-3.0400
199.0,-3.0700
199.6,-3.0200
200.1,-3.4600
200.7,-3.1200
201.3,-3.2200
201.8,-3.3300
202.4,-3.2100
203.0,-3.5900
203.5,-3.3300
204.1,-3.5800
204.7,-3.2500
205.2,-3.3800
205.8,-3.4000
206.3,-3.3200
206.9,-3.2500
207.4,-3.3200
208.0,-3.2600
208.6,-3.1800
209.2,-3.3000
209.7,-3.2900
210.3,-3.4300
210.9,-3.2900
211.4,-3.3100
212.0,-3.4000
212.5,-3.3600
213.1,-3.5100
213.6,-3.5500
214.2,-3.6500
214.7,-3.9000
215.3,-3.6600
215.9,-3.8100
216.4,-3.9500
217.0,-3.5800
217.5,-3.6100
218.1,-4.1300
218.7,-3.9000
219.2,-3.9200
219.8,-3.8600
220.4,-3.7300
220.9,-3.8700
221.4,-3.9000
222.0,-3.6700
222.5,-3.6700
223.1,-3.6300
223.7,-3.7900
224.2,-3.7300
224.8,-3.7000
225.4,-3.6400
225.9,-3.5800
226.5,-3.6600
227.0,-3.6500
227.6,-3.8200
228.2,-3.8800
228.8,-3.8500
229.3,-3.8900
229.8,-3.7800
230.4,-3.7100
231.0,-3.6500
231.5,-3.4500
232.1,-3.4000
232.6,-3.2300
233.2,-3.2400
233.8,-3.2100
234.3,-3.2700
234.8,-3.2700
235.4,-3.2000
236.0,-3.3000
236.5,-3.4300
237.1,-3.4000
237.6,-3.4400
238.2,-3.4900
238.8,-3.4400
239.3,-3.3800
239.9,-3.3300
240.4,-3.2700
241.0,-3.4400
241.6,-3.3900
242.1,-3.4000
242.7,-3.3400
243.3,-3.3500
243.8,-3.2900
244.4,-3.3300
244.9,-3.3000
245.5,-3.3100
246.0,-3.3700
246.6,-3.4000
247.2,-3.4900
247.7,-3.5500
248.3,-3.5800
248.8,-3.4700
249.3,-3.5800
249.9,-3.5000
250.5,-3.3100
251.1,-3.5100
251.6,-3.3500
252.1,-3.3500
252.7,-3.3900
253.3,-3.5200
253.8,-3.4500
254.4,-3.2700
254.9,-3.5900
255.5,-3.4400
256.0,-3.4600
256.6,-3.3500
257.2,-3.2500
257.7,-3.4100
258.3,-3.2500
258.8,-3.3500
259.4,-3.5800
260.0,-3.6600
260.5,-3.4300
261.1,-3.6400
261.6,-3.6700
262.2,-3.5200
262.8,-3.5300
263.3,-3.6000
263.9,-3.4800
264.5,-3.6700
265.1,-3.6800
265.6,-3.6300
266.1,-3.6000
266.7,-3.5300
267.3,-3.5800
267.8,-3.3800
268.4,-3.3400
269.0,-3.3200
269.5,-3.3800
270.1,-3.4500
270.6,-3.5300
271.2,-3.3800
271.8,-3.4000
272.3,-3.4200
272.9,-3.3300
273.4,-3.2200
274.0,-3.1500
274.6,-3.2100
275.1,-3.3300
275.7,-3.2100
276.2,-3.1700
276.8,-3.2800
277.4,-3.3600
277.9,-3.2000
278.5,-3.3000
279.0,-3.5800
279.6,-3.2600
280.2,-3.1800
280.7,-3.2000
281.3,-3.2900
281.9,-3.3600
282.6,-3.3800
283.3,-3.3000
284.0,-3.4700
284.7,-3.4000
286.2,-3.3300
286.9,-3.3200
287.7,-3.6100
288.4,-3.3700
289.2,-3.5100
289.9,-3.2900
290.6,-3.2900
291.3,-3.5900
292.0,-3.6400
292.8,-3.3700
293.5,-3.4000
294.2,-3.2300
295.0,-3.1900
295.7,-3.1800
296.5,-3.1900
297.3,-3.6100
298.0,-3.4800
298.8,-3.3900
299.5,-3.8000
300.3,-3.3600
301.0,-3.3500
301.7,-3.4300
302.4,-3.4000
303.2,-3.5800
303.9,-3.6700
304.6,-3.5100
305.3,-3.5200
306.1,-3.5900
306.8,-3.5500
307.5,-3.7300
308.2,-3.5800
308.9,-3.7400
309.7,-3.4600
310.4,-3.5000
311.1,-3.9500
311.8,-3.4800
312.6,-3.4300
313.3,-3.6500
314.0,-3.8000
314.7,-3.6400
315.5,-3.6800
316.2,-3.6300
316.9,-3.6900
317.7,-3.6700
318.4,-3.6700
319.1,-3.6000
319.9,-4.1100
320.6,-3.5600
321.3,-3.6600
322.1,-3.8400
322.8,-3.8200
323.5,-3.9100
324.3,-3.6700
325.1,-3.4800
325.8,-3.6800
326.5,-3.6200
327.3,-3.5100
328.0,-3.5300
328.7,-3.4600
329.5,-3.5300
330.2,-3.6200
330.9,-3.4200
331.7,-3.5500
332.3,-3.5900
333.0,-3.4900
333.5,-3.5700
333.8,-3.5300
334.2,-3.8100
334.6,-3.7200
335.0,-3.7900
335.4,-3.7200
335.7,-3.8200
336.1,-4.0300
336.5,-4.1300
336.9,-3.7300
337.3,-4.0000
337.7,-3.7800
338.0,-4.2400
338.4,-3.8000
338.8,-4.1400
339.2,-3.5900
339.6,-3.5400
340.0,-3.7000
340.4,-3.4300
340.7,-3.6600
341.1,-3.5200
341.5,-3.6600
341.9,-3.8900
342.2,-4.1600
342.7,-3.4700
343.0,-3.5500
343.4,-3.9700
343.8,-3.7500
344.2,-3.5900
344.6,-3.6800
345.0,-3.6600
345.4,-4.1600
345.8,-3.7800
346.1,-3.6500
346.5,-3.3500
346.9,-3.8800
347.3,-3.6300
347.6,-3.9100
348.0,-3.5700
348.8,-3.6000
349.2,-3.5200
349.7,-3.5400
350.0,-3.6300
350.8,-4.2800
351.2,-3.6800
351.9,-4.0300
352.3,-3.6700
352.7,-3.7800
353.1,-4.5100
353.5,-4.2200
353.9,-3.7000
354.2,-3.9300
354.6,-3.7800
355.0,-3.8300
355.4,-3.5500
355.8,-3.5800
356.2,-3.4900
356.6,-3.4600
357.0,-3.5900
357.4,-3.4300
357.8,-3.8200
358.2,-3.4900
358.6,-3.4600
359.0,-3.6100
359.4,-3.6500
359.7,-3.7200
360.1,-3.5700
360.5,-3.8500
360.9,-3.7000
361.3,-4.1300
362.1,-4.6300
362.9,-3.8600
363.3,-4.2500
363.7,-3.3900
364.1,-3.7900
364.5,-3.4800
364.9,-3.7100
365.3,-3.6100
365.7,-3.6700
366.5,-3.6400
366.9,-3.8000
367.2,-4.1400
367.6,-4.4000
373.1,-3.7800
373.7,-3.8700
374.2,-3.8000
374.8,-3.7800
375.4,-3.5600
375.9,-3.5500
376.5,-3.3400
377.1,-3.6300
377.6,-3.8500
378.2,-3.7100
378.8,-3.4900
379.3,-3.6000
379.9,-3.4600
380.4,-3.4900
381.0,-3.7900
381.5,-4.3600
382.1,-3.8900
382.7,-3.4900
383.2,-3.6800
383.8,-3.3900
384.3,-3.6200
384.9,-3.6400
385.5,-3.5700
386.0,-3.4300
386.6,-3.5100
387.1,-3.4200
387.7,-3.6600
388.3,-3.5300
388.8,-3.5900
389.4,-3.7600
389.9,-3.9200
390.5,-3.7100
391.0,-3.9000
391.6,-3.9300
392.2,-4.2600
392.7,-4.1800
393.3,-3.8700
394.4,-3.4400
395.0,-3.5600
395.5,-3.3600
396.1,-3.5200
396.7,-3.3700
397.2,-3.4500
397.8,-3.4700
398.3,-3.6300
398.9,-3.4900
399.5,-4.0800
400.0,-3.4400
400.6,-3.6900
401.1,-3.8000
401.7,-3.9000
402.3,-3.5100
402.8,-3.5500
403.4,-3.6300
404.0,-3.6200
404.5,-3.5500
405.1,-3.7200
405.7,-3.9300
406.2,-4.3200
406.8,-3.8300
407.4,-3.6600
407.9,-3.8900
408.5,-3.6500
409.1,-3.9300
409.6,-3.6500
410.2,-4.0000
410.8,-3.9300
411.3,-4.1900
411.9,-3.9700
412.4,-3.7900
413.0,-4.1000
413.5,-3.6100
414.1,-3.8700
414.7,-3.5700
415.2,-3.3400
415.8,-3.5600
416.3,-3.3300
416.9,-3.9100
417.5,-3.4000
418.0,-3.8100
418.6,-3.0800
419.1,-3.2500
419.7,-3.3200
420.2,-3.0800
420.8,-3.1100
421.3,-3.1300
421.9,-3.0500
422.5,-3.4700
423.0,-3.0500
423.6,-2.9900
424.1,-3.1900
424.7,-3.0700
425.3,-3.0700
425.9,-3.0600
426.4,-3.2200
426.9,-3.2900
427.1,-3.3000
427.2,-3.4500
427.3,-3.4900
427.5,-3.3400
427.5,-3.3500
427.7,-3.3700
427.8,-3.4300
427.9,-3.3400
428.0,-3.3000
428.2,-3.3400
428.3,-3.3000
428.4,-3.3100
428.6,-3.3800
428.7,-3.4900
428.8,-3.5000
428.9,-3.5700
429.0,-3.4900
429.1,-3.4700
429.3,-3.4400
429.4,-3.4900
429.6,-3.6700
429.7,-3.7800
429.8,-3.6300
429.9,-3.6000
430.0,-3.5700
430.2,-3.4700
430.3,-3.4900
430.4,-3.4200
430.5,-3.5300
430.6,-3.3700
430.8,-3.4000
431.0,-3.6900
431.1,-3.4500
431.3,-3.5000
431.4,-3.3700
431.5,-3.4300
431.7,-3.4000
431.8,-3.3800
431.9,-3.3200
432.1,-3.4400
432.2,-3.4100
432.3,-3.3600
432.5,-3.6300
432.6,-3.6100
432.7,-3.3900
432.8,-3.4900
433.0,-3.4100
433.1,-3.3100
433.2,-3.4400
433.4,-3.4200
433.5,-3.3900
433.6,-3.4200
433.7,-3.2700
433.8,-3.2700
434.0,-3.1500
434.0,-3.3200
434.1,-3.1400
434.2,-3.5600
434.4,-3.0500
434.5,-3.1700
434.6,-3.1300
434.7,-3.1300
434.8,-3.3200
435.0,-3.3100
435.1,-3.2000
435.2,-3.2200
435.3,-3.2500
435.5,-3.3700
435.6,-3.2100
435.7,-3.4600
435.9,-3.6600
435.9,-3.6700
436.1,-3.5900
436.2,-3.8100
436.3,-3.6800
436.5,-3.7100
436.6,-3.6800
436.7,-3.6100
436.8,-3.5800
437.0,-3.6100
437.1,-3.5900
437.2,-3.4600
437.3,-3.5900
437.5,-3.5500
437.6,-3.7800
437.7,-3.5800
437.8,-3.5200
438.0,-4.3300
438.1,-3.6700
438.2,-3.7400
438.3,-3.7900
438.4,-4.0100
438.6,-3.9000
438.7,-3.8800
438.8,-3.8300
438.9,-3.8500
439.1,-4.0100
439.2,-3.8900
439.3,-3.7400
439.5,-3.9200
439.6,-3.6300
439.7,-3.5000
439.8,-3.4500
439.9,-3.3600
440.1,-3.4200
440.2,-3.5700
440.3,-3.4800
440.5,-3.7800
440.6,-3.7100
440.7,-3.7100
440.8,-3.7900
440.9,-3.9800
441.0,-3.9600
441.2,-3.8100
441.3,-4.0000
441.4,-3.9700
441.5,-3.9600
441.7,-3.8700
441.8,-3.9100
441.9,-3.9600
442.0,-4.0200
442.1,-4.0400
442.2,-4.1500
442.4,-4.1300
442.5,-3.9200
442.6,-3.7800
442.7,-3.8200
442.8,-3.8000
443.0,-3.7000
443.1,-3.6400
443.2,-3.7100
443.3,-3.7700
443.5,-3.7300
443.6,-3.7900
443.7,-3.8000
443.8,-3.7700
443.9,-3.9100
444.1,-3.8700
444.2,-4.0000
444.4,-4.0300
444.5,-4.0400
444.6,-4.1100
444.7,-4.0000
444.8,-3.9600
445.0,-3.9700
445.1,-4.0200
445.3,-4.0200
445.4,-4.0300
445.5,-4.0700
445.7,-3.8900
445.8,-3.8200
446.0,-3.9600
446.1,-3.7900
446.2,-3.8500
446.4,-3.7400
446.5,-3.7800
446.7,-3.9400
446.8,-3.7700
446.9,-3.7300
447.1,-3.6600
447.2,-3.5800
447.3,-3.4900
447.5,-3.4700
447.6,-3.5000
447.8,-3.9600
447.9,-3.4900
448.1,-3.6800
448.3,-3.5200
448.4,-3.5500
448.6,-3.5700
448.8,-3.6400
448.9,-3.5100
449.1,-3.4000
449.2,-3.4000
449.4,-3.4600
449.5,-3.5300
449.7,-3.8700
449.8,-3.5500
450.0,-3.6900
450.1,-3.7700
450.2,-3.8300
450.4,-3.9300
450.5,-3.9300
450.7,-3.9400
450.8,-4.1000
451.0,-3.8800
451.1,-3.8000
451.2,-3.8200
451.4,-3.7500
451.5,-3.8300
451.7,-3.7700
452.4,-3.7600
453.1,-3.7100
453.7,-3.7200
454.4,-3.8500
455.1,-3.7600
455.9,-3.7800
456.6,-3.7300
457.3,-3.7800
458.0,-3.5600
458.7,-3.5500
459.4,-3.5200
460.1,-3.5400
460.8,-3.4400
461.5,-3.5000
462.1,-3.6000
462.9,-3.6300
463.6,-3.5800
464.3,-3.6600
465.0,-3.7500
465.7,-3.7600
466.4,-3.8000
467.1,-3.7400
467.8,-3.9900
468.5,-4.1500
469.2,-4.1200
469.8,-4.1900
470.5,-4.1400
471.2,-4.0800
471.9,-4.1400
472.6,-4.2100
473.3,-4.0200
474.0,-4.1000
474.7,-4.1400
475.4,-4.1100
476.1,-4.0200
476.8,-4.0900
477.5,-4.1200
478.2,-4.1200
478.9,-4.0700
479.6,-4.0600
480.3,-4.1300
481.0,-4.0600
481.7,-4.0000
482.4,-4.0600
483.1,-3.8300
483.8,-3.8600
484.5,-3.8200
485.2,-3.7600
485.9,-3.6500
486.6,-3.7900
487.3,-3.7200
488.0,-3.8300
488.7,-3.8300
489.4,-3.8900
490.2,-3.9900
490.8,-3.9900
491.5,-3.9000
492.2,-3.8900
492.9,-4.2300
493.6,-3.9900
494.3,-4.3500
495.0,-3.9800
495.7,-4.3600
496.4,-4.4200
497.1,-4.2400
497.8,-4.2700
498.5,-4.5800
499.2,-4.6200
499.9,-4.5500
500.6,-4.5800
501.3,-4.7500
502.0,-4.6600
502.7,-4.5200
503.4,-4.6700
504.1,-4.5700
504.8,-4.4900
505.5,-4.7400
506.2,-4.0800
506.9,-4.1300
507.6,-4.2000
508.3,-4.2100
509.0,-4.4000
509.7,-4.1900
510.4,-4.6000
511.1,-3.7400
511.8,-3.8200
512.5,-4.3500
513.2,-4.2600
513.9,-4.1300
514.6,-3.9600
515.3,-3.8600
516.0,-4.0600
516.7,-3.7500
517.4,-3.7300
518.1,-3.7900
518.8,-3.5800
519.5,-3.5300
520.2,-3.5700
520.9,-3.9100
521.6,-3.8900
522.3,-4.1500
523.0,-3.9300
523.7,-3.8200
524.4,-3.9300
525.1,-3.8900
525.8,-4.0400
526.5,-4.1500
527.2,-4.1000
527.9,-4.1000
528.6,-4.4100
529.3,-4.3200
530.0,-4.2500
530.7,-4.5600
531.4,-4.5700
532.0,-4.4400
532.8,-4.3200
533.5,-4.2900
534.2,-4.2300
534.9,-4.0800
535.6,-3.8900
536.3,-4.0300
537.0,-4.2900
537.7,-4.1300
538.4,-4.0500
539.1,-4.1800
539.8,-4.0700
540.5,-4.0400
541.2,-4.1400
541.9,-4.1800
542.6,-4.1500
543.3,-4.1400
544.0,-4.1100
544.7,-4.0900
545.4,-4.1900
546.1,-4.2200
546.8,-4.1300
547.5,-4.0600
548.2,-4.0000
548.9,-4.1100
549.6,-4.0300
550.3,-4.0900
551.0,-4.0300
551.7,-4.0800
552.4,-4.0600
553.1,-4.1600
553.8,-4.1700
554.5,-4.2700
555.2,-4.1900
555.9,-4.1000
556.6,-3.9800
557.3,-3.9000
558.0,-3.8600
558.7,-4.0000
559.4,-4.0200
560.2,-3.8100
560.9,-4.0200
561.6,-3.9000
562.3,-3.9900
563.0,-3.9400
563.7,-4.1800
564.4,-4.4400
565.1,-4.3200
565.8,-4.4100
566.5,-4.3800
567.3,-4.2000
568.0,-4.2900
568.7,-4.1400
569.4,-4.0600
570.1,-4.0700
570.8,-3.9800
571.4,-3.8800
572.1,-3.8300
572.8,-3.7200
573.5,-3.7400
574.2,-3.5800
574.9,-3.6200
575.6,-3.6300
576.3,-3.3800
577.0,-3.7600
577.7,-3.7200
578.4,-3.7200
579.1,-3.5400
579.5,-3.6900
579.9,-3.6800
580.3,-3.6100
580.7,-3.5000
581.1,-3.7300
581.5,-3.8000
581.9,-3.7300
582.3,-4.1400
582.7,-3.8300
583.1,-4.0200
583.5,-3.8300
583.9,-3.8700
584.3,-3.9800
584.7,-3.9700
585.1,-4.0300
585.5,-3.9700
585.9,-4.2500
586.3,-4.1900
586.7,-4.0800
587.1,-4.2000
587.5,-4.1600
587.9,-4.1300
588.3,-4.1700
588.7,-4.2200
589.1,-4.2000
589.5,-4.3100
589.9,-4.5000
590.3,-4.3300
590.7,-4.3700
591.1,-4.4500
591.5,-4.5700
591.9,-4.4100
592.4,-4.5200
592.8,-4.3500
593.2,-4.5000
593.6,-4.5000
594.0,-4.4900
594.4,-4.5900
594.8,-4.6100
595.2,-4.3800
595.6,-4.2600
596.0,-4.3700
596.4,-4.1600
596.8,-4.1200
597.2,-4.3000
597.6,-4.2300
598.0,-4.2800
598.4,-4.1700
598.8,-3.9700
599.2,-4.0900
599.6,-3.9600
600.0,-3.8000
600.4,-3.7400
600.8,-3.9300
601.2,-3.6800
601.6,-3.9100
602.0,-4.0300
602.4,-3.9300
602.8,-3.7800
603.2,-3.7700
603.6,-3.6200
604.0,-3.8400
604.4,-3.6700
604.8,-3.7300
605.2,-3.6800
605.6,-3.7000
606.0,-3.5800
606.4,-3.7100
606.8,-3.5300
607.2,-3.6000
607.6,-3.7400
608.0,-3.5500
608.4,-3.6000
608.8,-3.6100
609.2,-3.4700
609.6,-3.3700
610.0,-3.3000
610.4,-3.4200
610.9,-3.4300
611.3,-3.4700
611.7,-3.6500
612.1,-3.5000
612.5,-3.6300
612.9,-3.7400
613.3,-3.7200
613.7,-3.9300
614.1,-3.8300
614.5,-3.9500
614.9,-4.1500
615.3,-4.0200
615.7,-4.3400
616.1,-4.3900
616.5,-4.3400
617.0,-4.2500
617.4,-4.4700
617.8,-4.4800
618.2,-4.4500
618.6,-4.3200
619.0,-4.5100
619.4,-4.7500
619.8,-4.6500
620.2,-4.5600
620.6,-4.5100
621.0,-4.3300
621.4,-4.4000
621.8,-4.5500
622.2,-4.5700
622.6,-4.5600
623.0,-4.3700
623.4,-4.4700
623.8,-4.4100
624.2,-4.5400
624.6,-4.6300
625.0,-4.7900
625.4,-4.7300
625.9,-4.5600
626.3,-4.6200
626.7,-4.8400
627.1,-4.6300
627.5,-4.7600
627.9,-4.6700
628.3,-4.5700
628.7,-4.6300
629.1,-4.3900
629.5,-4.5200
629.9,-4.3000
630.3,-4.2800
630.7,-4.1500
631.1,-4.2900
631.5,-4.3000
631.9,-4.3000
632.3,-4.5100
632.7,-4.6700
633.1,-4.8100
633.5,-4.7100
633.9,-4.8700
634.4,-4.7500
634.8,-4.8100
635.2,-4.7700
635.6,-4.7700
636.0,-4.6000
636.4,-4.5800
636.8,-4.5600
637.2,-4.5200
637.6,-4.5200
638.0,-4.1600
638.4,-4.2200
638.8,-4.2100
639.2,-4.1900
639.6,-4.2600
640.0,-4.0600
640.4,-4.0800
640.8,-4.0100
641.2,-4.0700
641.6,-4.1200
642.1,-4.0400
642.5,-3.9100
642.9,-4.1900
643.3,-4.3300
643.7,-4.3100
644.1,-4.2200
644.5,-4.3900
644.9,-4.1500
645.3,-4.3600
645.7,-4.3100
646.1,-4.1900
646.6,-4.1100
647.0,-4.3100
647.4,-3.9200
647.8,-4.0600
648.2,-4.0000
648.6,-4.1200
649.0,-4.0000
649.4,-4.1300
649.8,-4.3500
650.2,-4.2100
650.6,-4.3100
651.0,-4.5400
651.4,-4.4800
651.8,-4.4700
652.2,-4.4700
652.7,-4.0900
653.1,-4.3000
653.5,-4.7000
653.9,-4.7300
654.3,-4.6000
654.7,-4.6500
655.1,-4.6300
655.5,-4.4700
655.9,-4.8100
656.3,-4.7900
656.7,-4.8100
657.1,-4.7700
657.5,-5.0400
657.9,-4.8600
658.3,-4.7400
658.8,-4.5400
659.2,-4.7400
659.6,-4.7200
660.0,-4.7600
660.4,-4.7400
660.8,-4.7300
661.2,-4.7800
661.6,-4.7900
662.0,-4.7200
662.4,-4.7400
662.8,-4.5500
663.2,-4.4800
663.6,-4.3400
664.0,-4.3900
664.4,-4.2300
664.8,-4.2600
665.2,-4.2600
665.6,-4.0700
666.1,-4.1200
666.5,-3.9900
666.9,-3.9000
667.3,-4.0300
667.7,-4.0000
668.1,-3.9500
668.5,-3.9300
668.9,-3.9000
669.3,-3.9500
669.7,-4.0700
670.1,-4.0900
670.5,-3.9900
670.9,-4.0400
671.4,-4.1200
671.9,-3.7300
672.4,-3.9600
672.9,-3.9100
673.4,-3.8300
673.9,-3.9600
674.4,-3.7100
674.9,-3.7800
675.4,-3.9100
675.9,-3.7500
676.4,-3.6800
676.9,-3.7100
677.4,-3.6600
677.9,-3.8100
678.4,-3.6400
678.9,-3.7800
679.4,-3.7800
679.9,-3.7200
680.4,-3.8300
680.9,-4.0600
681.4,-3.8900
681.9,-3.9500
682.4,-3.9000
682.9,-3.9100
683.4,-3.9100
683.9,-3.9300
684.4,-3.9500
684.9,-4.1700
685.4,-3.9800
685.9,-4.0600
686.4,-3.9500
686.9,-4.0400
687.4,-4.0900
688.0,-4.0900
688.5,-4.0700
688.9,-4.1500
689.4,-4.3600
690.0,-4.4300
690.5,-4.2900
690.9,-4.1600
691.4,-4.3700
692.0,-4.0000
692.4,-4.3600
692.9,-4.1300
693.4,-4.2900
693.9,-4.3200
694.4,-4.2400
694.9,-4.4300
695.4,-4.4300
695.9,-4.2700
696.4,-4.3900
696.9,-4.4300
697.4,-4.3000
698.0,-4.5100
698.5,-4.2600
699.0,-4.6000
699.5,-4.4000
700.0,-4.1800
700.5,-4.4000
701.0,-4.4600
701.4,-4.5700
701.7,-4.4300
702.0,-4.6000
702.3,-4.3300
702.6,-4.2800
702.9,-3.9900
703.2,-4.1800
703.5,-4.1200
703.8,-3.9700
704.1,-4.0800
704.4,-4.0200
704.7,-4.0600
705.0,-4.0100
705.3,-4.1700
705.6,-4.3200
705.8,-4.2100
706.1,-4.0900
706.4,-3.8600
706.7,-3.9700
706.9,-3.9100
707.2,-3.9300
707.5,-4.2500
707.8,-4.0900
708.1,-4.2600
708.4,-4.0700
708.6,-3.9800
708.9,-4.0800
709.2,-4.0900
709.5,-4.5200
709.8,-4.3800
710.0,-4.3600
710.3,-4.6400
710.6,-4.5000
710.9,-4.5000
711.2,-4.3700
711.4,-4.5400
711.7,-4.4900
712.0,-4.2200
712.3,-4.2700
712.6,-4.1000
712.9,-3.9200
713.2,-3.8100
713.5,-3.7700
713.8,-3.9000
714.0,-3.5200
714.3,-3.5700
714.5,-3.7100
714.8,-3.7200
715.1,-3.8200
715.4,-3.7300
715.7,-3.8000
716.0,-3.8100
716.6,-3.6900
717.1,-3.7100
717.7,-3.7400
718.2,-3.7100
718.8,-3.6600
719.3,-3.8100
719.9,-3.8200
720.4,-3.8300
720.9,-3.9300
721.5,-4.0600
722.0,-3.8600
722.6,-3.9500
723.2,-3.9100
723.7,-3.9400
724.3,-3.7300
724.8,-3.7700
725.4,-3.8300
725.9,-3.7400
726.5,-3.8800
727.0,-3.8200
727.6,-3.9900
728.1,-3.8100
728.7,-4.0500
729.2,-4.0000
729.8,-4.1400
730.3,-4.1300
730.9,-4.0600
731.4,-4.0500
732.0,-3.9400
732.5,-4.1300
733.1,-4.2000
733.6,-4.1100
734.2,-4.0700
734.8,-3.9700
735.3,-4.0100
735.8,-3.8100
736.4,-3.7000
736.9,-3.7000
737.5,-3.6600
738.0,-3.6400
738.6,-3.7200
739.2,-3.7500
739.7,-3.6200
740.3,-3.4300
740.8,-3.5900
741.4,-3.5700
741.9,-3.6600
742.5,-3.6600
743.1,-3.8000
743.7,-3.7200
744.2,-3.6500
744.8,-3.7300
745.3,-3.8200
745.8,-3.7700
746.4,-3.7600
746.9,-3.8300
747.5,-3.7700
748.0,-3.8000
748.5,-3.7500
749.1,-3.9000
749.6,-3.8200
750.2,-3.8000
750.7,-3.8300
751.3,-3.8500
751.9,-3.9500
752.4,-3.7900
753.0,-3.9900
753.6,-4.0300
754.1,-3.9000
754.6,-4.0200
755.2,-3.9900
755.7,-3.9800
756.3,-3.9400
756.9,-3.8100
757.4,-3.8200
758.0,-3.8600
758.6,-3.9100
759.1,-3.9800
759.6,-3.9400
760.2,-4.0500
760.7,-3.9400
761.3,-3.8700
761.8,-3.7400
762.4,-3.7100
762.9,-3.7700
763.5,-3.7900
764.0,-3.9000
764.6,-4.0400
765.2,-3.9500
765.7,-3.9500
766.2,-3.8200
766.8,-3.8600
767.3,-3.7600
767.9,-3.9500
768.4,-3.8600
769.0,-3.9600
769.5,-3.9100
770.1,-3.9500
770.7,-3.8600
771.2,-3.9900
771.7,-3.9800
772.3,-4.0100
772.8,-4.0700
773.4,-4.1900
773.9,-4.1800
774.5,-4.0500
775.0,-4.0000
775.6,-3.9800
776.2,-3.8700
776.7,-3.9200
777.3,-3.7000
777.9,-3.5300
778.4,-3.5200
779.0,-3.4900
779.5,-3.4700
780.1,-3.5700
780.6,-3.7000
781.1,-3.5500
781.7,-3.6000
782.3,-3.7300
782.8,-3.7000
783.3,-3.7600
783.9,-3.5500
784.4,-3.5100
784.9,-3.5900
785.4,-3.6900
786.0,-3.5100
786.6,-3.6700
786.9,-3.8200
787.0,-3.6300
787.2,-3.9800
787.4,-4.1600
787.6,-4.4100
787.8,-4.1200
788.0,-3.8800
788.2,-3.8800
788.4,-3.8400
788.6,-4.0500
788.8,-4.0000
789.0,-3.8800
789.2,-3.9200
789.4,-3.7200
789.6,-3.7000
789.8,-3.5400
790.0,-3.6100
790.2,-3.5700
790.4,-3.5800
790.6,-3.3700
790.8,-3.5200
791.0,-3.3900
791.2,-3.5900
791.4,-3.4500
791.6,-3.4800
791.8,-3.4900
792.0,-3.7200
792.2,-3.7400
792.3,-3.7400
792.6,-3.7800
792.7,-3.4800
793.0,-3.5300
793.2,-3.4900
793.3,-3.3900
793.6,-3.5500
793.8,-3.4700
794.0,-3.5200
794.2,-3.5300
794.4,-3.6300
794.6,-3.7500
794.8,-3.7500
795.0,-3.8300
795.3,-4.0000
795.4,-3.7800
795.7,-3.7600
795.9,-3.7400
796.1,-3.7000
796.4,-3.6500
796.5,-3.7600
796.8,-3.7400
797.0,-3.7800
797.2,-3.7900
797.4,-3.7300
797.6,-3.8700
797.8,-3.7000
798.0,-3.8400
798.2,-3.5200
798.4,-3.6300
798.6,-3.4900
798.8,-3.5700
799.0,-3.4800
799.2,-3.8000
799.4,-3.4800
799.6,-3.4700
799.8,-3.5200
800.0,-3.5500
800.2,-3.6400
800.4,-3.7400
800.6,-3.7200
800.8,-3.7600
801.0,-3.7000
801.2,-3.4800
801.4,-3.7100
801.6,-3.7900
801.8,-3.8100
802.1,-4.0200
802.2,-3.7300
802.4,-3.8600
802.6,-3.6100
802.9,-3.8500
803.0,-4.0400
803.3,-4.0000
803.5,-3.8200
803.7,-3.8900
803.9,-3.7900
804.0,-3.7800
804.3,-3.6500
804.4,-3.8600
804.7,-3.9300
804.9,-3.8500
805.1,-3.6500
805.3,-3.5300
805.5,-3.6300
805.7,-3.7800
805.9,-3.7400
806.1,-3.8700
806.3,-3.9800
806.5,-3.9800
806.7,-3.7700
806.9,-4.1100
807.1,-3.6500
807.3,-3.8500
807.5,-3.9100
807.8,-3.6800
808.0,-3.6300
808.2,-4.1200
808.4,-4.0000
808.6,-4.0700
808.8,-3.9300
809.0,-3.9500
809.2,-3.7600
809.4,-3.6500
809.6,-3.6400
809.8,-3.5400
810.0,-3.5100
810.3,-3.6600
810.5,-3.8500
810.7,-3.6500
810.9,-3.8200
811.1,-3.8600
811.4,-3.8100
811.5,-3.8100
811.8,-3.8700
812.0,-3.7600
812.2,-3.7000
812.4,-4.2200
812.6,-4.1500
812.8,-4.1700
813.0,-3.9800
813.2,-4.0600
813.4,-3.8300
813.8,-3.8700
814.2,-3.9700
814.6,-3.7400
815.1,-3.4800
815.5,-3.4600
816.0,-3.8100
816.4,-3.4700
816.9,-3.7400
817.3,-3.6300
817.7,-3.7500
818.2,-3.7800
818.6,-3.5700
819.1,-3.8000
819.6,-3.9100
820.0,-3.9900
820.5,-4.1000
820.9,-4.0100
821.4,-3.9400
821.9,-4.0600
822.4,-3.8700
822.8,-4.2300
823.3,-4.3700
823.8,-4.3000
824.3,-4.2800
824.7,-4.5500
825.2,-4.4600
825.6,-4.4900
826.1,-4.6900
826.5,-4.4300
827.0,-4.7400
827.4,-4.6700
827.9,-4.4900
828.4,-4.4300
828.9,-4.4300
829.3,-4.3400
829.8,-4.5000
830.2,-4.4300
830.7,-4.2200
831.1,-4.1500
831.6,-4.3000
832.0,-4.1100
832.5,-4.0800
832.9,-4.0900
833.4,-4.0800
833.9,-4.0800
834.4,-4.1700
834.8,-4.0900
835.3,-4.0600
835.7,-3.9700
836.2,-3.9200
836.6,-3.7000
837.3,-3.6500
839.6,-3.6200
841.7,-3.5100
844.1,-3.5500
846.3,-3.4200
848.5,-3.4000
850.7,-3.4900
852.9,-3.5600
855.1,-3.5300
857.3,-3.4300
859.5,-3.7300
861.7,-3.4400
863.9,-3.4800
866.1,-3.5000
868.3,-3.6300
870.5,-3.5000
872.7,-3.7700
874.9,-3.6500
877.1,-3.6000
879.4,-3.4500
881.7,-3.6200
883.9,-3.4600
886.1,-3.3500
888.3,-3.5500
890.6,-3.6900
892.8,-3.8600
895.1,-3.9400
897.3,-3.9000
899.5,-3.5800
904.0,-3.5900
906.2,-3.6400
908.3,-4.0200
910.6,-3.9800
912.1,-4.2200
912.5,-4.4300
912.8,-4.3500
913.1,-4.1900
913.5,-4.1300
913.8,-4.0100
914.2,-3.9400
914.6,-3.6800
914.9,-3.9100
915.3,-4.1500
915.6,-4.3200
915.9,-3.9600
916.2,-4.1300
916.6,-3.9500
916.9,-4.1300
917.2,-3.9800
917.6,-4.0500
918.0,-4.0900
918.3,-4.2100
918.7,-4.2400
919.0,-4.0900
919.4,-4.1300
919.7,-3.9200
920.1,-3.8000
920.5,-3.8700
920.8,-3.9400
921.1,-4.0500
921.5,-4.3300
921.9,-3.8200
922.2,-3.8800
922.6,-3.6600
922.9,-3.9800
923.3,-3.9000
923.6,-3.8000
924.0,-4.1400
924.4,-3.7700
924.7,-3.9400
925.1,-3.8000
925.5,-3.8300
925.9,-3.9100
929.2,-3.9800
929.7,-4.0400
930.1,-3.9500
930.5,-3.9500
930.9,-3.7200
931.3,-3.8100
931.8,-3.7800
932.3,-3.7900
932.7,-3.9200
933.1,-3.8300
933.5,-3.7800
934.0,-3.8200
934.4,-3.4600
934.8,-3.6200
935.3,-3.0100
935.7,-3.1700
936.1,-3.1100
936.6,-3.5800
937.0,-3.0300
937.4,-2.9900
937.9,-3.1200
938.3,-3.3800
938.7,-3.1400
939.1,-3.1200
939.6,-3.2900
940.0,-3.3300
940.4,-3.0800
940.9,-3.1900
941.4,-3.4500
941.8,-3.3500
942.3,-3.6800
942.8,-3.6000
943.3,-4.0100
943.7,-4.0000
944.2,-4.5300
944.7,-4.4700
945.2,-4.4900
945.7,-4.1300
946.2,-4.4000
946.6,-4.0500
947.1,-4.1900
947.6,-3.9100
948.1,-3.7700
948.6,-3.7200
949.0,-3.8300
949.5,-3.9600
950.0,-3.9600
950.5,-3.9000
951.0,-4.0800
951.5,-4.0600
951.9,-3.8400
952.4,-4.1000
952.9,-3.9400
953.4,-3.8600
953.9,-3.7100
954.3,-3.7500
954.8,-3.9400
955.3,-3.9000
955.8,-3.7700
956.3,-3.8700
956.8,-4.2700
957.2,-4.0800
957.7,-4.0500
958.2,-3.8500
958.7,-3.9700
959.2,-3.9100
959.7,-3.7000
960.1,-3.4300
960.6,-3.5000
961.1,-3.4300
961.6,-3.3400
962.1,-3.4000
962.6,-3.2400
963.1,-3.3000
963.5,-3.9700
964.0,-3.5700
964.5,-3.5700
965.0,-3.4300
965.5,-3.6500
966.0,-3.8000
966.5,-3.7900
967.0,-3.9300
967.4,-3.8200
967.9,-3.8900
968.4,-4.0800
968.9,-4.0100
969.4,-3.9500
969.9,-3.9100
970.4,-3.9800
970.9,-3.9000
971.3,-3.5200
971.8,-3.8200
972.3,-3.9100
972.8,-3.6000
973.3,-3.7100
973.8,-3.8800
974.3,-4.0100
974.7,-3.9300
975.2,-4.0000
975.7,-3.9700
976.2,-3.8900
976.7,-3.9000
977.2,-3.7800
977.6,-3.8000
978.1,-3.7900
978.6,-3.7600
979.1,-3.7600
979.6,-3.6700
980.0,-3.6200
980.5,-3.7100
981.0,-3.5100
981.5,-3.7400
982.0,-3.7100
982.5,-3.7300
983.0,-3.8800
983.4,-3.7800
983.9,-3.8700
984.4,-4.0800
984.9,-4.0000
985.4,-4.0900
985.9,-4.3500
986.3,-4.0500
986.8,-4.1200
987.3,-3.8600
987.8,-3.9100
988.3,-4.0100
988.8,-3.8400
989.3,-3.8000
989.7,-4.1500
990.2,-3.9700
990.7,-3.9500
991.2,-3.9800
991.7,-4.2100
992.2,-4.1900
992.6,-3.7400
993.1,-3.7400
993.6,-3.8200
994.1,-3.8800
994.6,-3.7300
995.1,-3.8000
995.6,-3.9100
996.1,-4.0000
996.6,-3.9800
997.1,-4.0400
997.5,-3.8800
998.0,-3.9000
998.5,-4.0200
999.0,-3.9100
999.5,-3.9300
1000.0,-3.9700
1000.4,-4.0400
1000.9,-3.7300
1001.4,-3.9500
1001.9,-4.1400
1002.4,-4.0800
1002.8,-4.2400
1003.3,-4.3700
1003.8,-4.5400
1004.3,-4.5200
1004.8,-4.1500
1005.3,-4.1500
1005.8,-4.0900
1006.2,-4.4100
1006.7,-3.7200
1007.3,-3.7200
1008.0,-3.7300
1008.7,-3.6500
1009.4,-3.6300
1010.1,-3.8600
1010.9,-3.9300
1011.6,-3.7100
1012.3,-3.9400
1013.0,-3.8400
1013.7,-4.0900
1014.4,-4.0300
1015.1,-4.0400
1015.8,-3.9400
1016.5,-3.9100
1017.2,-3.8500
1017.9,-4.0500
1018.6,-4.0100
1019.3,-3.8400
1020.0,-3.9600
1020.8,-4.0100
1021.5,-3.8900
1022.2,-3.8100
1022.9,-3.8300
1023.6,-3.9200
1024.3,-3.4800
1025.0,-3.4400
1025.8,-3.1600
1026.5,-3.4900
1027.2,-3.3100
1027.9,-3.4000
1028.6,-3.4500
1029.3,-3.4300
1030.0,-3.5300
1030.7,-3.5400
1031.4,-3.5800
1032.2,-3.5000
1034.3,-3.5000
1035.0,-3.3100
1035.7,-3.3600
1036.4,-3.3400
1037.1,-3.3500
1037.8,-3.5000
1038.5,-3.4200
1039.2,-3.4800
1039.9,-3.2900
1040.7,-3.3200
1041.4,-3.3500
1042.1,-3.2300
1042.8,-3.2200
1043.5,-3.4500
1044.3,-3.1800
1045.0,-3.3100
1045.7,-3.2400
1046.4,-3.0100
1047.0,-3.0800
1047.8,-3.0800
1048.5,-3.0100
1049.2,-3.0900
1049.9,-3.2700
1050.6,-3.0600
1051.3,-3.0000
1052.0,-2.9900
1052.7,-3.1200
1053.4,-3.0900
1054.2,-3.2300
1054.9,-3.3400
1055.6,-3.1400
1056.3,-3.3000
1056.9,-3.2300
1057.7,-3.2400
1058.4,-3.1100
1059.1,-3.2800
1059.8,-3.1000
1060.5,-3.1200
1061.3,-3.1300
1062.0,-3.1800
1062.7,-3.0700
1063.4,-3.1000
1064.2,-3.1500
1064.9,-3.0500
1065.6,-3.0600
1066.3,-2.8600
1067.0,-2.8300
1067.6,-3.0000
1068.1,-2.9900
1068.6,-2.8800
1069.1,-2.9400
1069.6,-2.8600
1070.2,-2.8100
1070.7,-2.9800
1071.3,-2.9900
1071.8,-3.0100
1072.3,-3.0400
1072.8,-2.8500
1073.4,-2.8900
1073.9,-3.0200
1074.4,-3.1400
1074.9,-3.1300
1075.4,-3.1500
1076.0,-3.1000
1076.5,-3.0700
1077.0,-2.9600
1077.6,-2.8600
1078.1,-2.8900
1078.6,-2.9400
1079.1,-3.0800
1079.6,-2.9500
1080.1,-2.9900
1080.7,-3.2000
1081.2,-3.1400
1081.7,-3.2900
1082.3,-3.1700
1082.8,-3.1400
1083.3,-3.0400
1083.8,-2.9300
1084.3,-3.0300
1084.8,-3.1900
1085.4,-3.0700
1085.9,-3.3100
1086.4,-3.2100
1086.9,-3.3300
1087.4,-3.2800
1087.9,-3.1100
1088.5,-3.4300
1089.0,-3.3700
1089.5,-3.3800
1090.0,-3.4700
1090.6,-3.5500
1091.1,-3.5400
1091.6,-3.5500
1092.2,-3.7100
1092.7,-3.5400
1093.2,-3.4500
1093.8,-3.6000
1094.3,-3.4400
1094.8,-3.5500
1095.3,-3.6000
1095.8,-3.7300
1096.4,-3.7700
1096.9,-3.8500
1097.4,-4.0400
1098.0,-3.8200
1098.5,-3.9000
1099.0,-3.8600
1099.6,-3.9700
1100.1,-4.4000
1100.6,-3.9500
1101.1,-4.2300
1101.6,-4.4300
1102.1,-4.1400
1102.6,-3.9100
1103.1,-4.3100
1103.6,-4.3300
1104.1,-4.0100
1104.6,-3.9100
1105.1,-4.6100
1105.7,-4.6100
1106.1,-4.4400
1106.7,-4.4200
1107.2,-4.2500
1107.8,-4.1900
1108.3,-4.3600
1108.8,-3.9400
1109.3,-4.0700
1109.8,-4.0900
1110.4,-3.9000
1110.9,-4.3300
1111.4,-4.4900
1111.9,-4.3900
1112.4,-4.3800
1112.9,-4.4300
1113.4,-4.3000
1114.0,-4.7800
1114.5,-4.0800
1115.1,-4.4000
1115.6,-3.9600
1116.1,-3.9700
1116.7,-4.8100
1117.2,-3.9300
1117.7,-4.4600
1118.2,-4.1200
1118.8,-4.1700
1119.3,-4.2100
1119.8,-4.5900
1120.4,-4.3300
1120.9,-3.9900
1121.4,-4.2500
1121.9,-4.0900
1122.5,-4.3800
1123.0,-4.3200
1123.5,-4.5000
1124.6,-4.5900
1125.1,-4.5200
1125.6,-4.4200
1126.1,-4.2600
1126.7,-4.3200
1127.7,-3.8400
1128.2,-3.6000
1128.7,-3.5400
1129.2,-4.0000
1129.8,-3.9700
1130.8,-3.5200
1131.3,-3.4000
1131.8,-3.5000
1132.3,-3.4000
1132.8,-3.4100
1133.4,-3.6800
1133.9,-3.7000
1134.5,-3.7300
1135.0,-3.8300
1135.5,-3.6200
1136.0,-3.8000
1136.6,-3.6400
1137.1,-3.7000
1137.6,-3.7600
1138.1,-3.8900
1138.6,-3.7500
1139.1,-3.5400
1139.7,-3.6900
1140.2,-3.9100
1140.7,-3.5600
1141.2,-3.6800
1141.7,-3.8200
1142.2,-3.8100
1142.7,-3.7900
1143.3,-3.6400
1143.8,-3.5300
1144.3,-3.4600
1144.8,-3.8400
1145.3,-3.7500
1145.9,-3.6900
1146.4,-3.6000
1146.9,-3.5900
1147.5,-3.8700
1148.0,-3.6000
1148.5,-3.7600
1149.1,-3.7900
1149.6,-3.9600
1150.1,-3.7300
1150.6,-3.9900
1151.1,-3.9600
1151.6,-4.0500
1152.1,-4.0900
1152.7,-3.9000
1153.2,-3.8700
1153.7,-4.1600
1154.2,-3.8100
1154.7,-3.9700
1155.2,-4.0300
1155.7,-3.9200
1156.2,-3.9300
1156.8,-4.0800
1157.3,-4.0100
1157.8,-4.1300
1158.3,-4.0100
1158.9,-3.9500
1159.3,-4.2800
1159.9,-4.7000
1160.4,-4.1800
1160.9,-3.9100
1161.4,-4.1000
1161.9,-3.9500
1162.4,-4.3800
1162.9,-4.0100
1163.5,-4.0400
1164.0,-4.1100
1164.6,-3.7000
1165.1,-3.8100
1165.6,-3.8100
1166.2,-3.6900
1166.7,-3.5400
1167.2,-3.6000
1167.8,-3.6500
1168.3,-3.7400
1168.8,-3.6000
1169.3,-3.6900
1169.8,-3.8500
1170.3,-3.9900
1170.8,-4.0600
1171.3,-4.0400
1171.9,-4.0700
1172.4,-3.8600
1172.9,-3.7900
1173.4,-3.9700
1173.9,-4.1200
1174.5,-4.3400
1175.4,-4.2200
1176.3,-4.4800
1177.2,-4.7000
1178.1,-4.4900
1179.0,-4.2400
1180.0,-4.2600
1181.0,-4.1100
1181.9,-4.0600
1182.9,-3.8800
1183.8,-3.9000
1184.8,-3.9500
1185.7,-4.0400
1186.6,-4.1800
1187.6,-4.1300
1188.6,-4.0400
1189.5,-3.8200
1190.5,-3.7500
1191.4,-3.9200
1192.3,-3.7200
1193.2,-3.9600
1194.2,-3.9600
1195.1,-3.9200
1196.0,-3.8800
1197.0,-3.7100
1197.9,-3.5200
1198.9,-3.5400
1199.7,-3.6200
1200.7,-3.7200
1201.6,-3.6300
1202.6,-3.6400
1203.4,-3.4400
1204.3,-3.5200
1205.3,-3.6000
1206.2,-3.6600
1207.2,-3.7700
1209.0,-3.8000
1210.0,-3.8800
1211.0,-3.9700
1212.0,-3.9000
1212.9,-3.9700
1213.8,-4.0700
1214.7,-4.0900
1215.6,-4.0200
1216.5,-3.9800
1217.4,-3.9500
1218.3,-4.1200
1219.3,-4.3600
1220.1,-4.2300
1221.1,-4.1700
1222.0,-4.2200
1222.9,-4.3600
1223.8,-4.4100
1224.7,-4.2800
1225.6,-4.2800
1226.6,-4.2500
1227.5,-4.3500
1228.4,-4.5200
1229.3,-4.6900
1230.3,-4.7800
1231.2,-4.7900
1232.1,-4.6600
1233.0,-4.5800
1233.9,-4.5700
1234.9,-4.6300
1235.8,-4.7700
1236.8,-4.5700
1237.7,-4.6800
1238.6,-4.5600
1239.6,-4.4200
1240.6,-4.2000
1241.5,-3.9100
1242.5,-3.6900
1243.4,-3.6700
1244.4,-3.5800
1245.4,-3.7600
1246.3,-3.9400
1247.2,-3.9000
1248.1,-4.0500
1249.1,-4.2600
1250.0,-4.3100
1250.9,-4.2000
1251.9,-4.1100
1252.7,-3.9300
1253.7,-3.9700
1254.5,-4.0500
1255.5,-4.0000
1256.4,-4.0900
1257.4,-4.2200
1258.3,-4.1700
1259.2,-4.1100
1260.1,-4.2600
1261.0,-4.2100
1262.0,-4.3700
1263.0,-4.0200
1263.9,-3.8300
1264.8,-3.6000
1265.7,-3.7000
1266.6,-3.7300
1267.5,-3.8600
1268.4,-3.9700
1269.4,-4.2500
1270.3,-4.6800
1271.3,-4.6300
1272.2,-4.2700
1273.3,-4.8400
1274.2,-5.0900
1275.1,-4.3900
1276.0,-4.5800
1276.9,-4.4500
1277.8,-4.4400
1278.7,-4.6300
1279.6,-4.6300
1280.6,-4.3400
1281.5,-4.2000
1282.5,-3.9500
1283.5,-3.9700
1284.4,-3.8300
1285.3,-3.7600
1286.3,-4.2700
1287.2,-3.9800
1288.2,-3.9900
1289.1,-3.9100
1290.0,-3.5000
1290.7,-3.4200
1291.3,-3.6800
1291.8,-3.8100
1292.4,-3.5800
1293.0,-3.7800
1293.6,-3.8800
1294.1,-4.1500
1294.7,-4.2500
1295.3,-4.1900
1295.9,-4.1500
1296.5,-4.2500
1297.1,-4.1000
1297.6,-4.2800
1298.2,-4.2700
1298.8,-4.2300
1299.4,-4.1500
1299.9,-4.1000
1300.5,-4.0400
1301.1,-3.9800
1301.7,-4.0500
1302.3,-4.2300
1302.9,-4.3200
1303.5,-4.3400
1304.1,-4.4600
1304.7,-4.4500
1305.4,-4.5300
1306.0,-4.3700
1306.6,-4.4000
1307.2,-4.4600
1307.8,-4.4400
1308.4,-4.5700
1309.0,-4.5200
1309.7,-4.4700
1310.2,-4.3800
1310.8,-4.4300
1311.4,-4.4100
1312.1,-4.4700
1312.7,-4.4800
1313.3,-4.4100
1313.8,-4.3800
1314.5,-4.3100
1315.0,-4.3300
1315.6,-4.3600
1316.2,-4.3600
1316.8,-4.2900
1317.4,-4.3200
1318.0,-4.2900
1318.6,-4.3000
1319.2,-4.3300
1319.8,-4.2700
1320.4,-4.2700
1320.9,-4.2000
1321.5,-4.2800
1322.1,-4.2700
1322.7,-4.2300
1323.3,-4.1800
1323.9,-4.1500
1324.5,-4.0900
1325.1,-4.0800
1325.7,-4.0500
1326.3,-4.3500
1327.5,-3.8200
1328.1,-3.8400
1328.7,-3.7300
1329.3,-3.5800
1329.9,-4.0300
1330.5,-3.6700
1331.1,-3.5800
1331.6,-3.7000
1332.2,-3.7100
1332.8,-3.7100
1333.4,-3.6500
1334.0,-3.4700
1334.6,-3.4500
1335.2,-3.5500
1335.8,-3.4400
1336.4,-3.4700
1337.0,-3.5100
1337.6,-3.6700
1338.2,-3.6800
1338.9,-3.9800
1339.5,-3.6000
1340.1,-3.5900
1340.6,-3.5800
1341.2,-3.5400
1341.7,-3.7100
1342.3,-3.7100
1342.9,-3.8200
1343.5,-3.8200
1344.1,-3.8300
1344.7,-3.6900
1345.3,-3.7100
1345.9,-3.6800
1346.5,-3.7900
1347.1,-3.7800
1347.7,-3.7900
1348.3,-3.7500
1348.8,-3.7500
1349.4,-3.8000
1350.1,-3.7800
1350.7,-3.7200
1351.2,-3.7100
1351.9,-3.6600
1352.5,-3.6500
1353.1,-3.7400
1353.7,-3.7500
1354.3,-3.8300
1354.9,-3.6300
1355.5,-3.8800
1356.2,-3.7300
1356.8,-3.8000
1357.3,-3.7100
1358.0,-3.9800
1358.6,-3.8400
1359.2,-3.7200
1359.8,-3.6500
1360.4,-3.6800
1361.0,-3.6100
1361.6,-3.6500
1362.2,-3.7900
1362.9,-3.5800
1363.4,-3.6000
1364.0,-3.4900
1364.6,-3.3200
1365.2,-3.4600
1365.8,-3.3800
1366.5,-3.3500
1367.1,-3.4700
1367.7,-3.4400
1368.3,-3.6700
1368.9,-3.5500
1369.5,-3.5800
1370.1,-3.4600
1370.6,-3.5900
1371.2,-3.6400
1371.8,-3.6200
1372.5,-3.6800
1373.1,-3.6500
1373.6,-3.6700
1374.2,-3.6300
1374.7,-3.6800
1375.4,-3.8100
1376.0,-3.7100
1376.6,-3.5900
1377.2,-3.5900
1377.8,-3.5200
1378.3,-3.4800
1378.9,-3.5900
1379.5,-3.5700
1380.2,-3.8700
1380.8,-3.5800
1381.5,-3.5200
1382.1,-3.5300
1382.7,-3.7200
1383.3,-3.5800
1383.9,-3.4000
1384.5,-3.3400
1385.1,-3.4300
1385.7,-3.5300
1386.2,-3.5700
1386.8,-3.5700
1387.4,-3.6300
1388.0,-3.6800
1388.6,-3.5800
1389.2,-3.6000
1389.7,-3.4100
1390.3,-3.5900
1390.9,-3.3600
1391.5,-3.3600
1392.1,-3.3600
1392.7,-3.4500
1393.2,-3.3800
1393.9,-3.4200
1394.5,-3.4400
1394.9,-3.4100
1395.2,-3.4200
1395.6,-3.4800
1395.9,-3.5500
1396.3,-3.6500
1396.6,-3.6000
1397.3,-3.6800
1397.6,-3.6700
1398.0,-3.6400
1398.4,-3.7100
1398.7,-3.7300
1399.1,-3.7700
1399.4,-3.8900
1399.8,-3.8900
1400.1,-3.8200
1400.5,-3.7200
1400.8,-3.6500
1401.2,-3.6700
1401.5,-3.4800
1401.9,-3.4800
1402.2,-3.4800
1402.5,-3.3900
1402.9,-3.3800
1403.2,-3.3200
1403.6,-3.5400
1404.0,-3.4500
1404.3,-3.5400
1404.6,-3.6200
1405.0,-3.6200
1405.3,-3.7200
1405.7,-3.7800
1406.0,-3.7100
1406.3,-3.9000
1406.7,-3.8800
1407.0,-4.0100
1407.4,-3.9700
1407.8,-3.9600
1408.1,-3.9900
1408.4,-4.0200
1408.8,-4.0200
1409.1,-4.0000
1409.5,-3.9800
1409.8,-3.8700
1410.2,-3.7200
1410.5,-3.7300
1410.8,-3.6900
1411.2,-3.8300
1411.5,-3.7200
1411.9,-3.6800
1412.3,-3.8800
1412.6,-3.7100
1413.0,-3.6800
1413.3,-3.7500
1413.7,-3.7600
1414.0,-3.7700
1414.4,-3.8100
1414.7,-3.7800
1415.1,-3.8400
1415.4,-3.6700
1415.7,-3.6800
1416.1,-3.6000
1416.4,-3.6000
1416.8,-3.7000
1417.2,-3.6100
1417.5,-3.5700
1417.9,-3.7000
1418.2,-3.5600
1418.6,-3.5400
1418.9,-3.4500
1419.3,-3.5000
1419.6,-3.4700
1420.0,-3.5200
1420.3,-3.5700
1420.7,-3.4900
1421.0,-3.5400
1421.4,-3.4000
1421.9,-3.3300
1422.4,-3.3200
1422.9,-3.2700
1423.4,-3.2400
1423.9,-3.2900
1424.4,-3.3100
1424.9,-3.3800
1425.3,-3.3400
1425.8,-3.3300
1426.3,-3.3800
1426.8,-3.3500
1427.3,-3.3800
1427.8,-3.4500
1428.3,-3.3800
1428.8,-3.3500
1429.3,-3.3900
1429.8,-3.5000
1430.3,-3.4300
1430.8,-3.5400
1431.3,-3.5600
1431.7,-3.5700
1432.2,-3.6200
1432.7,-3.7100
1433.2,-3.7000
1433.7,-3.9700
1434.2,-4.4400
1434.7,-3.8000
1435.2,-4.0400
1435.7,-3.5700
1436.1,-3.9800
1436.6,-3.6500
1437.1,-3.6000
1437.6,-3.4000
1438.1,-3.5200
1438.6,-3.9900
1439.1,-3.4800
1439.6,-3.7600
1440.1,-3.6900
1440.6,-3.7200
1441.1,-3.4800
1441.6,-3.5900
1442.0,-3.7800
1442.5,-3.6000
1443.0,-3.9100
1443.5,-3.9200
1444.0,-3.8000
1444.5,-3.9600
1445.0,-3.7400
1445.5,-3.9300
1446.0,-3.9300
1446.5,-3.8400
1447.0,-3.6200
1447.4,-3.6700
1447.9,-3.7200
1448.4,-3.5600
1448.9,-3.5500
1449.4,-3.5900
1449.9,-3.9000
1450.4,-3.6000
1450.9,-3.7900
1451.4,-3.6100
1451.9,-3.8600
1452.3,-4.4100
1452.8,-4.0800
1453.3,-3.9300
1453.8,-3.6800
1454.3,-3.7900
1454.8,-4.0400
1455.3,-3.9400
1455.8,-3.9400
1456.3,-3.8600
1456.8,-3.9000
1457.3,-3.9500
1457.8,-4.0300
1458.3,-4.0200
1458.7,-3.9000
1459.7,-4.0000
1460.7,-3.9300
1461.2,-4.1000
1461.7,-4.0900
1462.2,-4.4300
1462.7,-3.9000
1463.2,-4.0000
1463.6,-3.7400
1464.1,-4.0500
1464.6,-3.9600
1465.1,-4.0100
1465.6,-3.8200
1466.1,-3.8000
1466.6,-3.8000
1467.1,-3.9300
1467.6,-3.8100
1468.1,-3.9800
1468.6,-3.8300
1469.0,-3.7500
1469.5,-3.7100
1470.0,-3.7900
1470.5,-3.6000
1471.0,-3.5200
1471.5,-3.6000
1472.0,-3.4900
1472.5,-3.3700
1473.0,-3.5500
1473.4,-3.5600
1473.9,-3.6900
1474.4,-3.6500
1474.9,-3.4500
1475.4,-3.5100
1475.9,-3.5900
1476.3,-3.5600
1476.8,-3.6500
1477.3,-3.6700
1477.8,-3.9400
1478.3,-4.1200
1478.7,-3.9100
1479.2,-3.9500
1479.7,-3.6700
1480.2,-3.6600
1480.7,-3.6800
1481.1,-3.6000
1481.6,-3.9900
1482.1,-3.8300
1482.6,-3.4900
1483.0,-3.9800
1483.5,-3.7100
1484.0,-3.8200
1484.5,-3.7000
1484.9,-3.7400
1485.4,-3.7100
1485.9,-3.8200
1486.4,-3.6800
1486.9,-3.7000
1487.3,-3.6000
1487.8,-3.7300
1488.3,-3.7200
1488.8,-3.6400
1489.3,-3.7900
1489.7,-3.8300
1490.2,-3.8500
1490.7,-3.9500
1491.2,-4.0100
1491.7,-3.9100
1492.1,-3.9300
1492.6,-3.7300
1493.1,-3.5800
1493.6,-3.5600
1494.0,-3.5000
1494.5,-3.4100
1495.0,-3.4500
1495.5,-3.4600
1495.9,-3.5000
1496.4,-3.4900
1496.9,-3.4700
1497.4,-3.4700
1497.9,-3.4700
1498.3,-3.4500
1498.8,-3.4900
1499.3,-3.4900
1499.8,-3.5100
1500.3,-3.4900
1500.7,-3.4500
1501.2,-3.4100
1501.7,-3.5300
1502.2,-3.5300
1502.7,-3.6100
1503.1,-3.5100
1503.6,-3.7300
1504.1,-3.6500
1504.6,-3.8400
1505.0,-3.7300
1505.5,-3.6200
1506.0,-3.5900
1506.5,-3.8100
1507.0,-3.9400
1507.4,-3.8000
1507.9,-3.7800
1508.4,-3.7400
1508.9,-3.6700
1509.3,-3.8000
1509.8,-3.6400
1510.3,-3.5600
1510.8,-3.7700
1511.3,-3.6600
1511.7,-3.6300
1512.2,-3.7000
1512.7,-3.7200
1513.2,-3.6700
1513.7,-3.7300
1514.1,-3.7400
1514.6,-3.5600
1515.1,-3.6300
1515.6,-3.6200
1516.0,-3.5000
1516.5,-3.4800
1517.0,-3.4000
1517.5,-3.3400
1518.0,-3.3800
1518.4,-3.4900
1518.9,-3.4700
1519.4,-3.5800
1519.9,-3.5500
1520.3,-3.6800
1520.8,-3.9300
1521.3,-3.7100
1521.8,-3.7200
1522.3,-3.7500
1522.7,-3.7400
1523.2,-3.6900
1523.7,-3.7400
1524.2,-3.7400
1524.7,-3.9100
1525.1,-3.8100
1525.6,-3.7000
1526.1,-3.5200
1526.6,-3.6000
1527.1,-3.5500
1527.5,-3.6500
1528.0,-3.6800
1528.5,-3.5600
1529.0,-3.4300
1529.5,-3.5700
1529.9,-3.4800
1530.4,-3.3200
1530.9,-3.5700
1531.4,-3.6200
1531.9,-3.4400
1532.3,-3.6200
1532.8,-3.5500
1533.3,-3.4800
1533.8,-3.4500
1534.2,-3.4800
1534.7,-3.3600
1535.2,-3.2800
1535.7,-3.3100
1536.2,-3.5400
1536.6,-3.8400
1537.1,-3.3700
1537.6,-3.5000
1538.1,-3.4700
1538.5,-3.1900
1539.0,-3.5900
1539.5,-3.1700
1540.0,-3.4900
1540.5,-3.2600
1540.9,-3.5900
1541.4,-3.2400
1541.9,-3.3600
1542.4,-3.3600
1542.9,-3.3200
1543.3,-3.4500
1543.8,-3.4400
1544.3,-3.4800
1544.8,-3.4300
1545.3,-3.5500
1545.7,-3.3000
1546.2,-3.3000
1546.7,-3.2700
1547.1,-3.2200
1547.4,-3.2800
1547.8,-3.3300
1548.2,-3.4000
1548.6,-3.4300
1548.9,-3.2700
1549.3,-3.3100
1549.7,-3.2000
1550.1,-3.2300
1550.4,-3.1600
1550.8,-3.1600
1551.2,-3.2900
1551.6,-3.3700
1551.9,-3.4000
1552.3,-3.4500
1552.7,-3.4900
1553.0,-3.4300
1553.4,-3.3200
1553.7,-3.4300
1554.1,-3.4300
1554.5,-3.4500
1554.9,-3.4200
1555.2,-3.4700
1555.6,-3.4100
1556.0,-3.3600
1556.4,-3.4400
1556.7,-3.3800
1557.1,-3.3700
1557.5,-3.4500
1557.8,-3.4700
1558.2,-3.4100
1558.6,-3.4500
1559.0,-3.4600
1559.3,-3.7200
1559.7,-3.5000
1560.1,-3.6500
1560.4,-3.5000
1560.8,-3.5800
1561.2,-3.4000
1561.6,-3.4500
1561.9,-3.3700
1562.3,-3.6400
1562.7,-3.3900
1563.1,-3.2300
1563.4,-3.2800
1563.8,-3.3500
1564.2,-3.2400
1564.6,-3.1600
1564.9,-3.0600
1565.3,-3.1200
1565.7,-3.1700
1566.0,-3.4800
1566.4,-3.3500
1566.8,-3.3700
1567.2,-3.4200
1567.6,-3.4800
1567.9,-3.6500
1568.3,-3.6000
1568.7,-3.4700
1569.1,-3.5000
1569.4,-3.5800
1569.8,-3.9200
1570.2,-3.6700
1570.9,-3.5000
1571.3,-3.7000
1571.7,-3.4900
1572.1,-3.4500
1572.4,-3.4700
1572.8,-3.3700
1573.2,-3.4000
1573.6,-3.8500
1573.9,-3.5800
1574.3,-3.6100
1574.7,-3.8400
1575.1,-3.4800
1575.4,-3.7900
1575.8,-3.5700
1576.2,-3.4200
1576.6,-3.6100
1576.9,-3.7800
1577.3,-3.4700
1577.7,-3.3200
1578.1,-3.2800
1578.4,-3.5300
1578.8,-3.3300
1579.2,-3.3400
1579.6,-3.3900
1579.9,-3.5400
1580.3,-3.4500
1580.7,-3.5100
1581.0,-4.1000
1581.4,-3.4300
1581.8,-3.4200
1582.2,-3.6100
1582.5,-3.5900
1582.9,-3.2600
1583.3,-3.2700
1583.7,-3.4200
1584.0,-3.6700
1584.8,-3.2500
1585.2,-3.5100
1585.5,-3.6800
1585.9,-3.3700
1586.3,-3.2800
1586.7,-3.2700
1587.0,-3.5700
1587.4,-3.2800
1587.8,-3.2800
1588.2,-3.1700
1588.5,-3.1800
1588.9,-3.4100
1589.3,-3.2100
1589.6,-3.2600
1590.0,-3.1500
1590.4,-3.1100
1590.8,-3.3300
1591.1,-3.5400
1591.5,-3.4300
1591.9,-3.3500
1592.3,-3.2800
1592.7,-4.0400
1593.0,-3.4600
1593.4,-3.5200
1594.9,-3.5700
1595.3,-3.6000
1595.7,-3.4600
1596.0,-3.7600
1596.4,-3.5900
1596.8,-3.5500
1597.2,-3.3400
1597.5,-3.6100
1597.9,-3.5200
1598.3,-3.6400
1598.7,-3.5100
1599.1,-3.5500
1599.4,-3.3500
1599.8,-3.3500
1600.2,-3.3700
1600.6,-3.6900
1600.9,-3.2600
1601.3,-3.3900
1601.7,-3.4100
1602.1,-3.5100
1602.4,-3.5000
1602.8,-3.9600
1603.6,-3.5200
1603.9,-3.5900
1604.3,-3.6300
1604.7,-3.6400
1605.1,-3.7700
1605.4,-3.6900
1605.8,-3.6300
1606.2,-3.5200
1606.6,-3.5100
1606.9,-3.7500
1607.3,-4.1300
1607.7,-3.5000
1608.0,-3.5700
1608.4,-3.6000
1608.8,-3.7000
1609.1,-3.8200
1609.5,-4.0100
1609.9,-3.8700
1610.3,-3.7000
1610.6,-3.7200
1611.0,-3.7500
1611.4,-3.5000
1611.8,-3.6000
1612.1,-3.5300
1612.5,-3.4400
1612.9,-3.3500
1613.2,-3.3900
1613.6,-3.5800
1614.0,-3.3600
1614.3,-3.5200
1614.7,-3.6700
1615.1,-3.4200
1615.5,-4.1900
1616.1,-3.6200
1616.6,-3.4900
1617.3,-3.6200
1617.9,-2.9700
1618.5,-4.0800
1619.1,-3.8800
1619.8,-3.6000
1620.4,-3.5800
1621.0,-3.5700
1621.5,-3.4700
1622.1,-3.2700
1622.7,-3.6900
1623.3,-3.9200
1623.9,-3.5200
1624.5,-3.5700
1625.1,-3.6100
1625.7,-3.2000
1626.3,-3.3000
1626.9,-3.5700
1627.5,-3.0800
1628.1,-3.2400
1628.7,-3.3300
1629.3,-3.3100
1629.9,-3.0300
1632.3,-3.2500
1632.9,-3.3900
1633.4,-3.5800
1634.1,-3.5000
1634.6,-3.2200
1635.2,-3.9500
1635.8,-3.7400
1636.4,-4.2000
1637.0,-3.4900
1637.6,-4.4300
1638.2,-3.4600
1638.8,-3.1600
1639.4,-3.2700
1640.1,-3.1900
1640.7,-3.5800
1641.3,-3.3800
1641.9,-3.3800
1642.5,-3.2600
1643.6,-3.5200
1644.2,-3.5500
1644.8,-3.5900
1645.4,-3.2700
1645.9,-3.3600
1646.6,-3.7500
1647.2,-3.9000
1647.8,-4.1800
1648.4,-3.6400
1649.0,-3.5700
1649.6,-3.6600
1650.2,-3.3900
1650.8,-3.4800
1651.4,-3.8100
1653.3,-4.0600
1653.9,-4.1700
1654.5,-3.8400
1655.1,-3.6300
1655.7,-3.7900
1656.3,-3.7500
1656.8,-3.6900
1657.4,-3.9800
1658.1,-3.6700
1658.6,-3.7900
1659.2,-3.6500
1659.8,-3.8800
1660.4,-3.8700
1660.9,-3.7000
1661.5,-3.9800
1662.0,-3.7600
1662.6,-3.4000
1663.2,-3.6100
1663.8,-3.3600
1664.4,-3.3200
1665.1,-3.5300
1665.7,-3.7500
1666.3,-3.8700
1666.8,-3.4800
1667.2,-3.5200
1667.5,-3.4700
1667.8,-3.6700
1668.2,-3.8500
1668.5,-3.6500
1668.8,-3.6700
1669.2,-3.4700
1669.4,-3.7700
1669.7,-3.7000
1670.1,-3.7100
1670.4,-3.7500
1670.7,-3.8900
1671.1,-3.7300
1671.4,-3.8100
1671.7,-3.7200
1672.0,-3.7300
1672.4,-3.7000
1672.7,-3.7600
1673.0,-3.8600
1673.3,-3.7800
1673.6,-3.9000
1674.0,-3.7100
1674.3,-3.8600
1674.6,-3.7900
1674.9,-3.9500
1675.2,-3.7300
1675.5,-3.9100
1675.8,-3.7900
1676.1,-3.6600
1676.4,-3.8400
1676.8,-3.7500
1677.0,-3.8200
1677.3,-3.7500
1677.6,-3.8700
1677.9,-3.5900
1678.2,-3.6200
1678.5,-3.5300
1678.9,-3.5300
1679.1,-3.5500
1679.3,-3.4300
1679.6,-3.8400
1679.9,-3.4100
1680.2,-3.5400
1680.5,-3.9000
1680.8,-3.9900
1681.2,-3.5800
1681.5,-3.4700
1681.8,-3.6500
1682.1,-4.2300
1682.4,-3.7300
1682.7,-3.6800
1682.9,-3.7500
1683.3,-4.0600
1683.6,-4.0300
1683.8,-3.5600
1684.0,-3.6500
1684.4,-3.4000
1684.7,-4.4400
1684.9,-3.3300
1685.2,-3.6700
1685.5,-3.5900
1685.7,-3.8600
1686.7,-3.6400
1687.6,-3.7800
1688.5,-4.2200
1689.4,-3.2100
1690.3,-3.5000
1691.3,-3.7500
1692.2,-4.5000
1696.8,-3.4500
1697.8,-4.1000
1699.7,-4.0600
1700.6,-4.0900
1701.6,-3.7500
1702.6,-3.9800
1703.6,-4.3000
1705.5,-4.7100
1706.4,-4.5000
1707.2,-4.2500
1715.7,-3.5500
1716.7,-3.2400
1718.5,-3.5200
1719.5,-3.7600
1720.5,-3.7100
1721.4,-3.6800
1722.3,-3.6800
1723.3,-3.8800
1724.3,-3.7000
1725.2,-3.6700
1726.0,-3.4900
1726.9,-3.4200
1727.9,-3.5400
1728.8,-3.6500
1729.8,-3.4900
1730.7,-3.6600
1731.6,-3.7600
1732.6,-3.7300
1733.5,-3.5000
1734.5,-3.6000
1736.4,-3.6200
1737.2,-3.5100
1738.2,-3.4500
1739.0,-3.7100
1739.9,-3.9900
1740.7,-3.7000
1741.6,-3.6900
1742.5,-3.7000
1743.4,-3.6300
1744.4,-4.3000
1745.3,-3.9800
1747.0,-3.3500
1748.0,-3.5900
1749.0,-3.6600
1749.9,-3.4200
1750.8,-3.3400
1751.8,-3.4700
1753.6,-3.5600
1754.5,-3.1600
1755.4,-3.4400
1756.3,-3.6700
1757.2,-3.4600
1758.1,-3.6000
1759.1,-3.4400
1760.1,-3.6200
1761.0,-3.2100
1761.9,-3.6400
1762.8,-4.0200
1763.7,-3.9800
1764.6,-3.6100
1765.4,-3.8500
1766.3,-3.4900
1767.2,-3.7100
1768.2,-3.4000
1769.2,-3.6400
1770.2,-3.2700
1771.0,-3.0100
1771.9,-3.2500
1772.3,-3.9800
1772.6,-3.1000
1773.0,-3.2900
1773.3,-3.6500
1773.6,-3.7800
1774.0,-3.2100
1774.4,-3.5000
1774.7,-3.8600
1775.1,-3.3300
1775.4,-3.1100
1775.8,-3.0400
1776.1,-3.3500
1776.5,-3.1500
1776.9,-3.2200
1777.2,-3.4200
1777.5,-3.3600
1777.8,-3.5000
1778.2,-3.4700
1778.5,-3.2700
1778.9,-3.2300
1779.3,-3.1000
1779.6,-3.3700
1780.0,-3.7700
1780.4,-3.4400
1780.8,-3.2600
1781.2,-3.5800
1781.5,-3.2000
1781.8,-3.1700
1782.2,-3.2800
1782.5,-3.1800
1782.9,-3.4100
1783.3,-3.1000
1783.6,-3.1100
1784.0,-3.1700
1784.3,-3.0700
1784.7,-3.1400
1785.0,-3.2300
1785.3,-3.1300
1785.6,-3.1500
1785.9,-3.1700
1786.3,-3.0900
1786.6,-3.1900
1787.0,-3.0900
1787.3,-3.3900
1787.6,-3.2700
1788.0,-3.1200
1788.3,-3.3600
1788.7,-3.5400
1789.0,-3.4500
1789.4,-3.4600
1789.7,-4.6900
1790.1,-3.6800
1790.5,-4.2100
1790.8,-3.4700
1791.2,-3.9500
1791.6,-3.6500
1791.9,-3.7500
1792.3,-3.5800
1792.6,-3.7100
1793.0,-4.1700
1793.3,-4.1500
1793.6,-4.1800
1793.9,-4.0800
1794.2,-4.0800
1794.6,-3.9200
1794.9,-3.9500
1795.3,-3.9400
1795.6,-3.8900
1796.0,-3.7300
1796.3,-3.5900
1796.7,-3.5600
1797.1,-3.5000
1797.4,-3.7000
1797.7,-3.7100
1798.1,-3.6900
1798.4,-3.6000
1798.7,-3.7600
1799.0,-3.9000
1799.3,-3.6800
1799.7,-3.1600
1800.0,-3.4800
1800.4,-3.2700
1800.7,-3.5700
1801.1,-3.3800
1801.5,-3.2200
1801.9,-2.9900
1802.3,-3.4800
1802.6,-3.3900
1803.0,-3.5100
1803.3,-3.0200
1803.7,-3.0300
1804.0,-3.6900
1804.4,-3.2400
1804.9,-3.3700
1805.2,-3.2200
1805.6,-3.3000
1806.0,-3.4800
1806.3,-3.6100
1806.7,-3.4200
1807.1,-4.1700
1807.4,-2.7000
1807.7,-3.3400
1808.1,-3.3100
1808.4,-3.3500
1808.7,-3.2700
1809.1,-3.2600
1809.4,-3.2900
1809.8,-3.2200
1810.1,-3.2900
1810.4,-3.2200
1810.7,-3.0000
1811.1,-3.2200
1811.4,-3.3200
1811.7,-3.3300
1812.0,-4.2200
1812.4,-3.6900
1812.7,-3.7900
1813.1,-3.8600
1813.5,-3.6500
1813.8,-4.1500
1814.2,-4.3900
1814.5,-4.3300
1814.9,-4.4500
1815.2,-4.4800
1815.5,-4.1300
1815.8,-4.2300
1816.2,-4.2800
1816.6,-4.2800
1816.9,-4.1900
1817.4,-4.2200
1817.7,-4.2200
1818.1,-4.4200
1818.6,-4.2900
1818.9,-4.2000
1819.3,-4.2500
1819.7,-3.7900
1820.1,-4.1800
1820.4,-4.0900
1820.8,-4.2500
1821.1,-4.0600
1821.5,-4.0400
1823.0,-4.4800
1823.3,-3.9900
1823.6,-4.1400
1824.0,-3.9800
1824.3,-4.1300
1824.6,-3.9600
1825.0,-4.0800
1825.3,-4.0100
1825.6,-4.0200
1825.9,-4.0300
1826.3,-4.0100
1826.6,-3.9500
1826.9,-4.0500
1827.3,-4.0800
1827.7,-4.0100
1828.1,-4.1200
1828.4,-4.0500
1828.8,-4.0800
1829.1,-4.0800
1829.4,-3.9900
1829.8,-4.1900
1830.1,-4.1000
1830.5,-4.0900
1830.8,-4.2900
1831.1,-4.0400
1831.5,-4.1200
1831.8,-4.0400
1832.1,-4.1100
1832.4,-4.0900
1832.7,-4.2600
1833.1,-3.6600
1833.5,-3.6300
1833.8,-3.7500
1834.2,-3.5300
1834.5,-3.6800
1834.9,-3.6500
1835.2,-3.5700
1835.5,-3.6000
1835.9,-3.5800
1836.3,-3.7000
1836.6,-3.7300
1836.9,-3.7700
1837.2,-3.8400
1837.5,-3.8900
1837.9,-3.8400
1838.3,-3.7800
1838.7,-3.9100
1839.0,-3.8100
1839.4,-3.6900
1839.7,-3.7300
1840.0,-3.8400
1840.3,-3.7500
1840.7,-3.6700
1841.1,-3.7700
1841.5,-3.6900
1841.9,-3.8800
1842.2,-3.7900
1842.6,-3.8400
1842.9,-3.6200
1843.3,-3.6100
1843.6,-3.5600
1843.9,-3.7400
1844.3,-3.7000
1844.6,-3.6600
1845.0,-3.5500
1845.3,-3.6200
1845.6,-3.6400
1846.0,-3.4700
1846.4,-3.4200
1846.7,-3.8800
1847.1,-3.8600
1847.4,-3.9600
1847.7,-4.1000
1848.0,-3.7800
1848.4,-3.9400
1848.7,-3.8800
1849.0,-3.9600
1849.3,-3.8200
1849.7,-3.9800
1850.0,-3.8600
1850.4,-3.5200
1850.7,-3.7000
1851.0,-3.7800
1851.4,-3.7400
1851.8,-3.6900
1852.2,-3.2400
1852.5,-3.8300
1852.9,-3.7300
1853.3,-3.8100
1853.6,-3.8300
1854.0,-4.2700
1854.4,-3.9400
1854.7,-3.5200
1855.1,-4.2200
1855.4,-3.6500
1855.7,-3.5800
1856.1,-4.0700
1856.4,-4.0600
1856.8,-3.8600
1857.1,-3.3300
1857.5,-3.7100
1857.9,-3.5800
1858.2,-4.1000
1858.6,-3.4500
1858.9,-3.4300
1859.3,-3.5200
1859.7,-3.5500
1860.0,-3.5400
1860.4,-3.4100
1860.8,-3.5800
1861.1,-3.5500
1861.5,-3.6500
1861.8,-3.8300
1862.2,-3.6500
1862.6,-3.7300
1863.0,-3.7500
1863.3,-3.5600
1863.6,-3.6500
1863.9,-3.6800
1864.3,-3.5600
1864.6,-3.6600
1864.9,-3.6900
1865.3,-3.5800
1865.6,-3.4800
1866.0,-3.6000
1866.3,-3.6100
1866.7,-3.5800
1867.0,-3.8600
1867.3,-3.6500
1867.6,-3.6200
1868.0,-3.6900
1868.4,-3.5900
1868.8,-3.4900
1869.1,-3.6200
1869.4,-3.3200
1869.8,-3.3400
1870.1,-3.3000
1870.5,-3.3100
1870.9,-3.2700
1871.3,-3.3000
1871.7,-3.3000
1872.0,-3.3600
1872.3,-3.3100
1872.7,-3.3600
1873.4,-3.5700
1873.8,-3.6600
1874.2,-3.5700
1874.5,-3.6600
1874.9,-3.6700
1875.5,-3.3900
1876.0,-3.4800
1876.5,-3.5000
1877.0,-3.7500
1877.5,-3.4200
1878.1,-3.3000
1878.6,-3.2800
1879.1,-3.3000
1879.7,-3.1500
1880.2,-3.2000
1880.8,-3.1900
1881.4,-3.1700
1881.9,-3.2500
1882.5,-3.2700
1883.1,-3.2000
1883.6,-3.1800
1884.2,-2.9400
1884.7,-3.0100
1885.3,-3.2800
1885.8,-3.2600
1886.4,-3.2800
1886.9,-3.4800
1887.4,-3.4400
1888.0,-3.4600
1888.6,-3.4100
1889.2,-3.6700
1889.7,-3.3900
1890.2,-3.5800
1890.8,-3.4700
1891.3,-3.4300
1891.8,-3.3100
1892.3,-3.4500
1892.9,-3.3200
1893.5,-3.4100
1894.0,-3.2700
1894.6,-3.4400
1895.2,-3.4300
1895.7,-3.6200
1896.3,-3.5500
1896.9,-3.2800
1897.4,-3.6100
1898.0,-3.3600
1898.5,-3.6600
1899.1,-3.4100
1899.6,-3.4000
1900.2,-3.5400
1900.8,-3.6600
1901.3,-3.3500
1901.9,-3.2200
1902.5,-3.3400
1903.0,-3.3400
1903.6,-3.3900
1904.1,-3.6100
1904.7,-3.6800
1905.3,-3.3100
1905.8,-3.2300
1906.4,-3.1000
1907.0,-3.1400
1907.5,-3.1000
1908.1,-3.3700
1908.6,-3.4200
1909.2,-3.3100
1909.7,-3.3900
1910.3,-3.2300
1910.8,-3.1900
1911.4,-3.1600
1911.9,-3.3000
1912.5,-3.1700
1913.0,-3.3700
1913.5,-3.3900
1914.1,-3.3900
1914.6,-3.3900
1915.2,-3.3100
1915.8,-3.3600
1916.3,-3.1700
1916.9,-3.1500
1917.4,-3.3200
1918.0,-3.1700
1918.6,-3.1200
1919.1,-3.0400
1919.7,-4.0300
1920.3,-3.3700
1920.9,-3.2000
1921.5,-3.1400
1922.0,-3.2500
1922.6,-3.1800
1923.2,-3.3100
1923.8,-3.3000
1924.3,-3.5400
1924.9,-3.4000
1925.5,-3.3800
1926.0,-3.6400
1926.6,-3.6200
1927.2,-3.5700
1927.7,-3.4100
1928.3,-3.6100
1928.8,-3.3700
1929.4,-3.4400
1930.0,-3.4400
1930.5,-3.3600
1931.0,-3.4700
1931.6,-3.6100
1932.2,-3.4700
1932.8,-3.4800
1933.4,-3.4800
1933.9,-3.4900
1934.5,-3.4600
1935.0,-3.5000
1935.6,-3.2800
1936.2,-3.1300
1936.8,-3.5700
1937.3,-3.5200
1937.9,-3.3100
1938.5,-3.3900
1939.0,-3.4900
1939.6,-3.4300
1940.2,-3.4700
1940.8,-3.5200
1941.4,-3.4700
1941.9,-3.4000
1942.4,-3.5800
1943.0,-3.5900
1943.6,-3.5100
1944.2,-3.4000
1944.7,-3.2900
1945.3,-3.2000
1945.8,-3.2400
1946.4,-3.3100
1946.5,-3.4000
1946.7,-3.5200
1946.9,-3.5400
1947.0,-3.5500
1947.2,-3.6000
1947.4,-3.5400
1947.6,-3.4500
1947.7,-3.4000
1947.9,-3.4800
1948.1,-3.5500
1948.2,-3.5400
1948.4,-3.6100
1948.5,-3.6200
1948.7,-3.1600
1948.8,-3.5000
1949.0,-3.3400
1949.2,-3.3900
1949.3,-3.3000
1949.5,-3.4500
1949.6,-3.4200
1949.8,-3.4500
1950.0,-3.3000
1950.1,-3.3800
1950.3,-3.2100
1950.4,-3.3100
1950.6,-3.1400
1950.8,-3.2200
1951.0,-3.1300
1951.1,-3.1200
1951.3,-3.1800
1951.4,-3.4000
1951.6,-3.4000
1951.8,-3.4500
1952.0,-3.3800
1952.1,-3.3600
1952.3,-3.1500
1952.5,-3.1300
1952.7,-3.3400
1952.8,-3.3500
1953.0,-3.1900
1953.2,-3.2900
1953.4,-3.3900
1953.6,-3.3500
1953.9,-3.2500
1954.1,-3.2800
1954.2,-3.2400
1954.4,-3.2800
1955.2,-3.2800
1956.1,-3.4100
1956.9,-3.4800
1957.8,-3.4600
1958.6,-3.5300
1959.5,-3.4400
1960.3,-3.3100
1961.2,-3.3800
1962.0,-3.1900
1962.9,-3.3300
1963.8,-3.1500
1964.6,-3.2500
1965.5,-3.2600
1966.4,-3.4100
1967.2,-3.4400
1968.0,-3.5000
1968.9,-3.3800
1969.7,-3.4500
1970.6,-3.4200
1971.4,-3.4200
1972.2,-3.3100
1973.0,-3.3900
1973.9,-3.4700
1974.7,-3.3200
1975.5,-3.4000
1976.4,-3.5000
1977.2,-3.3000
1978.1,-3.3300
1978.9,-3.4300
1979.8,-3.2800
1980.6,-3.3700
1981.5,-3.2800
1982.3,-3.0900
1983.2,-3.1500
1984.0,-3.2000
1984.8,-3.2000
1985.7,-3.4400
1986.5,-3.2500
1988.3,-3.2700
1990.1,-3.1200
1991.8,-3.1100
1993.6,-3.1400
1995.4,-3.0900
1997.1,-3.1000
1998.9,-3.1000
2000.7,-3.1700
2002.5,-3.1700
2004.2,-3.0400
2006.0,-2.9500
